file,line,qualname,time,space,n,freq,better,note
main.py,67,_check_stale_dist_binary,O(L),O(1),lines scanned in src/__init__.py before __version__,startup,optimal,Two file scans via nested _read_version; each stops at the first __version__ line.
main.py,78,_check_stale_dist_binary._read_version,O(L),O(1),lines in the version file,startup,optimal,"Iterates the handle line-by-line, so no whole-file copy."
main.py,161,_setup_faulthandler,O(1),O(1),-,startup,optimal,Returns a deliberately un-closed line-buffered handle held for process lifetime.
main.py,276,_get_crash_log_path,O(1),O(1),-,rare,optimal,Memoized into module global _CRASH_LOG_PATH; mkdir syscall only on the first call.
main.py,291,_crash_log,O(m),O(m),len(message),rare,optimal,"Reopens and closes the log file on every call; no handle reuse, flush per entry."
main.py,306,_install_diagnostic_hooks,O(1),O(1),-,startup,optimal,
main.py,314,_install_diagnostic_hooks._sys_excepthook,O(F),O(F),traceback frames,rare,optimal,traceback.format_exception materializes the whole frame chain as text.
main.py,326,_install_diagnostic_hooks._thread_excepthook,O(F),O(F),traceback frames,rare,optimal,
main.py,341,_install_asyncio_handler,O(1),O(1),-,startup,optimal,
main.py,344,_install_asyncio_handler._asyncio_exception_handler,O(F),O(F),traceback frames (or len(str(context)) on the no-exception path),rare,optimal,No-exception branch stringifies the whole asyncio context dict.
main.py,359,_install_qt_message_handler,O(1),O(1),-,startup,optimal,Builds a fixed 6-entry QtMsgType->name map.
main.py,376,_install_qt_message_handler._qt_message_handler,O(m),O(m),len(Qt message),unknown,optimal,Writes to the crash log for EVERY Qt message including QtDebugMsg — one open/write/close each.
main.py,399,_heartbeat_path,O(1),O(1),-,periodic,optimal,Not cached — issues a mkdir syscall on every 2s heartbeat call.
main.py,408,_write_heartbeat,O(1),O(1),-,periodic,optimal,2000 ms QTimer; open+write+close per beat.
main.py,417,main,O(A + B + E),O(B),"Stone Tablet assets A, saved bots B, exchange tabs E",startup,optimal,In-process term only; also runs a pip subprocess (60s timeout) and app.exec() blocks for the whole process life.
main.py,525,main._resolve_bot_symbol,O(1),O(1),-,per-trade,optimal,Dict lookup into BotManager._bots; called by LogManager for each logged trade.
main.py,725,SplashScreen.__init__,O(1),O(1),-,startup,optimal,Class is defined inside main(); qualname is main.SplashScreen.__init__.
main.py,755,SplashScreen._tick,O(1),O(1),-,per-paint,optimal,"25 ms timer; self.update() schedules the O(h) paintEvent, which is where the real cost lands."
main.py,782,SplashScreen._ease,O(1),O(1),-,rare,optimal,Dead code — never called; params t and end are accepted but unused (paintEvent inlines its own easing).
main.py,786,SplashScreen.paintEvent,O(h),O(1),screen height in pixels,per-paint,O(1) with a tiled 3px scanline QBrush,"for y in range(0,h,3) issues h/3 drawLine calls per frame at 40 fps; orb/trail loops are fixed 3x3."
main.py,929,SplashScreen.mousePressEvent,O(1),O(1),-,rare,optimal,
main.py,965,main.pump_async,O(R),O(1),ready asyncio callbacks drained this pump,periodic,optimal,50 ms QTimer; call_soon(stop)+run_forever drains the ready queue once per tick.
main.py,984,main.periodic_save,O(B*S),O(B*S),bots B x serialized state size S,periodic,optimal,Entire cost is BotManager.save_all_state() -> StateManager.save_state; 60 s cadence.
main.py,1009,main._trigger_auto_restart,O(B),O(B),bots in BotManager._bots,startup,optimal,"Builds the eligible list eagerly, then hands off to the _start_one QTimer chain."
main.py,1050,main._trigger_auto_restart._start_one,O(1),O(1),-,startup,optimal,Per-invocation O(1); the recursive singleShot chain is O(B) total across ~2.5 s per bot.
main.py,1078,main._trigger_auto_restart._start_one._verify_or_next,O(1),O(1),-,startup,optimal,Poll count bounded at VERIFY_TIMEOUT_S/POLL_INTERVAL_MS = 32 iterations per bot.
src/competition/bot_identity.py,68,TradeRecord.canonical_bytes,O(1),O(1),-,per-trade,optimal,9 fixed keys; json.dumps(sort_keys) sorts a constant-size dict
src/competition/bot_identity.py,86,TradeRecord.record_hash,O(1),O(1),-,per-trade,optimal,re-serializes via canonical_bytes on every call; no memoization
src/competition/bot_identity.py,90,TradeRecord.to_dict,O(1),O(1),-,per-trade,optimal,"asdict() recursively deep-copies, but this record is flat with 10 scalar fields"
src/competition/bot_identity.py,94,TradeRecord.from_dict,O(1),O(1),-,per-trade,optimal,
src/competition/bot_identity.py,118,BotIdentity.__init__,O(1),O(1),-,startup,optimal,
src/competition/bot_identity.py,128,BotIdentity.bot_id,O(1),O(1),-,per-trade,optimal,
src/competition/bot_identity.py,135,BotIdentity.short_id,O(1),O(1),-,per-paint,optimal,the [:12] slice allocates a new 12-char string each call
src/competition/bot_identity.py,139,BotIdentity.generate,O(1),O(1),-,startup,optimal,R29 path: when the key file exists this becomes load(); Ed25519 keygen is constant-cost crypto
src/competition/bot_identity.py,158,BotIdentity.load,O(1),O(1),-,startup,optimal,"the identity file is a fixed 5-key JSON blob, so the read+parse is constant-sized"
src/competition/bot_identity.py,175,BotIdentity.save,O(1),O(1),-,rare,optimal,
src/competition/bot_identity.py,194,BotIdentity.sign_trade,O(1),O(1),-,per-trade,optimal,Ed25519 sign over a constant-size canonical message; .hex() copies 64 bytes
src/competition/bot_identity.py,215,BotIdentity.verify_trade,O(1),O(1),-,per-trade,optimal,fromhex on fixed-length pubkey/sig; Ed25519 verify is constant-cost
src/competition/bot_identity.py,237,BotIdentity._generate_fallback,O(1),O(1),-,rare,optimal,"sets _fallback_secret, an attribute never declared in __init__"
src/competition/bot_identity.py,250,BotIdentity._load_fallback,O(1),O(1),-,rare,optimal,
src/competition/bot_identity.py,259,BotIdentity._fallback_sign,O(M),O(1),"M = len(msg), the canonical trade bytes (~200 B)",per-trade,optimal,"HMAC-SHA256 is linear in message length, unlike the constant-cost Ed25519 path"
src/competition/bot_identity.py,263,BotIdentity._fallback_verify,O(1),O(1),-,per-trade,optimal,"does no cryptography at all — a length check on the signature, hence the constant cost"
src/competition/challenge_protocol.py,36,elo_expected,O(1),O(1),-,rare,optimal,
src/competition/challenge_protocol.py,41,elo_update,O(1),O(1),-,rare,optimal,
src/competition/challenge_protocol.py,67,BotRating.total_games,O(1),O(1),-,rare,optimal,Property.
src/competition/challenge_protocol.py,71,BotRating.win_rate,O(1),O(1),-,rare,optimal,Property; reads total_games twice on the non-zero path.
src/competition/challenge_protocol.py,76,BotRating.to_dict,O(1),O(1),-,rare,optimal,Hand-written 7-field dict — no asdict deep copy.
src/competition/challenge_protocol.py,96,RatingRegistry.__init__,O(1),O(1),-,startup,optimal,
src/competition/challenge_protocol.py,101,RatingRegistry.get_or_create,O(1),O(1),-,rare,optimal,
src/competition/challenge_protocol.py,106,RatingRegistry.record_result,O(N + Hh),O(N + Hh),"N = rated bots, Hh = history entries",rare,O(1) amortized by appending to a JSONL history instead of rewriting,The rating math is O(1); self.save() re-serializes every rating and the entire history file on each recorded result.
src/competition/challenge_protocol.py,134,RatingRegistry.leaderboard,O(N log N),O(N),N = rated bots,rare,O(N log top_n) via heapq.nlargest,Sorts all ratings even though only top_n are returned.
src/competition/challenge_protocol.py,144,RatingRegistry.save,O(N + Hh),O(N + Hh),"N = ratings, Hh = history entries",rare,optimal,json.dumps(indent=2) builds the whole document in memory before the single write_text.
src/competition/challenge_protocol.py,151,RatingRegistry.load,O(N + Hh),O(N + Hh),"N = ratings, Hh = history entries",startup,optimal,read_text + json.loads pull the entire ledger into memory.
src/competition/challenge_protocol.py,183,ChallengeMessage.challenge_hash,O(1),O(1),-,rare,optimal,Fixed 8-field dict; sort_keys sorts 8 keys and sha256 hashes a short payload.
src/competition/challenge_protocol.py,198,create_challenge,O(1),O(1),-,rare,optimal,
src/competition/competition_engine.py,90,CompetitionEngine.__init__,O(1),O(1),-,startup,optimal,
src/competition/competition_engine.py,114,CompetitionEngine.register_bot,O(k),O(k),k = serialized size of the config dict,startup,optimal,Cost is the _hash_config canonical JSON dump plus SHA-256 over it
src/competition/competition_engine.py,142,CompetitionEngine.open,O(1),O(1),-,rare,optimal,
src/competition/competition_engine.py,158,CompetitionEngine.record_trade,O(1),O(1),-,per-trade,optimal,log.append is amortized O(1) (hash + list append); the Ed25519 sign/verify are constant but heavy
src/competition/competition_engine.py,191,CompetitionEngine.close,O(1),O(1),-,rare,optimal,
src/competition/competition_engine.py,203,CompetitionEngine.submit,O(T),O(T),T = trades in the bot's Merkle log,rare,O(log T),"log.root calls merkle_root(self._leaves), rebuilding the whole tree; an incremental tree caches internal nodes"
src/competition/competition_engine.py,240,CompetitionEngine.adjudicate,O(P log P),O(P),P = performance submissions,rare,optimal,Sort dominates; each ranked bot also triggers a TokenLedger.award and _save_result writes all P entries
src/competition/competition_engine.py,335,CompetitionEngine.results_table,O(P),O(P),P = ranked submissions in the result,rare,optimal,"Accumulates into a list then joins once, avoiding the O(P^2) string-concat trap"
src/competition/competition_engine.py,365,CompetitionEngine._hash_config,O(k log k),O(k),k = keys/bytes in the config dict,startup,optimal,sort_keys=True forces a key sort; SHA-256 is linear in the serialized bytes
src/competition/competition_engine.py,370,CompetitionEngine._save_result,O(P),O(P),P = submissions serialized into the result JSON,rare,optimal,json.dumps builds the whole document in memory before write_text
src/competition/local_testnet.py,48,_fake_hash,O(len(seed)),O(1),len(seed) chars,rare,optimal,sha256 over seed+time_ns+uuid4; output is fixed 64 hex chars
src/competition/local_testnet.py,53,_fake_addr,O(len(seed)),O(1),len(seed) chars,rare,optimal,
src/competition/local_testnet.py,70,TxRecord.to_dict,O(size(args)),O(size(args)),keys/values in the args dict,rare,O(fields) via vars(self) shallow copy,dataclasses.asdict() deep-copies the nested args dict recursively
src/competition/local_testnet.py,82,Block.to_dict,O(len(transactions)),O(len(transactions)),tx hashes in the block,rare,O(fields) via vars(self) shallow copy,asdict() deep-copies the transactions list
src/competition/local_testnet.py,95,ChainEvent.to_dict,O(size(args)),O(size(args)),keys/values in the args dict,rare,O(fields) via vars(self) shallow copy,asdict() deep-copies the nested args dict recursively
src/competition/local_testnet.py,107,LocalChain.__init__,O(1),O(1),-,startup,optimal,
src/competition/local_testnet.py,114,LocalChain._genesis,O(1),O(1),-,startup,optimal,
src/competition/local_testnet.py,123,LocalChain.mine,O(len(txs)),O(len(txs)),transactions in this block,rare,optimal,_blocks list grows without bound for the process lifetime
src/competition/local_testnet.py,143,LocalChain.emit,O(1),O(1),-,rare,optimal,amortized O(1) append; _events grows unbounded
src/competition/local_testnet.py,152,LocalChain.send_tx,O(1),O(1),-,rare,optimal,cost is one mine([tx]) call with a single-element list
src/competition/local_testnet.py,168,LocalChain.block_number,O(1),O(1),-,periodic,optimal,
src/competition/local_testnet.py,173,LocalChain.latest_blocks,O(1),O(1),-,periodic,optimal,slice + reversed both copy but the window is fixed at 20 blocks
src/competition/local_testnet.py,177,LocalChain.latest_events,O(1),O(1),-,periodic,optimal,slice + reversed both copy but the window is fixed at 50 events
src/competition/local_testnet.py,180,LocalChain.get_tx,O(1),O(1),-,rare,optimal,
src/competition/local_testnet.py,191,LocalACRV.__init__,O(1),O(1),-,startup,optimal,
src/competition/local_testnet.py,199,LocalACRV.mint,O(1),O(1),-,rare,optimal,amortized O(1); _mint_log append is unbounded growth
src/competition/local_testnet.py,237,LocalACRV.balance_of,O(1),O(1),-,rare,optimal,
src/competition/local_testnet.py,240,LocalACRV.total_supply,O(1),O(1),-,periodic,optimal,
src/competition/local_testnet.py,243,LocalACRV.remaining_supply,O(1),O(1),-,periodic,optimal,
src/competition/local_testnet.py,246,LocalACRV.cap_reached,O(1),O(1),-,rare,optimal,
src/competition/local_testnet.py,249,LocalACRV.supply_summary,O(H + M),O(H),"H = holder addresses, M = mint-log entries",periodic,O(1) with running holder count + tier counters kept in mint(),holders dict-comp scans all balances; tier_counts re-scans the whole mint log every call
src/competition/local_testnet.py,273,LocalRegistry.__init__,O(1),O(1),-,startup,optimal,
src/competition/local_testnet.py,289,LocalRegistry.set_mock_price,O(1),O(1),-,rare,optimal,
src/competition/local_testnet.py,292,LocalRegistry.get_latest_price,O(1),O(1),-,per-request,optimal,
src/competition/local_testnet.py,298,LocalRegistry.open_competition,O(1),O(1),-,rare,optimal,
src/competition/local_testnet.py,316,LocalRegistry.register_bot,O(1),O(1),-,rare,optimal,"config_hash.hex() is O(32) fixed; membership test is against a dict, not a list"
src/competition/local_testnet.py,332,LocalRegistry.activate,O(1),O(1),-,rare,optimal,
src/competition/local_testnet.py,340,LocalRegistry.close_for_submission,O(1),O(1),-,rare,optimal,
src/competition/local_testnet.py,349,LocalRegistry.submit_result,O(1),O(1),-,rare,optimal,merkle_root.hex() is called twice on a fixed 32-byte root
src/competition/local_testnet.py,382,LocalRegistry.adjudicate,O(1),O(1),-,rare,optimal,
src/competition/local_testnet.py,413,LocalRegistry.total_competitions,O(1),O(1),-,periodic,optimal,
src/competition/local_testnet.py,416,LocalRegistry._require_comp,O(1),O(1),-,rare,optimal,
src/competition/local_testnet.py,437,LocalTestnet.__init__,O(1),O(1),-,startup,optimal,
src/competition/local_testnet.py,444,LocalTestnet.is_connected,O(1),O(1),-,periodic,optimal,hardcoded True; ignores self._connected
src/competition/local_testnet.py,448,LocalTestnet.explorer_url,O(1),O(1),-,rare,optimal,
src/competition/local_testnet.py,453,LocalTestnet.open_competition_onchain,O(1),O(1),-,rare,optimal,
src/competition/local_testnet.py,458,LocalTestnet.register_bot_onchain,O(c log c),O(c),c = keys in the config dict,rare,O(c) if the config is serialized once and cached by the caller,json.dumps(sort_keys=True) sorts the keys; the serialized string is then sha256'd
src/competition/local_testnet.py,470,LocalTestnet.activate_competition_onchain,O(1),O(1),-,rare,optimal,
src/competition/local_testnet.py,474,LocalTestnet.close_for_submission_onchain,O(1),O(1),-,rare,optimal,
src/competition/local_testnet.py,479,LocalTestnet.submit_result_onchain,O(1),O(1),-,rare,optimal,"ljust(64) pads to a fixed width; lstrip('0x') strips a char set, not a prefix"
src/competition/local_testnet.py,494,LocalTestnet.adjudicate_onchain,O(1),O(1),-,rare,optimal,
src/competition/local_testnet.py,509,LocalTestnet.get_balance,O(1),O(1),-,periodic,optimal,
src/competition/local_testnet.py,512,LocalTestnet.get_total_supply,O(1),O(1),-,periodic,optimal,
src/competition/local_testnet.py,515,LocalTestnet.get_remaining_supply,O(1),O(1),-,periodic,optimal,
src/competition/local_testnet.py,518,LocalTestnet.get_latest_price,O(1),O(1),-,per-request,optimal,
src/competition/local_testnet.py,525,LocalTestnet.set_mock_price,O(1),O(1),-,rare,optimal,
src/competition/local_testnet.py,529,LocalTestnet.get_competition_stats,O(H + M),O(H),"H = holder addresses, M = mint-log entries",periodic,O(1) if supply_summary kept running counters,entire cost is the LocalACRV.supply_summary() scan of balances and the mint log
src/competition/local_testnet.py,548,LocalTestnet.tx_url,O(1),O(1),-,rare,optimal,
src/competition/local_testnet.py,553,LocalTestnet.chain,O(1),O(1),-,periodic,optimal,
src/competition/local_testnet.py,557,LocalTestnet.acrv,O(1),O(1),-,periodic,optimal,
src/competition/local_testnet.py,561,LocalTestnet.registry,O(1),O(1),-,periodic,optimal,
src/competition/local_testnet.py,567,LocalTestnet.run_demo_competition,O(n_bots * P),O(n_bots + P),"n_bots x P, P = 120 synthetic price points",rare,optimal,inner loop is 120 prices per bot; per-trade cost also includes engine.record_trade merkle-log append
src/competition/merkle_log.py,33,_sha256,O(len(data)),O(1),bytes in the input buffer,per-trade,optimal,
src/competition/merkle_log.py,36,_node_hash,O(1),O(1),-,per-trade,optimal,"Inputs are always two 64-char hex digests, so the concat+hash is fixed-size."
src/competition/merkle_log.py,39,_build_tree,O(L),O(L),leaf hashes (L) = trades in the log,per-trade,optimal,Geometric level sizes sum to O(L); the `level + [level[-1]]` odd-padding copies a level but stays within O(L).
src/competition/merkle_log.py,58,merkle_root,O(L),O(L),leaf hashes (L) = trades in the log,per-trade,O(log L) per append,Rebuilds the entire tree from scratch every call; nothing is cached between calls.
src/competition/merkle_log.py,63,merkle_proof,O(L),O(L),leaf hashes (L) = trades in the log,rare,O(log L),Proof walk itself is O(log L); the O(L) is the full _build_tree done first. A cached tree makes this O(log L).
src/competition/merkle_log.py,85,verify_proof,O(log L),O(1),proof steps = log2(trades in the log),rare,optimal,
src/competition/merkle_log.py,112,MerkleTradeLog.__init__,O(1),O(1),-,startup,optimal,
src/competition/merkle_log.py,123,MerkleTradeLog.append,O(1),O(1),-,per-trade,optimal,Amortized O(1): Ed25519 verify + record_hash are fixed-cost. The docstring claims it recomputes the root; it does not.
src/competition/merkle_log.py,155,MerkleTradeLog.root,O(L),O(L),trades in the log (L),per-trade,O(log L) per append,A property that rebuilds the whole tree on every attribute access; proof_for reads it in addition to merkle_proof's own build.
src/competition/merkle_log.py,160,MerkleTradeLog.size,O(1),O(1),-,rare,optimal,
src/competition/merkle_log.py,163,MerkleTradeLog.proof_for,O(L),O(L),trades in the log (L),rare,O(log L),"Linear seq scan plus TWO independent full tree builds (merkle_proof, then self.root)."
src/competition/merkle_log.py,183,MerkleTradeLog.verify_inclusion,O(L),O(L),trades in the log (L),rare,O(log L),Cost is proof_for's two tree builds; verify_proof itself is only O(log L).
src/competition/merkle_log.py,195,MerkleTradeLog.submission_summary,O(L),O(L),trades in the log (L),rare,O(1),Everything else is O(1) indexing; the O(L) is the self.root tree rebuild.
src/competition/merkle_log.py,219,MerkleTradeLog.save,O(L),O(L),trades in the log (L),periodic,optimal,Despite the append-only docstring this rewrites the whole file: to_dict per record plus a full tree rebuild for the root.
src/competition/merkle_log.py,233,MerkleTradeLog.load,O(L),O(L),records in the persisted log file (L),startup,optimal,One record_hash per record; appends onto existing lists rather than replacing them.
src/competition/season_schedule.py,23,season_reward,O(1),O(1),-,rare,optimal,
src/competition/season_schedule.py,34,cumulative_supply,O(S),O(1),S = through_season,rare,O(1),Sums the geometric series term by term; a closed form exists (floor clamp aside).
src/competition/season_schedule.py,52,RarityTier.qualifies,O(1),O(1),-,rare,optimal,
src/competition/season_schedule.py,115,classify_tier,O(1),O(1),-,rare,optimal,Fixed cascade of 5 threshold tests against the TIER_BY_NAME dict.
src/competition/token_ledger.py,41,AwardRecord.to_dict,O(1),O(1),-,rare,optimal,
src/competition/token_ledger.py,56,AwardRecord.from_dict,O(1),O(1),-,startup,optimal,
src/competition/token_ledger.py,72,TokenLedger.__init__,O(1),O(1),-,startup,optimal,
src/competition/token_ledger.py,79,TokenLedger.award,O(E),O(E),"E = len(self._events), total award records in the ledger",rare,O(1) amortized with running totals plus a JSONL append,"three separate full-list sums (total_minted, season_minted, tier count) plus save(), which re-serializes the entire ledger"
src/competition/token_ledger.py,140,TokenLedger.balance,O(E),O(1),E = total award events in the ledger,per-request,O(1) with a bot_id -> running-balance dict,
src/competition/token_ledger.py,146,TokenLedger.awards,O(E + A log A),O(A),E = total events; A = awards belonging to this bot,per-request,O(A log A) with a bot_id -> award-list index,filters the whole event list before sorting the survivors
src/competition/token_ledger.py,154,TokenLedger.total_minted,O(E),O(1),E = total award events,per-request,O(1) with a running total maintained in award(),
src/competition/token_ledger.py,157,TokenLedger.remaining_ever,O(E),O(1),E = total award events,per-request,O(1) with a running total,cost is entirely total_minted()'s full scan
src/competition/token_ledger.py,160,TokenLedger.season_minted,O(E),O(1),E = total award events,per-request,O(1) with a per-season running total,
src/competition/token_ledger.py,163,TokenLedger.leaderboard,O(N*E + H log H),O(H),N = top_n; E = total events; H = distinct holders,per-request,O(E + H log H) by bucketing tier names per bot in the same tally pass,the result comprehension calls awards(bid) per row — each is a fresh full O(E) scan plus a sort
src/competition/token_ledger.py,175,TokenLedger.supply_summary,O(E),O(T + H),E = total events; T = distinct tiers; H = distinct holders,per-request,O(E) in a single pass,"walks the event list five times: tier counts, total_minted twice, remaining_ever, and the holder set"
src/competition/token_ledger.py,190,TokenLedger.save,O(E),O(E),E = total award events,rare,O(1) per append using a JSONL append-only file,rewrites the whole ledger despite the append-only design; to_dict per event allocates a full second copy
src/competition/token_ledger.py,201,TokenLedger.load,O(E),O(E),E = award events stored in the ledger file,startup,optimal,"appends to _events without clearing, so calling load() twice duplicates every record"
src/competition/token_ledger.py,212,TokenLedger._event_id,O(1),O(1),-,rare,optimal,
src/competition/trophy_generator.py,11,TrophyData.rank_pct,O(1),O(1),-,rare,optimal,
src/competition/trophy_generator.py,13,TrophyData.short_comp,O(1),O(1),-,rare,optimal,"Slice copies at most 12 chars — bounded, so O(1)."
src/competition/trophy_generator.py,15,_poly,O(n),O(n),n = polygon vertices,rare,optimal,"Uses ' '.join over a generator rather than += in a loop, so no quadratic string build."
src/competition/trophy_generator.py,19,harvest_svg,O(1),O(1),-,rare,one pass via str.format instead of 3 chained replaces,Literal SVG is a fixed ~10 KB constant; 3 chained .replace() calls each copy the entire string.
src/competition/trophy_generator.py,42,gold_fold_svg,O(1),O(1),-,rare,one pass via str.format instead of 3 chained replaces,Fixed-size literal; 3 chained .replace() calls = 3 full-string copies per call.
src/competition/trophy_generator.py,75,bear_slayer_svg,O(1),O(1),-,rare,one pass via str.format instead of 3 chained replaces,Fixed-size literal; 3 chained .replace() calls = 3 full-string copies per call.
src/competition/trophy_generator.py,115,grand_accumulator_svg,O(1),O(1),-,rare,one pass via str.format instead of 3 chained replaces,Fixed-size literal; 3 chained .replace() calls = 3 full-string copies per call.
src/competition/trophy_generator.py,142,ekthelius_svg,O(1),O(1),-,rare,one pass via str.format instead of 3 chained replaces,Largest literal of the five; 3 chained .replace() calls = 3 full-string copies per call.
src/competition/trophy_generator.py,180,generate_trophy,O(1),O(1),-,rare,optimal,Dict dispatch then delegates to one of the five fixed-size SVG builders.
src/competition/trophy_generator.py,185,generate_preview_html,O(T^2),O(T),T = tiers (fixed at 5),rare,O(T) with ''.join over a list of card strings,cards += inside the loop rebuilds the whole accumulated HTML each iteration; harmless at T=5 but the pattern is quadratic.
src/core/encryption.py,56,derive_key,O(I),O(1),"I = _KDF_ITERATIONS (600,000, fixed)",rare,optimal,"600k PBKDF2-HMAC-SHA256 rounds is a deliberate work factor: hundreds of ms per call, independent of passphrase length."
src/core/encryption.py,80,encrypt,O(I),O(L),I = 600k KDF iterations; L = len(plaintext) secondary,rare,O(L) after a one-time derive,Derives a fresh salt AND re-runs the full 600k-iteration KDF on every call; storing 3 credentials pays it 3 times.
src/core/encryption.py,101,decrypt,O(I),O(L),I = 600k KDF iterations; L = ciphertext length,rare,O(L) after a one-time derive,blob[:16] / [16:28] / [28:] are three copying slices; the 600k-iteration re-derivation still dominates.
src/core/encryption.py,128,_fallback_encrypt,O(L),O(L),L = len(data),rare,optimal,Byte-at-a-time XOR through a zip generator plus a full-length keystream; only reached when cryptography is missing.
src/core/encryption.py,142,_fallback_decrypt,O(L),O(L),L = len(ct_and_tag),rare,optimal,ct_and_tag[-32:] and [:-32] both copy; keystream regenerated at full length.
src/core/encryption.py,154,_kdf_stream,O(L),O(L),L = requested stream length,rare,optimal,One pbkdf2_hmac call per 32 bytes; blocks list plus the b''.join copy hold ~2x the stream simultaneously.
src/core/encryption.py,185,KeyringManager.__init__,O(1),O(1),-,startup,optimal,"First construction imports the keyring package and probes the OS backend; real cost is IO/import, not algorithmic."
src/core/encryption.py,210,KeyringManager.has_secure_backend,O(1),O(1),-,rare,optimal,
src/core/encryption.py,214,KeyringManager._require_backend_or_allowed,O(1),O(1),-,rare,optimal,
src/core/encryption.py,225,KeyringManager.store,O(1),O(1),-,rare,optimal,Constant in inputs; the keyring path is a blocking OS credential-store IPC round-trip.
src/core/encryption.py,233,KeyringManager.retrieve,O(1),O(1),-,rare,optimal,Constant in inputs; the keyring path is a blocking OS credential-store IPC round-trip.
src/core/encryption.py,241,KeyringManager.delete,O(1),O(1),-,rare,optimal,
src/core/encryption.py,263,EncryptedCredential.to_dict,O(1),O(1),-,rare,optimal,"Hand-written 4-field dict, so no asdict() deep copy."
src/core/encryption.py,272,EncryptedCredential.from_dict,O(1),O(1),-,rare,optimal,
src/core/encryption.py,293,CredentialVault.__init__,O(1),O(1),-,startup,optimal,Holds the master passphrase in plaintext for the object's lifetime.
src/core/encryption.py,298,CredentialVault.store,O(I),O(1),"I = 600k KDF iterations, run 2-3x",rare,O(1) extra if the key were derived once per vault,"Two or three independent encrypt() calls, each paying a full 600k-iteration derivation with a fresh salt."
src/core/encryption.py,308,CredentialVault.retrieve,O(I),O(1),"I = 600k KDF iterations, run 2-3x",rare,O(1) extra if the key were derived once per vault,"Two or three decrypt() calls, each re-deriving from its own stored salt; ~1s wall clock for a 3-field credential."
src/core/encryption.py,323,CredentialVault.has_exchange,O(1),O(1),-,rare,optimal,"Membership against a dict, not a list."
src/core/encryption.py,326,CredentialVault.list_exchanges,O(E),O(E),E = exchanges stored,rare,optimal,
src/core/encryption.py,330,CredentialVault.to_dict,O(E),O(E),E = exchanges stored,rare,optimal,
src/core/encryption.py,333,CredentialVault.load_from_dict,O(E),O(E),E = len(data),startup,optimal,"Merges into the existing map rather than replacing it, so prior entries survive a load."
src/core/event_bus.py,41,Event.__getattr__,O(1),O(1),-,per-tick,optimal,"only invoked on attribute miss, so real dataclass fields never pay this cost"
src/core/event_bus.py,83,EventBus.__init__,O(1),O(1),-,startup,optimal,
src/core/event_bus.py,89,EventBus.subscribe,O(1),O(1),-,startup,optimal,amortized O(1) list append under the lock; also allocates the unsubscribe closure
src/core/event_bus.py,120,EventBus.subscribe.unsubscribe,O(S),O(1),subscribers registered on that one topic,rare,O(1) with a dict of id(sub) -> slot plus tombstoning,"list.remove compares by dataclass __eq__ (field-wise), not identity, so equal-looking subscribers can be removed out of order"
src/core/event_bus.py,129,EventBus.emit,O(P * S_p + H),O(M),"P = registered patterns, S_p = subs per pattern, H = 1000 history cap, M = matching subs",per-tick,O(matching subs) by dict-indexing exact topics and scanning only wildcard patterns,scans EVERY pattern on every emit; once history is full each emit also re-slices 1000 events
src/core/event_bus.py,172,EventBus.get_history,O(limit),O(limit),limit (default 50),periodic,optimal,"the topic filter applies AFTER the tail slice, so filtering searches only the last `limit` events, not the whole history"
src/core/event_bus.py,182,EventBus.clear,O(P + H),O(1),registered patterns + history entries,rare,optimal,
src/core/event_bus.py,190,EventBus._matches,O(len(pattern)),O(1),len(pattern),per-tick,optimal,pattern[:-2] copies the prefix and startswith builds prefix + '.' on every wildcard test
src/core/event_bus.py,207,get_event_bus,O(1),O(1),-,rare,optimal,double-checked locking; the fast path skips the lock entirely
src/core/execution_discipline.py,72,classify_symbol,O(m),O(m),"len(symbol) — a ticker, so effectively constant",per-trade,optimal,"upper()/split() allocate; class membership tests are set lookups, not list scans."
src/core/execution_discipline.py,90,verify_min_profit,O(m),O(m),len(symbol),per-trade,optimal,Cost is classify_symbol; the tolerance lookup itself is a dict hit.
src/core/execution_discipline.py,101,fill_price,O(1),O(1),-,per-trade,optimal,Single random.gauss draw.
src/core/execution_discipline.py,117,verify_hit,O(S),O(1),VERIFY_MAX_SAMPLES = 5,per-trade,optimal,Sample loop is hard-capped at 5; each iteration is one fill_price draw plus a drift check.
src/core/feature_telemetry.py,115,FeatureCounter.total_skips,O(K),O(1),distinct skip-reason keys (capped at 25),rare,O(1) with a running total incremented in record_skip,Property re-sums the dict on every access; called twice per counter inside report_lines.
src/core/feature_telemetry.py,119,FeatureCounter.total_exceptions,O(K),O(1),distinct exception-type keys (capped at 25),rare,O(1) with a running total incremented in record_exception,Same re-summing property shape as total_skips.
src/core/feature_telemetry.py,123,FeatureCounter.is_dead,O(1),O(1),-,rare,optimal,
src/core/feature_telemetry.py,129,FeatureCounter.is_dead_this_session,O(1),O(1),-,rare,optimal,
src/core/feature_telemetry.py,135,FeatureCounter.to_dict,O(K),O(K),distinct skip + exception keys (<=50),rare,optimal,dict(self.skips) and dict(self.exceptions) each copy; needed so the payload can't alias live state.
src/core/feature_telemetry.py,146,FeatureCounter.from_dict,O(K),O(K),distinct skip + exception keys in the persisted row,startup,optimal,Two dict comprehensions rebuild both maps with str/int coercion.
src/core/feature_telemetry.py,168,FeatureTelemetry.__init__,O(F*K),O(F*K),"persisted feature records F, keys per record K",startup,optimal,Cost is entirely self.load() when autoload=True: whole-file JSON parse plus one from_dict per record.
src/core/feature_telemetry.py,184,FeatureTelemetry.declare,O(M),O(M),names passed in,startup,optimal,"Set add + dict setdefault per name, all under one RLock acquisition."
src/core/feature_telemetry.py,201,FeatureTelemetry._counter,O(1),O(1),-,per-tick,optimal,Dict get with lazy insert; caller already holds the lock.
src/core/feature_telemetry.py,208,FeatureTelemetry.record_call,O(1),O(1),-,per-tick,optimal,Hottest path in the module: one time.time() call and one RLock acquire per recorded work unit.
src/core/feature_telemetry.py,221,FeatureTelemetry.record_skip,O(1),O(1),-,per-tick,optimal,str(reason)[:120] slices (copies) the reason on every call even when the key already exists.
src/core/feature_telemetry.py,237,FeatureTelemetry.record_exception,O(1),O(1),-,rare,optimal,"Key capped at 25 distinct types, then bucketed to ""_other""."
src/core/feature_telemetry.py,253,FeatureTelemetry.track,O(1),O(1),-,per-tick,optimal,Wrapper is O(1); the real cost is the wrapped block. Generator-based contextmanager adds a frame per use.
src/core/feature_telemetry.py,266,FeatureTelemetry.get,O(1),O(1),-,rare,optimal,
src/core/feature_telemetry.py,270,FeatureTelemetry.snapshot,O(F log F),O(F),registered feature counters,rare,optimal,"Scope filter is a startswith scan over every counter, then a sort for deterministic output."
src/core/feature_telemetry.py,278,FeatureTelemetry.dead_features,O(D log D),O(D),declared feature names,rare,optimal,"sorted() over the declared set, then one dict lookup per name."
src/core/feature_telemetry.py,300,FeatureTelemetry.report_lines,O(D^2 + F log F),O(F + D),"declared D, registered F",rare,O(F log F + D log D),"`if n not in dead` tests membership against a LIST, making the stalled filter quadratic; make dead a set."
src/core/feature_telemetry.py,371,FeatureTelemetry.write_markdown_report,O(D^2 + F*K log K),O(F*K),"declared D, features F, reason keys per feature K",rare,O(F*K log K),"Same list-membership quadratic as report_lines, plus one sorted() per counter inside the py_rows/app_rows comprehensions."
src/core/feature_telemetry.py,529,FeatureTelemetry.load,O(F*K),O(F*K),"persisted records F, keys per record K",startup,optimal,Whole file read + json.loads before any filtering; failures reset to empty rather than reporting stale counts.
src/core/feature_telemetry.py,557,FeatureTelemetry.save,O(F*K),O(F*K),"registered counters F, keys each K",periodic,optimal,"Builds the full payload under the lock (to_dict copies every sub-dict), then json.dumps + atomic temp-replace."
src/core/feature_telemetry.py,580,FeatureTelemetry.reset,O(F + D),O(F),"registered counters F, declared names D",rare,optimal,Names list is materialised first so deletion doesn't mutate the dict mid-iteration.
src/core/feature_telemetry.py,600,get_telemetry,O(1),O(1),-,rare,optimal,"Double-checked-locking singleton; the first call pays FeatureTelemetry.__init__ (state-file load), later calls are a null check."
src/core/fmt.py,8,fmt_price,O(1),O(1),-,per-paint,optimal,
src/core/fmt.py,27,fmt_price_raw,O(1),O(1),-,per-paint,optimal,
src/core/fmt.py,42,fmt_usd,O(1),O(1),-,per-paint,optimal,
src/core/fmt.py,48,fmt_pnl,O(1),O(1),-,per-paint,optimal,
src/core/log_paths.py,46,get_log_root,O(1),O(1),-,rare,optimal,"Uncached: issues a mkdir(exist_ok=True) syscall on every call, not just the first."
src/core/log_paths.py,58,get_activity_dir,O(1),O(1),-,rare,optimal,
src/core/log_paths.py,71,get_api_dir,O(1),O(1),-,rare,optimal,
src/core/log_paths.py,83,get_console_dir,O(1),O(1),-,rare,optimal,
src/core/log_paths.py,95,get_trade_dir,O(1),O(1),-,per-trade,optimal,Called on trade/gate log writes; each call is another mkdir syscall.
src/core/log_paths.py,112,get_pnl_dir,O(1),O(1),-,periodic,optimal,Two mkdir syscalls per call — its own plus get_trade_dir's.
src/core/log_paths.py,124,get_exchange_history_dir,O(1),O(1),-,rare,optimal,
src/core/log_paths.py,136,get_meta_dir,O(1),O(1),-,rare,optimal,
src/core/log_paths.py,149,layout_map,O(1),O(1),-,rare,optimal,"Fixed 8-key dict, but eagerly evaluates all 8 getters — 9 mkdir syscalls per call (get_pnl_dir does two)."
src/core/logging_engine.py,88,LogEntry.__post_init__,O(1),O(1),-,per-candle,optimal,datetime.now(utc).isoformat() only when timestamp is empty; every gate entry hits it.
src/core/logging_engine.py,92,LogEntry.to_json,O(d),O(d),total nodes in self.data payload,per-candle,optimal,asdict() deep-copies the whole entry recursively before json.dumps re-walks it.
src/core/logging_engine.py,108,NDJSONWriter.__init__,O(1),O(1),-,startup,optimal,
src/core/logging_engine.py,120,NDJSONWriter.write,O(d),O(d),size of the entry payload,per-candle,optimal,Opens and closes the file handle on every write; no persistent buffered handle.
src/core/logging_engine.py,128,NDJSONWriter.read_all,O(L),O(L),lines in the current log file,rare,optimal,Materialises every parsed line into one in-memory list; 50 MB rotation cap bounds it.
src/core/logging_engine.py,143,NDJSONWriter._rotate_if_needed,O(backup_count),O(1),backup_count (default 5),per-candle,optimal,stat() syscall on every single write even when far below the rotation threshold.
src/core/logging_engine.py,195,PnLCascade.__init__,O(1),O(1),-,startup,optimal,"Four fixed periods, one mkdir each."
src/core/logging_engine.py,200,PnLCascade.record_daily,O(d),O(d),size of the entry payload,per-trade,optimal,Re-opens today's file per call; cost is to_json's asdict deep copy.
src/core/logging_engine.py,207,PnLCascade.build_weekly,O(L),O(L),lines across the 7 daily files,rare,optimal,Cost is entirely _concat_days.
src/core/logging_engine.py,211,PnLCascade.build_monthly,O(L),O(L),lines across the 30 daily files,rare,optimal,Cost is entirely _concat_days; re-reads dailies rather than reusing weekly output.
src/core/logging_engine.py,215,PnLCascade.build_yearly,O(L),O(L),lines across the 365 daily files,rare,optimal,Cost is entirely _concat_days; re-reads dailies rather than reusing monthly output.
src/core/logging_engine.py,219,PnLCascade._concat_days,O(L),O(L),lines across `count` daily files,rare,optimal,"Holds every parsed entry in memory, then re-serialises all of them to the output file."
src/core/logging_engine.py,255,LogManager.__init__,O(1),O(1),-,startup,optimal,Three NDJSONWriters + PnLCascade + one FileHandler; all constant work.
src/core/logging_engine.py,328,LogManager.set_symbol_resolver,O(1),O(1),-,startup,optimal,
src/core/logging_engine.py,338,LogManager.log_trade,O(d),O(d),size of the data dict written,per-trade,optimal,Dominated by NDJSONWriter.write -> asdict + json.dumps.
src/core/logging_engine.py,376,LogManager.log_gate_decision,O(d),O(d),size of fixtures + indicators + state payload,per-candle,optimal,list() copies both blocker lists; fixtures are then deep-copied again by asdict in to_json.
src/core/logging_engine.py,451,LogManager.log_voting_panel_snapshot,O(d),O(d),size of the voting panel dict,per-trade,optimal,
src/core/logging_engine.py,502,LogManager.log_pnl,O(d),O(d),size of the data dict,per-trade,optimal,
src/core/logging_engine.py,528,LogManager.attach_to_bus,O(1),O(1),-,startup,optimal,Four subscribe calls; the unsubscribe branch only runs on re-attach.
src/core/logging_engine.py,616,LogManager._on_gate_decision_bus,O(k),O(k),keys in the event payload,per-candle,optimal,dict(data) copy + merge + a full dict-comprehension rebuild of `extra` on every tick.
src/core/logging_engine.py,683,LogManager._on_voting_panel_snapshot_bus,O(k),O(k),keys in the event payload,per-trade,optimal,Same copy+merge+comprehension shape as the gate handler.
src/core/logging_engine.py,743,LogManager._on_pnl_event_bus,O(k),O(k),keys in the event payload,per-trade,optimal,"Copy+merge, then 18 fixed `in merged` dict probes to build the extras dict."
src/core/logging_engine.py,804,LogManager._on_trade_filled_bus,O(k),O(k),keys in the event payload,per-trade,optimal,dict(data) copy then a fixed set of field coercions.
src/core/logging_engine.py,899,LogManager.info,O(m),O(m),len(msg),periodic,optimal,
src/core/logging_engine.py,902,LogManager.warning,O(m),O(m),len(msg),periodic,optimal,
src/core/logging_engine.py,905,LogManager.error,O(m),O(m),len(msg),periodic,optimal,
src/core/logging_engine.py,908,LogManager.debug,O(m),O(m),len(msg),periodic,optimal,"Logger level is DEBUG, so debug messages are actually formatted and written, not dropped."
src/core/mini_display.py,125,is_compatible,O(1),O(1),-,periodic,optimal,tuple-key dict lookup against INCOMPATIBLE
src/core/mini_display.py,147,DisplayMessage.plain_text,O(len(body)),O(len(body)),len(self.body) in chars,periodic,optimal,line concat is capped at max_cols so no quadratic blowup; title/value slices are bounded copies
src/core/mini_display.py,185,DisplayAdapter.__init__,O(1),O(1),-,startup,optimal,
src/core/mini_display.py,190,DisplayAdapter.connect,O(1),O(1),-,rare,optimal,abstract; raises NotImplementedError
src/core/mini_display.py,194,DisplayAdapter.render,O(1),O(1),-,rare,optimal,abstract; raises NotImplementedError
src/core/mini_display.py,198,DisplayAdapter.clear,O(1),O(1),-,rare,optimal,no-op base
src/core/mini_display.py,202,DisplayAdapter.disconnect,O(1),O(1),-,rare,optimal,
src/core/mini_display.py,206,DisplayAdapter.is_compatible,O(1),O(1),-,periodic,optimal,
src/core/mini_display.py,209,DisplayAdapter.show,O(w*h),O(w*h),w*h = display pixels,periodic,optimal,cost is the subclass render(); the lock is held across the full framebuffer build and blit
src/core/mini_display.py,237,OledMonoAdapter.connect,O(1),O(1),-,startup,optimal,"wall time is the luma/smbus import plus the I2C handshake, not algorithmic"
src/core/mini_display.py,254,OledMonoAdapter.render,O(w*h),O(w*h),w*h = 128x64 = 8192 pixels,periodic,optimal,ImageFont.truetype re-reads the .ttf from disk on every render; never cached
src/core/mini_display.py,279,OledMonoAdapter.clear,O(w*h),O(1),w*h = display pixels,rare,optimal,cost is inside luma's framebuffer wipe
src/core/mini_display.py,283,OledMonoAdapter.disconnect,O(1),O(1),-,rare,optimal,
src/core/mini_display.py,299,OledColorAdapter.connect,O(1),O(1),-,startup,optimal,
src/core/mini_display.py,311,OledColorAdapter.render,O(w*h),O(w*h),w*h = 128x128 = 16384 RGB pixels,periodic,optimal,fonts reloaded from disk every render; RGB buffer is 3x the mono one
src/core/mini_display.py,344,OledColorAdapter.disconnect,O(1),O(1),-,rare,optimal,
src/core/mini_display.py,360,TftColorAdapter.connect,O(1),O(1),-,startup,optimal,
src/core/mini_display.py,377,TftColorAdapter.render,O(w*h),O(w*h),w*h = 240x240 = 57600 RGB pixels,periodic,optimal,word-wrap loop is O(len(body)) but breaks at display height; fonts reloaded per call
src/core/mini_display.py,424,TftColorAdapter.disconnect,O(1),O(1),-,rare,optimal,
src/core/mini_display.py,440,CharLcdAdapter.connect,O(1),O(1),-,startup,optimal,
src/core/mini_display.py,461,CharLcdAdapter.render,O(len(body)),O(len(body)),len(msg.body) in chars,periodic,optimal,"plain_text builds every line, then only the first _rows (2-4) are written to the panel"
src/core/mini_display.py,471,CharLcdAdapter.clear,O(1),O(1),-,rare,optimal,
src/core/mini_display.py,476,CharLcdAdapter.disconnect,O(1),O(1),-,rare,optimal,
src/core/mini_display.py,495,EPaperAdapter.connect,O(1),O(1),-,startup,optimal,"epd.Clear() blocks 2-30s of wall time; constant, not algorithmic"
src/core/mini_display.py,510,EPaperAdapter.render,O(w*h),O(w*h),w*h = panel pixels (122x250),periodic,optimal,"dedup on title|value|body short-circuits a repeat to O(len(key)), skipping the panel repaint"
src/core/mini_display.py,546,EPaperAdapter.disconnect,O(1),O(1),-,rare,optimal,
src/core/mini_display.py,574,scan_i2c,O(1),O(1),-,startup,optimal,"117 fixed I2C probes (0x03-0x77), each a blocking bus transaction; constant in n but slow"
src/core/mini_display.py,592,detect_displays,O(A + C),O(A + C),"A = I2C addresses found, C = len(extra_config)",startup,optimal,each connect() is a hardware handshake; seen_types is a set so dedup stays O(1)
src/core/mini_display.py,659,MiniDisplayManager.__init__,O(1),O(1),-,startup,optimal,
src/core/mini_display.py,667,MiniDisplayManager.start,O(A + C),O(A + C),"A = I2C addresses found, C = len(extra_config)",startup,optimal,cost is detect_displays() plus one thread spawn
src/core/mini_display.py,679,MiniDisplayManager.stop,O(D),O(1),D = number of connected adapters,rare,optimal,join blocks up to 5s before the adapter teardown loop even starts
src/core/mini_display.py,691,MiniDisplayManager.send,O(k log k),O(k),"k = queue depth, hard-capped at 20",periodic,O(log k) with heapq.heappush,re-sorts the entire queue on every send; the [:20] cap slices a fresh list copy
src/core/mini_display.py,703,MiniDisplayManager.send_simple,O(k log k),O(k),k = queue depth (capped 20),periodic,O(log k) if send() used a heap,cost is entirely send()'s queue re-sort
src/core/mini_display.py,722,MiniDisplayManager.notify_trade,O(k log k),O(k),k = queue depth (capped 20),per-trade,O(log k) if send() used a heap,cost is send()'s re-sort; f-string build is O(1)
src/core/mini_display.py,732,MiniDisplayManager.notify_bot_state,O(k log k),O(k),k = queue depth (capped 20),rare,O(log k) if send() used a heap,cost is send()'s re-sort
src/core/mini_display.py,741,MiniDisplayManager.notify_price,O(k log k),O(k),k = queue depth (capped 20),periodic,O(log k) if send() used a heap,cost is send()'s re-sort; highest-volume producer of the three notify paths
src/core/mini_display.py,752,MiniDisplayManager.notify_error,O(k log k),O(k),k = queue depth (capped 20),rare,O(log k) if send() used a heap,cost is send()'s re-sort
src/core/mini_display.py,760,MiniDisplayManager.notify_startup,O(k log k),O(k),k = queue depth (capped 20),startup,O(log k) if send() used a heap,cost is send()'s re-sort
src/core/mini_display.py,769,MiniDisplayManager.notify_status,O(k log k),O(k),k = queue depth (capped 20),periodic,O(log k) if send() used a heap,cost is send()'s re-sort
src/core/mini_display.py,779,MiniDisplayManager._loop,O(k + D*w*h),O(1),"k = queue depth, D = adapters, w*h = pixels",periodic,O(D*w*h) using collections.deque,pop(0) shifts the whole list; loop runs until stop and sleeps 50ms when the queue is empty
src/core/mini_display.py,792,MiniDisplayManager._dispatch,O(D * w*h),O(w*h),"D = adapters, w*h = pixels per display",periodic,optimal,serial blocking renders; one slow e-paper adapter stalls every other display
src/core/mini_display.py,798,MiniDisplayManager.status,O(D),O(D),D = number of adapters,periodic,optimal,reads len(self._queue) without taking _lock
src/core/mini_display.py,811,MiniDisplayManager.compatibility_report,O(D * M),O(D * M),"D = adapters, M = 10 MessageType members",rare,optimal,"accumulates into a list then joins, so no quadratic string concat"
src/core/mini_display.py,835,get_manager,O(1),O(1),-,rare,optimal,
src/core/mini_display.py,843,init_displays,O(A + C),O(A + C),"A = I2C addresses found, C = len(extra_config)",startup,optimal,cost is MiniDisplayManager.start() -> detect_displays()
src/core/notifications.py,141,NotificationManager.__init__,O(R),O(R),"len(DEFAULT_RULES) — 13, fixed",startup,optimal,replace() is a SHALLOW copy: each per-instance rule still shares the class default's `channels` list object
src/core/notifications.py,167,NotificationManager.enabled,O(1),O(1),-,rare,optimal,
src/core/notifications.py,171,NotificationManager.enabled (setter),O(1),O(1),-,rare,optimal,
src/core/notifications.py,175,NotificationManager.history,O(H),O(H),"len(self._history), capped at 1000",periodic,O(k) by accepting a limit argument and slicing only the tail,list() copies all 1000 records on every property read
src/core/notifications.py,179,NotificationManager.unacknowledged_count,O(H),O(1),"len(self._history), capped at 1000",periodic,O(1) with a counter incremented on send and reset by acknowledge_all,full scan of history for a GUI badge value
src/core/notifications.py,182,NotificationManager.configure_telegram,O(1),O(1),-,startup,optimal,
src/core/notifications.py,187,NotificationManager.configure_sms,O(1),O(1),-,startup,optimal,
src/core/notifications.py,196,NotificationManager.set_rule,O(1),O(1),-,rare,optimal,
src/core/notifications.py,209,NotificationManager.send,O(H),O(H),"len(self._history), capped at 1000",per-trade,O(1) amortized with collections.deque(maxlen=1000),"once history is full EVERY send re-slices 1000 records; handlers run inline, so _send_telegram blocks up to 10s"
src/core/notifications.py,252,NotificationManager.check_pnl_milestone,O(1),O(1),10 fixed milestones,periodic,optimal,"membership test is against a set, not a list; a first call with a large P/L can fire up to 10 send() calls in a row"
src/core/notifications.py,262,NotificationManager.acknowledge_all,O(H),O(1),"len(self._history), capped at 1000",rare,optimal,
src/core/notifications.py,267,NotificationManager.get_config,O(R * K),O(R * K),13 rules x channels per rule,rare,optimal,nested comprehension: the inner [c.name for c in rule.channels] is a hidden per-rule loop
src/core/notifications.py,286,NotificationManager._send_in_app,O(len(message)),O(len(message)),len(message),per-trade,optimal,the computed `level` local is dead — never used by the logger.info call
src/core/notifications.py,295,NotificationManager._send_telegram,O(len(message)),O(len(message)),len(message),rare,optimal,dominated by a SYNCHRONOUS https round-trip (10s timeout) executed on the caller's thread inside send()
src/core/notifications.py,322,NotificationManager._send_sms,O(1),O(1),-,rare,optimal,cost is entirely inside sms_engine.send (provider network call)
src/core/notifications.py,334,NotificationManager._send_sound,O(1),O(1),-,per-trade,optimal,cost is entirely inside sound_engine playback; HIGH and default branches are identical
src/core/notifications.py,353,get_notification_manager,O(1),O(1),-,rare,optimal,
src/core/privacy_mask_registry.py,120,_default_settings_path,O(1),O(1),-,startup,optimal,
src/core/privacy_mask_registry.py,140,PrivacyMaskRegistry.__init__,O(1),O(1),-,startup,optimal,Seeds a dict comprehension over the fixed 19-entry ALL_FIELD_IDS tuple.
src/core/privacy_mask_registry.py,150,PrivacyMaskRegistry.is_masked,O(1),O(1),-,per-paint,optimal,"Takes the RLock on every read, so paint-path contention is possible even though the lookup is a dict get."
src/core/privacy_mask_registry.py,154,PrivacyMaskRegistry.set_masked,O(S),O(S),S = size of ~/.acervator/settings.json,rare,O(1) if persistence were debounced off the mutation path,"With autosave on, one mask flip re-reads, re-parses, re-serialises and atomically replaces the whole settings file."
src/core/privacy_mask_registry.py,160,PrivacyMaskRegistry.set_all,O(S),O(S),S = size of settings.json,rare,O(1) if persistence were debounced,The 19-field loop is trivial; the whole cost is the single _persist_unlocked rewrite it triggers.
src/core/privacy_mask_registry.py,168,PrivacyMaskRegistry.known_field_ids,O(1),O(1),-,rare,optimal,"Returns the module tuple by reference (immutable, so safe to share)."
src/core/privacy_mask_registry.py,176,PrivacyMaskRegistry.to_dict,O(F),O(F),F = entries in _mask_state (19 canonical plus ad-hoc ids from set_masked),rare,optimal,
src/core/privacy_mask_registry.py,180,PrivacyMaskRegistry.load_from_dict,O(S),O(S),S = size of settings.json (len(d) is secondary),rare,O(len(d)) if the trailing persist were skipped,"Loading a snapshot triggers a full settings.json rewrite via autosave, so a load costs a disk round-trip."
src/core/privacy_mask_registry.py,196,PrivacyMaskRegistry._persist_unlocked,O(S),O(S),S = size of settings.json,rare,optimal,"Read-parse-merge-dump-replace with sort_keys; runs holding the RLock, blocking concurrent is_masked readers."
src/core/privacy_mask_registry.py,218,PrivacyMaskRegistry._load_existing_payload,O(S),O(S),S = size of settings.json,rare,optimal,read_text loads the entire file into memory before json.loads builds a second full representation.
src/core/privacy_mask_registry.py,231,PrivacyMaskRegistry.reload_from_disk,O(S),O(S),S = size of settings.json,startup,optimal,Only the 19 canonical ids are copied back; unknown persisted ids are silently dropped on reload.
src/core/privacy_mask_registry.py,252,get_privacy_mask_registry,O(1),O(1),-,per-paint,optimal,Amortised O(1): only the first call pays reload_from_disk's O(S); every call still acquires _SINGLETON_LOCK.
src/core/privacy_mask_registry.py,272,_reset_singleton_for_tests,O(1),O(1),-,rare,optimal,
src/core/privacy_mask_registry.py,282,mask_or,O(1),O(1),-,per-paint,optimal,"'not in ALL_FIELD_IDS' scans a 19-element tuple rather than a set hash; constant, but 19 compares on every rendered cell."
src/core/rule_registry.py,125,RuleEntry.__post_init__,O(1),O(1),-,startup,optimal,
src/core/rule_registry.py,129,RuleEntry.to_dict,O(H),O(H),H = history entries on this rule,rare,optimal,dataclasses.asdict deep-copies the history list of dicts recursively.
src/core/rule_registry.py,132,RuleEntry.from_dict,O(F),O(F),F = keys in the incoming dict (~7),startup,optimal,Rebuilds the known-field set from __dataclass_fields__ on every call instead of once at module load.
src/core/rule_registry.py,155,RuleRegistry.__init__,O(B),O(B),B = bytes in RULE_REGISTRY.json,startup,optimal,Cost is entirely _load()'s file read plus JSON parse.
src/core/rule_registry.py,160,RuleRegistry._load,O(B),O(B),B = bytes in RULE_REGISTRY.json,startup,optimal,read_text + json.loads dominate; the per-rule loop is bounded by len(RULE_META)=35.
src/core/rule_registry.py,181,RuleRegistry._save,O(R log R + E),O(E),"R = rules (35), E = total serialized bytes incl. all history",rare,optimal,Whole registry is re-serialized (asdict deep-copy per entry) and rewritten on every single state change.
src/core/rule_registry.py,189,RuleRegistry._validate_rule,O(1),O(1),-,rare,optimal,Set membership on VALID_RULES; rule ids are short fixed-length strings.
src/core/rule_registry.py,202,RuleRegistry.lock,O(R log R + E),O(E),"R = rules, E = serialized registry bytes",rare,optimal,Cost is the _save() full-file rewrite; the early already-LOCKED return is O(1).
src/core/rule_registry.py,230,RuleRegistry.unlock,O(R log R + E),O(E),"R = rules, E = serialized registry bytes",rare,optimal,Cost is _save()'s.
src/core/rule_registry.py,258,RuleRegistry.suspend,O(R log R + E),O(E),"R = rules, E = serialized registry bytes",rare,optimal,CORE-protection and missing-reason guards return before the O(E) _save().
src/core/rule_registry.py,302,RuleRegistry.restore,O(R log R + E),O(E),"R = rules, E = serialized registry bytes",rare,optimal,Cost is _save()'s.
src/core/rule_registry.py,326,RuleRegistry.status,O(R log R),O(R),R = rules in the registry (35),rare,optimal,"sorted() with an int(r[1:]) key, then a Counter pass and a second scan for suspended rules."
src/core/rule_registry.py,368,RuleRegistry._format_single,O(1),O(1),-,rare,optimal,history[-3:] slice copies at most 3 entries.
src/core/rule_registry.py,392,RuleRegistry.list_rules,O(R log R),O(R),R = rules in the registry,rare,optimal,Returns malformed output when the filter matches nothing — join of an empty list.
src/core/rule_registry.py,411,RuleRegistry.audit,O(E log E),O(E),E = total history events across all rules,rare,O(E + last log last),Sorts the entire event list only to keep `last` items; heapq.nlargest would skip the full sort.
src/core/rule_registry.py,446,RuleRegistry.get_suspended,O(R),O(R),R = rules in the registry,rare,optimal,
src/core/rule_registry.py,450,RuleRegistry.is_locked,O(1),O(1),-,rare,optimal,
src/core/rule_registry.py,455,RuleRegistry.is_active,O(1),O(1),-,rare,optimal,
src/core/rule_registry.py,465,parse_rule_command,O(B + L),O(B),"B = registry file bytes, L = length of the command text",rare,optimal,"Constructs a fresh RuleRegistry (full JSON load) per call, then runs ~9 regex passes over the text."
src/core/rule_registry.py,562,initialise_defaults,O(B + E),O(B),"B = registry file bytes, E = serialized registry bytes",rare,optimal,One full load followed by one full rewrite.
src/core/safe_url.py,39,_extract_url,O(u),O(u),length of the URL string,per-request,optimal,str() on a Request-less input copies the URL; the Request branch returns full_url without copying.
src/core/safe_url.py,46,safe_urlopen,O(u),O(u),length of the URL string,per-request,optimal,Validation is linear in URL length; wall-clock is the urlopen network round-trip. Builds a frozenset per call if allowed_schemes is passed.
src/core/settings.py,199,SettingsManager.__init__,O(f),O(f),settings fields on disk (incl. exchanges),startup,optimal,"Cost is the _load() call: mkdir, file read, TOML/JSON parse, then _apply_dict."
src/core/settings.py,208,SettingsManager.get,O(1),O(1),-,unknown,optimal,"Returns nested dicts by reference, so callers can mutate settings without triggering _save."
src/core/settings.py,213,SettingsManager.set,O(f),O(f),settings fields (incl. exchanges),rare,optimal,"Every set() calls _save(), which asdict()-copies and rewrites the entire settings file."
src/core/settings.py,221,SettingsManager.get_nested,O(1),O(1),-,unknown,optimal,
src/core/settings.py,229,SettingsManager.set_nested,O(f),O(f),settings fields (incl. exchanges),rare,optimal,Dict write is O(1); the whole cost is the _save() full-file rewrite.
src/core/settings.py,238,SettingsManager.get_all,O(f),O(f),settings fields (incl. exchanges),unknown,optimal,"asdict() recursively deep-copies every field, including the exchanges list and nested dicts."
src/core/settings.py,243,SettingsManager.reset_defaults,O(f),O(f),settings fields,rare,optimal,"AppSettings() default_factory lambdas run asdict() twice, then _save() copies again."
src/core/settings.py,250,SettingsManager.add_exchange,O(f),O(f),settings fields (incl. e exchanges),rare,optimal,Dedupe comprehension is O(e); the _save() rewrite of the whole file dominates.
src/core/settings.py,262,SettingsManager.get_exchange,O(e),O(1),number of configured exchanges,unknown,O(1),Linear scan; an exchange_id -> dict index would be O(1). deepcopy is over one fixed-size record.
src/core/settings.py,269,SettingsManager.list_exchanges,O(e),O(e),number of configured exchanges,unknown,optimal,"deepcopy of the whole list, not a shallow copy."
src/core/settings.py,273,SettingsManager.remove_exchange,O(f),O(f),settings fields (incl. e exchanges),rare,optimal,Filter comprehension is O(e); the _save() rewrite dominates.
src/core/settings.py,282,SettingsManager._save,O(f),O(f),settings fields (incl. exchanges),rare,optimal,asdict() deep-copy plus a full serialize+write; no dirty-field tracking or partial write.
src/core/settings.py,292,SettingsManager._load,O(f),O(f),bytes/fields in the settings file,startup,optimal,Constructs a throwaway AppSettings() just to read schema_version before delegating to _apply_dict.
src/core/settings.py,329,SettingsManager._migrate,O(m*f),O(f),len(MIGRATIONS),startup,optimal,"MIGRATIONS is currently empty, so this is O(1) in practice."
src/core/settings.py,348,SettingsManager._apply_dict,O(f),O(f),settings fields,startup,O(f) time / O(1) space,Builds a fresh AppSettings and asdict()-deep-copies it purely to enumerate the default key names.
src/core/sms_engine.py,62,SMSEngine.__init__,O(1),O(1),-,startup,optimal,
src/core/sms_engine.py,69,SMSEngine.update_config,O(1),O(1),-,rare,optimal,
src/core/sms_engine.py,72,SMSEngine.send,O(1),O(1),-,per-trade,optimal,builds a fixed 7-key gate dict; real cost is the blocking network send in the provider method
src/core/sms_engine.py,114,SMSEngine._send_twilio,O(len(message)),O(len(message)),len(message),per-trade,optimal,blocking HTTPS POST with a 10 s timeout on the calling thread
src/core/sms_engine.py,137,SMSEngine._send_email_gateway,O(len(message)),O(len(message)),len(message),per-trade,optimal,"opens a fresh SMTP connection + STARTTLS + login per message; 10 s timeout, blocking"
src/core/sms_engine.py,159,SMSEngine.get_stats,O(1),O(1),-,periodic,optimal,
src/core/sms_engine.py,170,get_sms_engine,O(1),O(1),-,periodic,optimal,lazy singleton
src/core/sound_engine.py,33,SoundEngine.__init__,O(1),O(1),-,startup,optimal,
src/core/sound_engine.py,39,SoundEngine._ensure_sounds,O(S),O(S),"S = total synthesized samples, ~48k fixed at 22050 Hz",startup,optimal,"one-shot, guarded by _available; 8 generators each run a pure-Python per-sample loop"
src/core/sound_engine.py,62,SoundEngine._gen_sniper,O(N),O(N),N = 22050 x 0.404s = ~8.9k samples,startup,optimal,crack+blast+body+tail list concat copies all N; struct.pack splats N args onto the stack
src/core/sound_engine.py,157,SoundEngine._gen_coins_in_bucket,O(N),O(N),"N = 22050 x 0.5s = 11,025 samples",startup,optimal,"3 coin layers mix into one preallocated buffer, so O(N) not O(coins*N)"
src/core/sound_engine.py,266,SoundEngine._gen_water_drip,O(N),O(N),"N = 22050 x 0.2s = 4,410 samples",startup,optimal,three layers write into one preallocated buffer
src/core/sound_engine.py,360,SoundEngine._gen_tone,O(S),O(S),S = sum(dur_ms) x 22050/1000 samples across all tone segments,startup,optimal,all_samples accumulates across segments; struct.pack splats S args
src/core/sound_engine.py,389,SoundEngine.play,O(1),O(1),-,per-trade,optimal,first ever call pays _ensure_sounds' ~48k-sample synthesis; every call after is a dict hit
src/core/sound_engine.py,427,SoundEngine.play_buy,O(1),O(1),-,per-trade,optimal,
src/core/sound_engine.py,430,SoundEngine.play_sell,O(1),O(1),-,per-trade,optimal,
src/core/sound_engine.py,433,SoundEngine.play_error,O(1),O(1),-,rare,optimal,
src/core/sound_engine.py,436,SoundEngine.play_state_change,O(1),O(1),-,rare,optimal,
src/core/sound_engine.py,440,SoundEngine.play_fire,O(1),O(1),-,per-trade,optimal,
src/core/sound_engine.py,444,SoundEngine.play_track,O(1),O(1),-,periodic,optimal,GUI calls this repeatedly through the TRACK phase; each is an async winsound call
src/core/sound_engine.py,450,SoundEngine.play_profit,O(1),O(1),-,per-trade,optimal,
src/core/sound_engine.py,454,SoundEngine.play_drip,O(1),O(1),-,per-trade,optimal,
src/core/sound_engine.py,458,SoundEngine.update_config,O(1),O(1),-,rare,optimal,
src/core/sound_engine.py,461,SoundEngine.cleanup,O(F),O(1),F = wav files in the temp dir (9),rare,optimal,rmtree walks the temp dir
src/core/sound_engine.py,469,get_sound_engine,O(1),O(1),-,rare,optimal,
src/core/state_manager.py,56,StateManager.__init__,O(1),O(1),-,startup,optimal,
src/core/state_manager.py,62,StateManager.save_state,O(B*S),O(B*S),bots B x serialized fields S per bot,periodic,optimal,"Backup path does a full read_bytes()+write_bytes() of the prior file every save, doubling the I/O."
src/core/state_manager.py,120,StateManager.load_state,O(Z),O(Z),bytes in bot_state.json,startup,optimal,"Opened without encoding= so it uses the platform default codec, unlike save_state which writes utf-8."
src/core/state_manager.py,141,StateManager._try_backup,O(Z),O(Z),bytes in bot_state.backup.json,rare,optimal,
src/core/state_manager.py,154,StateManager.clear_state,O(1),O(1),-,rare,optimal,
src/core/state_manager.py,164,StateManager.has_saved_state,O(Z),O(Z),bytes in bot_state.json,startup,O(1) by reusing a cached parse,Parses the whole JSON just to count bots; main.py then calls load_state() and parses the same file again.
src/core/system_load_oscillator.py,45,_cosine_ramp,O(1),O(1),-,per-tick,optimal,
src/core/system_load_oscillator.py,91,SystemLoadOscillator.__init__,O(1),O(1),-,startup,optimal,
src/core/system_load_oscillator.py,111,SystemLoadOscillator.start,O(1),O(1),-,startup,optimal,spawns one daemon sampler thread
src/core/system_load_oscillator.py,125,SystemLoadOscillator.stop,O(1),O(1),-,rare,optimal,join blocks up to 1.0s
src/core/system_load_oscillator.py,136,SystemLoadOscillator.cycle_position,O(1),O(1),-,per-tick,optimal,
src/core/system_load_oscillator.py,145,SystemLoadOscillator.current_multiplier,O(1),O(1),-,per-tick,optimal,"takes _lock twice per call, once for _start_time and again for the COOLING clamp"
src/core/system_load_oscillator.py,178,SystemLoadOscillator.tick_workload,O(1),O(1),-,per-tick,optimal,deterministic accumulator; returned count drives the caller's per-tick loop
src/core/system_load_oscillator.py,197,SystemLoadOscillator.effective_tick_interval,O(1),O(1),-,per-tick,optimal,
src/core/system_load_oscillator.py,207,SystemLoadOscillator.is_cooling,O(1),O(1),-,periodic,optimal,
src/core/system_load_oscillator.py,213,SystemLoadOscillator.started,O(1),O(1),-,periodic,optimal,
src/core/system_load_oscillator.py,219,SystemLoadOscillator._monitor_loop,O(1) per sample,O(1),samples = 5 x runtime seconds,periodic,optimal,runs until stop_event; per-iteration cost is SystemLoadMR.sample(); samples_taken bumped outside the lock
src/core/trade_historian.py,88,MappedTrade.dt,O(1),O(1),-,rare,optimal,recomputes the datetime on every access; not cached
src/core/trade_historian.py,92,MappedTrade.__repr__,O(1),O(1),-,rare,optimal,builds a datetime via the dt property on every repr
src/core/trade_historian.py,110,CycleSummary.profitable,O(1),O(1),-,rare,optimal,
src/core/trade_historian.py,149,HistoryAnalysis.summary,O(1),O(1),-,startup,optimal,"fixed number of lines; reads precomputed counters, never walks self.trades"
src/core/trade_historian.py,199,TradeClassifier.classify,O(t log t),O(t),t = len(raw_trades),startup,O(t) if the exchange returns sorted trades and median uses quickselect,sorted() dominates; statistics.median internally sorts the buy-size list too
src/core/trade_historian.py,301,TradeClassifier.pair_cycles,O(t),O(cycles),t = len(trades),startup,optimal,single pass; mutates cycle_id on the passed-in MappedTrade objects
src/core/trade_historian.py,356,TradeHistorian.__init__,O(1),O(1),-,startup,optimal,
src/core/trade_historian.py,367,TradeHistorian.analyze_sync,O(t log t),O(t),"t = trades fetched (<= limit, default 500)",startup,optimal,wall time is dominated by the blocking network fetch; CPU cost is _build_analysis
src/core/trade_historian.py,385,TradeHistorian.analyze_async,O(t log t),O(t),"t = trades fetched (<= limit, default 500)",startup,optimal,same as analyze_sync but awaits the fetch; _build_analysis still runs on the event loop thread
src/core/trade_historian.py,400,TradeHistorian.analyze_all_sync,O(S * t log t),O(S * t),"S = len(symbols), t = trades per symbol",startup,O(t log t) wall-clock if the S fetches were issued concurrently,serial loop; every analysis is retained in both results and self._cache
src/core/trade_historian.py,411,TradeHistorian.get_cached,O(1),O(1),-,per-request,optimal,
src/core/trade_historian.py,415,TradeHistorian.clear_cache,O(S),O(1),S = cached symbols,rare,optimal,dict.clear() must drop every entry and the HistoryAnalysis objects they hold
src/core/trade_historian.py,420,TradeHistorian._fetch_sync,O(limit),O(limit),limit = trade records requested (default 500),startup,optimal,"blocking network call; wall time is exchange latency, not the record count"
src/core/trade_historian.py,433,TradeHistorian._fetch_async,O(limit),O(limit),limit = trade records requested (default 500),startup,optimal,
src/core/trade_historian.py,443,TradeHistorian._build_analysis,O(t log t),O(t),t = len(raw),startup,O(t) given pre-sorted input; the counting passes are already linear,classify()'s sort dominates; five separate sum() passes over trades where one loop would do
src/core/trade_historian.py,523,scan_on_connect,O(S * t log t),O(S * t),"S = len(symbols), t = trades per symbol",startup,O(t log t) wall-clock if the S fetches were issued concurrently,serial per-symbol fetch on the calling thread; runs on every connect/reconnect/refresh
src/core/usb_auth.py,91,_derive_usb_key,O(k),O(1),"k = PBKDF2_ITERS (260,000, fixed)",rare,optimal,"260k HMAC-SHA256 rounds is a deliberate work factor, ~0.1-0.3 s wall"
src/core/usb_auth.py,103,_app_id_fingerprint,O(1),O(1),-,rare,optimal,hashes a fixed-length module constant
src/core/usb_auth.py,112,_aes_gcm_encrypt,O(L),O(L),len(plaintext),rare,optimal,on ImportError silently degrades to the pure-Python _fallback_encrypt
src/core/usb_auth.py,123,_aes_gcm_decrypt,O(L),O(L),len(data),rare,optimal,data[:12] and data[12:] slices copy the whole ciphertext before decrypt
src/core/usb_auth.py,134,_fallback_encrypt,O(L^2),O(L),len(data),rare,O(L),inherits _kdf_stream's quadratic keystream build; XOR genexpr itself is O(L)
src/core/usb_auth.py,143,_fallback_decrypt,O(L^2),O(L),len(ct_and_tag),rare,O(L),same quadratic _kdf_stream; two slices also copy the ciphertext
src/core/usb_auth.py,154,_kdf_stream,O(L^2),O(L),length = keystream bytes requested,rare,O(L),`stream += block` on bytes recopies the whole buffer every 32-byte round; collect blocks in a list and b''.join
src/core/usb_auth.py,178,USBVolume.has_auth_file,O(1),O(1),-,rare,optimal,"one stat() syscall per access, not cached"
src/core/usb_auth.py,182,list_usb_volumes,O(v),O(v),mounted removable volumes,rare,optimal,dominated by the platform lister (subprocess spawns on macOS/Linux); adds one stat() per volume
src/core/usb_auth.py,206,_list_usb_windows,O(d),O(d),logical drive letters (<=26),rare,optimal,3 ctypes syscalls per removable drive
src/core/usb_auth.py,252,_list_usb_macos,O(p),O(p),external partitions,rare,O(1) spawns,"spawns a `diskutil info` subprocess per partition, each with a 5 s timeout; the initial plist already carries most fields"
src/core/usb_auth.py,287,_list_usb_linux,O(m),O(m),lines in /proc/mounts,rare,O(1) spawns,one lsblk subprocess (3 s timeout) per /media or /mnt mount; a single lsblk -J call would cover all
src/core/usb_auth.py,328,find_auth_volume,O(v),O(v),mounted removable volumes,rare,optimal,cost is the list_usb_volumes enumeration; the match scan itself is trivial
src/core/usb_auth.py,343,write_auth_file,O(k),O(L),"k = 260,000 PBKDF2 rounds",rare,optimal,PBKDF2 dominates; JSON encode + encrypt + write are all O(payload bytes)
src/core/usb_auth.py,376,read_auth_file,O(k),O(L),"k = 260,000 PBKDF2 rounds",rare,optimal,PBKDF2 dominates; the data[16:...] slices each copy the whole file buffer
src/core/usb_auth.py,402,verify_auth_file,O(k),O(L),"k = 260,000 PBKDF2 rounds",rare,optimal,entire cost is the read_auth_file call it wraps
src/core/usb_auth.py,418,export_credentials_to_usb,O(e*d + k),O(e),"e = exchanges in vault, d = per-credential vault decrypt, k = PBKDF2 rounds",rare,optimal,"write then verify each derive the key, paying the 260k-round PBKDF2 twice"
src/core/usb_auth.py,468,import_credentials_from_usb,O(k + v),O(L),"k = 260,000 PBKDF2 rounds, v = mounted volumes",startup,optimal,volume enumeration plus one PBKDF2 derive; runs at app start when hardware mode is on
src/core/version_sweep.py,66,SweepResult.critical,O(F),O(F),len(self.findings),rare,optimal,Recomputed on every access; no caching.
src/core/version_sweep.py,68,SweepResult.high,O(F),O(F),len(self.findings),rare,optimal,
src/core/version_sweep.py,70,SweepResult.medium,O(F),O(F),len(self.findings),rare,optimal,
src/core/version_sweep.py,72,SweepResult.low,O(F),O(F),len(self.findings),rare,optimal,
src/core/version_sweep.py,74,SweepResult.passed,O(F),O(F),len(self.findings),rare,"O(F) time, O(1) space",Materializes two full filtered lists only to test emptiness; any(...) would avoid the O(F) allocation.
src/core/version_sweep.py,136,VersionSweep.__init__,O(V),O(V),bytes of src/__init__.py,rare,optimal,"Cost is entirely in _get_version(), which reads and regexes the whole __init__.py."
src/core/version_sweep.py,144,VersionSweep._get_version,O(V),O(V),bytes of src/__init__.py,rare,optimal,read_text materializes the whole file before the regex scan.
src/core/version_sweep.py,152,VersionSweep._py_files,O(E),O(d),directory entries under root,rare,optimal,Generator; dirs[:] = [...] rebuilds the child list at every directory level.
src/core/version_sweep.py,159,VersionSweep._all_files,O(E),O(d),directory entries under root,rare,optimal,Path(fname).suffix constructs a throwaway Path per file.
src/core/version_sweep.py,167,VersionSweep._rel,O(p),O(p),path components,rare,optimal,
src/core/version_sweep.py,170,VersionSweep._add,O(p),O(p),path components,rare,optimal,Amortized O(1) list append; cost is the _rel() path conversion.
src/core/version_sweep.py,180,VersionSweep.check_syntax,O(S),O(L),total bytes of .py source,rare,optimal,ast.parse builds a full tree per file; peak space is the largest single file's AST.
src/core/version_sweep.py,195,VersionSweep.check_version_consistency,O(S7),O(m),bytes of the 7 fixed files checked,rare,optimal,"re.findall on doc files allocates every 3.x.y match, then set() dedups — O(matches) space."
src/core/version_sweep.py,242,VersionSweep.check_secrets,O(S*P),O(L),"total bytes scanned, P=8 patterns",rare,optimal,8 uncompiled re.search calls per line rely on re's 512-entry cache; skip-dir test is a per-file O(dirs) any().
src/core/version_sweep.py,287,VersionSweep.check_insecure_patterns,O(S*P + M*L),O(L),"total .py bytes, P=10 patterns, M=random.random hits",rare,O(S*P),"'gen_from_anchors' in text substring scan runs INSIDE the per-match branch, rescanning the whole file per hit."
src/core/version_sweep.py,354,VersionSweep.check_debug_leftovers,O(S*P),O(L),"total .py bytes, P=4 patterns",rare,optimal,
src/core/version_sweep.py,372,VersionSweep.check_unused_imports,O(S*I),O(L),"file bytes S, imports per file I",rare,O(S),re.findall over the ENTIRE source once per imported name; one ast.walk collecting Name nodes into a set would be linear.
src/core/version_sweep.py,409,VersionSweep.check_r6_two_paths,O(S2),O(S2),bytes of simulator.py + RAIntSimBat.py,rare,optimal,8 whole-file regex searches over two large files held fully in memory.
src/core/version_sweep.py,450,VersionSweep.check_requirements,O(K*S),O(L),"K=4 packages, S=total .py bytes",rare,O(S),Re-walks and re-reads the entire tree once per missing package; a single pass collecting all 4 flags would suffice.
src/core/version_sweep.py,486,VersionSweep.check_file_hygiene,O(E*p),O(d),"all files under root, p=path length",rare,optimal,"Walks every file including __pycache__ (only .git is pruned), 5 regexes per relative path."
src/core/version_sweep.py,507,VersionSweep.check_snapshot_consistency,O(Ss),O(Ss),bytes of simulator.py,rare,optimal,Dotall regex over the whole file plus three findall passes; set differences are O(keys).
src/core/version_sweep.py,564,VersionSweep.check_todos,O(S),O(L),total .py bytes,rare,optimal,On a hit the line is re.search'd a second time just to name the tag.
src/core/version_sweep.py,585,VersionSweep.check_rule_registry,O(J + R),O(J),"registry bytes J, rule count R",rare,optimal,CORE membership test is against a set — O(1).
src/core/version_sweep.py,636,VersionSweep.check_complexity_hotspots,O(S*D),O(L),"src/ bytes S, max function nesting depth D",rare,O(S),Per function it slices+joins its own source lines then regex-scans them; nested defs rescan the enclosing body.
src/core/version_sweep.py,670,VersionSweep.run,O(S*I),O(F),total repo source bytes,rare,O(S),Cost is the 17 callees; dominated by check_unused_imports. Slices findings[before:after] per check to compute severity.
src/core/version_sweep.py,720,VersionSweep.check_sadp_annotations,O(S_all),O(F),bytes of every .py under root,rare,optimal,"Emits one INFO finding per annotation, so the findings list grows with annotation count, not with defect count."
src/core/version_sweep.py,790,VersionSweep.check_r28_silent_failures,O(S_all),O(L),bytes of every .py under root,rare,O(S_scoped),rglob reads path parts for every .py in the repo before discarding non-trading/competition files.
src/core/version_sweep.py,832,VersionSweep.check_r29_r33_gates,O(S_all),O(L),bytes of every .py under root,rare,O(S_scoped),Two full line passes per scoped file; fn_body accumulates then is joined once per submit-like function.
src/core/version_sweep.py,883,VersionSweep.check_sadp_dependency_graph,O(J + R*D),O(R*D),"rules R, deps per rule D",rare,optimal,Builds a full reverse-dependency map even when only a few rules are suspended.
src/core/version_sweep.py,911,VersionSweep.print_report,O(F),O(F),len(result.findings),rare,optimal,"Five filtered passes over findings (one per severity), each allocating a list."
src/core/version_sweep.py,953,VersionSweep.save_json_report,O(F),O(F),len(result.findings),rare,optimal,"Four property accesses each re-filter all findings, plus a full dict rebuild before json.dumps."
src/core/version_sweep.py,987,VersionSweep.save_pdf_report,O(F),O(F),len(result.findings),rare,optimal,One Paragraph flowable per cell (4 per finding) held in memory until doc.build lays the whole story out.
src/core/version_sweep.py,1012,VersionSweep.save_pdf_report.S,O(1),O(1),-,rare,optimal,
src/core/version_sweep.py,1030,VersionSweep.save_pdf_report.on_page,O(1),O(1),-,rare,optimal,Called once per rendered PDF page; full-page rect fill is a constant canvas op.
src/core/version_sweep.py,1119,main,O(S*I),O(F),total repo source bytes,rare,-,Entirely the cost of VersionSweep.run() plus the report writers.
src/design_system.py,130,apply_rcparams,O(1),O(1),-,startup,optimal,
src/design_system.py,189,_hex_to_rgb,O(1),O(1),-,rare,optimal,Fixed 3-channel genexp.
src/design_system.py,194,_relative_luminance,O(1),O(1),-,rare,optimal,
src/design_system.py,196,_relative_luminance.channel,O(1),O(1),-,rare,optimal,
src/design_system.py,202,contrast_ratio,O(1),O(1),-,rare,optimal,
src/design_system.py,211,validate_contrast,O(1),O(1),-,rare,optimal,
src/design_system.py,218,contrast_self_test,O(1),O(1),-,rare,optimal,Fixed 8-name list.
src/design_system.py,232,blank_page,O(1),O(1),-,rare,optimal,Allocates a matplotlib Figure; caller must plt.close() it or the figure leaks.
src/design_system.py,242,_put,O(L),O(L),L = len(text),rare,optimal,The Text artist is retained on the axes until the figure is closed.
src/design_system.py,258,hline,O(1),O(1),-,rare,optimal,
src/design_system.py,269,cover_page,O(S),O(S),S = len(stats),rare,optimal,Chunking into rows of 4 copies the stats list; pdf.savefig dominates wall-clock.
src/design_system.py,334,section_page,O(L),O(L),L = len(body_lines),rare,optimal,No overflow guard - lines past y=0 render off the page.
src/design_system.py,351,chart_page,O(f),O(f),f = cost of the caller-supplied plot_fn(ax),rare,optimal,All data-dependent cost lives in plot_fn; this function's own chrome layout is O(1).
src/design_system.py,394,paginated_table,O(R*C),O(rows_per_page),"R = len(rows), C = len(columns)",rare,optimal,Each page slices rows[i:i+rpp] (a copy) and emits one ax.text artist per cell plus a zebra Rectangle.
src/design_system.py,470,bar_h,O(N),O(N),N = len(values),rare,optimal,colors defaults to a fresh N-element list; direct labels add a second O(N) text pass.
src/design_system.py,493,callout_value,O(1),O(1),-,rare,optimal,Draws `value` twice at the same coords (h1 _put then a 54pt ax.text); the h1 draw is overdrawn.
src/design_system.py,518,fmt_usd,O(1),O(1),-,rare,optimal,
src/design_system.py,536,fmt_pct,O(1),O(1),-,rare,optimal,
src/design_system.py,542,fmt_count,O(1),O(1),-,rare,optimal,
src/exchange/api_docs.py,36,_add,O(1),O(1),-,startup,optimal,Called 16 times at import to populate API_DOCS.
src/exchange/api_docs.py,177,get_api_docs,O(1),O(1),-,rare,optimal,
src/exchange/api_docs.py,180,list_all_docs,O(E),O(E),E = registered exchanges (16),rare,optimal,"Shallow copy — the returned dataclasses are the live registry objects, so mutating one mutates API_DOCS."
src/exchange/api_docs.py,183,get_docs_summary,O(E),O(E),E = registered exchanges (16),rare,optimal,"""features"" aliases the live special_features list rather than copying it."
src/exchange/api_load_monitor.py,63,APILoadMonitor.__init__,O(1),O(1),-,startup,optimal,
src/exchange/api_load_monitor.py,74,APILoadMonitor.ceiling_cpm,O(1),O(1),-,per-request,optimal,
src/exchange/api_load_monitor.py,78,APILoadMonitor.safety_pct,O(1),O(1),-,per-request,optimal,
src/exchange/api_load_monitor.py,81,APILoadMonitor._api_log,O(1),O(1),-,per-request,optimal,late import runs per call but resolves from sys.modules after the first hit
src/exchange/api_load_monitor.py,86,APILoadMonitor._window_entries,O(L),"O(min(L, 10000))",L = total entries in the process-wide APIInteractionLog,per-request,O(W) scanning a per-exchange deque newest-first until the cutoff,get_for_exchange scans the entire log and the [-10000:] slice copies; then a second full filter pass
src/exchange/api_load_monitor.py,102,APILoadMonitor.sample,O(L + W log W),O(W),L = total log entries; W = entries inside the trailing window,per-request,O(L + W) using quickselect for the P95 index,sorts the whole latency list just to index one percentile
src/exchange/api_load_monitor.py,126,APILoadMonitor.load_score,O(L + W log W),O(W),L = total log entries; W = entries in the window,per-request,O(L) — the P95 sort is discarded,builds a full LoadReading (including the sorted P95) then reads one field
src/exchange/api_load_monitor.py,130,APILoadMonitor.projected_cpm_with_new_phantoms,O(L + W log W),O(W),L = total log entries; W = entries in the window,per-request,O(L) — only calls_per_minute is used,cost is entirely sample(); the arithmetic is O(1)
src/exchange/api_load_monitor.py,138,APILoadMonitor.should_allow_new_phantom_set,O(L + W log W),O(W),L = total log entries; W = entries in the window,per-request,O(L) — the sorted P95 in sample() is never read here,one sample() call; the rest is constant-cost string formatting
src/exchange/api_load_monitor.py,176,get_load_monitor,O(1),O(1),-,per-request,optimal,lazy singleton; not thread-safe but constant-time
src/exchange/api_logger.py,34,APIInteractionLog.__init__,O(1),O(1),-,startup,optimal,
src/exchange/api_logger.py,39,APIInteractionLog.add_listener,O(1),O(1),-,startup,optimal,
src/exchange/api_logger.py,43,APIInteractionLog.record,O(M + p + Lc),O(M),"M=max_entries (500), p=len(params), Lc=listeners",per-request,O(p + Lc),"once at cap, self._entries[-self._max:] rebuilds the whole 500-entry list on EVERY call; deque(maxlen) makes it O(1)"
src/exchange/api_logger.py,126,APIInteractionLog.get_recent,O(c),O(c),count requested,periodic,optimal,slice copies the returned entries
src/exchange/api_logger.py,129,APIInteractionLog.get_for_exchange,O(E),O(E),E = stored entries (<=max_entries),periodic,O(c),"scans and materializes ALL matches, then throws away everything but the last count; a per-exchange index would avoid it"
src/exchange/api_logger.py,133,APIInteractionLog.format_entry,O(1),O(1),-,periodic,optimal,fixed set of <=7 bounded fields joined once
src/exchange/api_logger.py,153,_redact,O(p*klen),O(p),"p = len(params), klen = key length",per-request,optimal,k.lower() is rebuilt inside the any() for each of the 6 sensitive substrings
src/exchange/api_logger.py,173,get_api_log,O(1),O(1),-,per-request,optimal,lazy singleton; not thread-safe but idempotent
src/exchange/api_logger.py,183,log_api_call,O(1),O(1),-,startup,optimal,"decorator factory, runs at import/definition time"
src/exchange/api_logger.py,194,log_api_call.decorator,O(1),O(1),-,startup,optimal,
src/exchange/api_logger.py,196,log_api_call.decorator.wrapper,O(F + A),O(A),"F = wrapped API call cost, A = total length of str(arg) for all args/kwargs",per-request,optimal,"str(a)[:50] materializes the FULL repr of every argument before truncating, so large payload args are stringified in full"
src/exchange/api_validator.py,27,validate_credentials,O(C + M),O(C + M),"C = currencies in the balance, M = markets loaded by ccxt",rare,optimal,"wall time is two blocking HTTPS round-trips (load_markets, fetch_balance), not the O(C) loop"
src/exchange/base.py,161,ExchangeInterface.exchange_id,O(1),O(1),-,rare,optimal,"Abstract property — docstring-only body, never executed; subclasses supply the implementation."
src/exchange/base.py,166,ExchangeInterface.display_name,O(1),O(1),-,rare,optimal,
src/exchange/base.py,170,ExchangeInterface.connect,O(1),O(1),-,startup,optimal,Abstract stub; real connectors pay a network handshake here.
src/exchange/base.py,174,ExchangeInterface.disconnect,O(1),O(1),-,rare,optimal,
src/exchange/base.py,179,ExchangeInterface.is_connected,O(1),O(1),-,per-tick,optimal,
src/exchange/base.py,184,ExchangeInterface.get_ticker,O(1),O(1),-,per-candle,optimal,Abstract stub; contract returns one Ticker so implementations stay O(1) plus network latency.
src/exchange/base.py,188,ExchangeInterface.get_orderbook,O(1),O(1),-,per-request,optimal,Stub is O(1); the contract's return is O(limit) bids+asks in any implementation.
src/exchange/base.py,192,ExchangeInterface.get_ohlcv,O(1),O(1),-,per-candle,optimal,Stub is O(1); implementations return O(limit) candle rows.
src/exchange/base.py,199,ExchangeInterface.get_balances,O(1),O(1),-,per-request,optimal,Stub is O(1); implementations return O(currencies).
src/exchange/base.py,203,ExchangeInterface.get_balance,O(1),O(1),-,per-request,optimal,
src/exchange/base.py,208,ExchangeInterface.place_order,O(1),O(1),-,per-trade,optimal,client_order_id is the idempotency key; stub body is docstring only.
src/exchange/base.py,232,ExchangeInterface.cancel_order,O(1),O(1),-,per-trade,optimal,
src/exchange/base.py,236,ExchangeInterface.get_order,O(1),O(1),-,per-trade,optimal,
src/exchange/base.py,240,ExchangeInterface.get_open_orders,O(1),O(1),-,per-request,optimal,Stub is O(1); implementations return O(open orders).
src/exchange/base.py,246,ExchangeInterface.get_my_trades,O(1),O(1),-,per-request,optimal,Only non-abstract member: concrete default body raises NotImplementedError after one type(self).__name__ lookup.
src/exchange/base.py,268,ExchangeInterface.get_markets,O(1),O(1),-,startup,optimal,Stub is O(1); implementations return O(markets) — hundreds of AssetInfo rows on Coinbase.
src/exchange/base.py,272,ExchangeInterface.get_asset_logo_url,O(1),O(1),-,rare,optimal,
src/exchange/ccxt_connector.py,71,_fmt_p,O(1),O(1),-,per-request,optimal,Fixed float compare + one f-string format.
src/exchange/ccxt_connector.py,181,_with_retry,O(1),O(1),-,startup,optimal,Returns a closure at decoration time.
src/exchange/ccxt_connector.py,183,_with_retry.decorator,O(1),O(1),-,startup,optimal,
src/exchange/ccxt_connector.py,184,_with_retry.decorator.wrapper,O(R * cost(func)),O(1),max_retries (3),per-request,optimal,Own work is O(1) per attempt; the any() over 4 keywords is constant. Backoff sleeps dominate wall time.
src/exchange/ccxt_connector.py,225,CCXTConnector.__init__,O(1),O(1),-,startup,optimal,"Error branch materialises list(SUPPORTED_EXCHANGES.keys()) — O(15), constant."
src/exchange/ccxt_connector.py,277,CCXTConnector.exchange_id,O(1),O(1),-,per-request,optimal,
src/exchange/ccxt_connector.py,281,CCXTConnector.display_name,O(1),O(1),-,per-request,optimal,capitalize() copies a bounded-length exchange id.
src/exchange/ccxt_connector.py,285,CCXTConnector.is_connected,O(1),O(1),-,per-request,optimal,
src/exchange/ccxt_connector.py,289,CCXTConnector.connect,O(M),O(M),markets on the exchange,rare,optimal,Async wrapper; entire cost is the delegated blocking sync_connect.
src/exchange/ccxt_connector.py,293,CCXTConnector.sync_connect,O(M),O(M),markets on the exchange,rare,optimal,"load_markets is network-bound, retried up to 3x with sleeps; market maps are shared by reference into the async instance."
src/exchange/ccxt_connector.py,489,CCXTConnector._call_sync,O(cost(fn)),O(1),-,per-request,optimal,"Queue-cap check, lock grab and executor submit are all O(1); cost is the wrapped CCXT call."
src/exchange/ccxt_connector.py,582,CCXTConnector.set_history_callback,O(1),O(1),-,startup,optimal,
src/exchange/ccxt_connector.py,590,CCXTConnector._scan_trade_history,O(S * cost(scan)),O(S),registered scan symbols,rare,optimal,list(self._scan_symbols) copies the set; dominant cost is scan_on_connect doing one history fetch + analysis per symbol.
src/exchange/ccxt_connector.py,624,CCXTConnector._on_history_result,O(1),O(1),-,rare,optimal,Cost of the operator callback is attributed to the callback.
src/exchange/ccxt_connector.py,633,CCXTConnector.add_scan_symbol,O(1),O(1),-,rare,optimal,"Set add is O(1); thread spawn returns immediately, the scan it kicks off is charged to refresh_history."
src/exchange/ccxt_connector.py,668,CCXTConnector.remove_scan_symbol,O(1),O(1),-,rare,optimal,
src/exchange/ccxt_connector.py,671,CCXTConnector.get_history,O(1),O(1),-,per-request,optimal,
src/exchange/ccxt_connector.py,675,CCXTConnector.refresh_history,O(S * cost(scan)),O(S),registered scan symbols,rare,optimal,Single-symbol path still copies the whole _scan_symbols set to save/restore it.
src/exchange/ccxt_connector.py,689,CCXTConnector._format_exchange_error,O(B),O(B),bytes in the exception's response body,rare,optimal,json.dumps serialises the entire response dict before the [:500] slice throws most of it away.
src/exchange/ccxt_connector.py,769,CCXTConnector.disconnect,O(1),O(1),-,rare,optimal,shutdown(wait=True) blocks until the in-flight CCXT worker call returns.
src/exchange/ccxt_connector.py,791,CCXTConnector._ensure_connected,O(1),O(1),-,per-request,optimal,
src/exchange/ccxt_connector.py,799,CCXTConnector._ex,O(1),O(1),-,per-request,optimal,
src/exchange/ccxt_connector.py,804,CCXTConnector._rate_limit,O(1),O(1),-,per-request,optimal,"Sleeps up to _min_request_interval; wall time, not CPU."
src/exchange/ccxt_connector.py,813,CCXTConnector.get_ticker,O(1),O(1),-,per-tick,optimal,One network round-trip; parsing is a fixed field set.
src/exchange/ccxt_connector.py,838,CCXTConnector.get_all_tickers,O(M),O(M),markets on the exchange,periodic,optimal,"Raw ccxt dict is returned unmodified, but ccxt still parses every market in the response."
src/exchange/ccxt_connector.py,857,CCXTConnector.get_orderbook,O(L),O(L),limit (book levels),per-request,optimal,Two comprehensions rebuild bids and asks as float tuples.
src/exchange/ccxt_connector.py,869,CCXTConnector.get_ohlcv,O(L),O(L),limit (candles requested),per-tick,optimal,
src/exchange/ccxt_connector.py,890,CCXTConnector.get_balances,O(C),O(C),currencies in the balance response,per-tick,optimal,list(result.items())[:8] materialises every currency pair before slicing to 8 for the log line.
src/exchange/ccxt_connector.py,918,CCXTConnector.get_balance,O(C),O(C),currencies in the balance response,per-tick,optimal,A miss triggers a SECOND fetch_balance round-trip to distinguish 'zero' from 'absent'.
src/exchange/ccxt_connector.py,959,CCXTConnector.place_order,O(1),O(1),-,per-trade,optimal,A market BUY with no price adds an extra fetch_ticker round-trip before submission.
src/exchange/ccxt_connector.py,1081,CCXTConnector.cancel_order,O(1),O(1),-,per-trade,optimal,
src/exchange/ccxt_connector.py,1088,CCXTConnector.get_order,O(1),O(1),-,per-tick,optimal,
src/exchange/ccxt_connector.py,1095,CCXTConnector.get_open_orders,O(K),O(K),open orders returned,per-tick,optimal,One _parse_order per order; each Order retains raw=r.
src/exchange/ccxt_connector.py,1108,CCXTConnector.get_my_trades,O(T),O(T),trades returned by the exchange,periodic,optimal,"Each Trade keeps raw=r, so the entire ccxt payload is retained alongside the parsed fields."
src/exchange/ccxt_connector.py,1156,CCXTConnector.get_markets,O(M),O(M),markets on the exchange,rare,optimal,_markets_cache makes every call after the first O(1); cache is never invalidated until disconnect.
src/exchange/ccxt_connector.py,1184,CCXTConnector.get_asset_logo_url,O(1),O(1),-,rare,optimal,
src/exchange/ccxt_connector.py,1190,CCXTConnector._parse_order,O(1),O(1),-,per-trade,optimal,Rebuilds the 6-entry status_map dict on every call; constant but hoistable to module level.
src/exchange/ccxt_connector.py,1242,create_connector,O(1),O(1),-,startup,optimal,
src/exchange/ccxt_connector.py,1247,list_supported_exchanges,O(E),O(E),supported exchanges (15),rare,optimal,"Membership test is against a set, so per-item work is O(1)."
src/exchange/ccxt_connector.py,1259,requires_passphrase,O(1),O(1),-,rare,optimal,"PASSPHRASE_EXCHANGES is a set, not a list."
src/exchange/circuit_breaker.py,77,_is_transient_error,O(1),O(1),-,per-request,optimal,"11 substring probes against a short class name - bounded constant, not data-dependent."
src/exchange/circuit_breaker.py,86,_breaker_disabled,O(1),O(1),-,per-request,optimal,os.environ lookup + strip + lower on EVERY is_call_allowed; result is never cached.
src/exchange/circuit_breaker.py,115,CircuitBreakerOpenError.__init__,O(1),O(1),-,rare,optimal,
src/exchange/circuit_breaker.py,126,CircuitBreaker.__init__,O(1),O(1),-,rare,optimal,
src/exchange/circuit_breaker.py,147,CircuitBreaker.state,O(1),O(1),-,per-request,optimal,Not a pure read - can mutate OPEN to HALF_OPEN as a side effect.
src/exchange/circuit_breaker.py,152,CircuitBreaker.is_call_allowed,O(1),O(1),-,per-request,optimal,Lock acquire + env-var read per call; two O(1) transition checks.
src/exchange/circuit_breaker.py,164,CircuitBreaker.cooldown_remaining,O(1),O(1),-,per-request,optimal,
src/exchange/circuit_breaker.py,173,CircuitBreaker.record_success,O(1),O(1),-,per-request,optimal,
src/exchange/circuit_breaker.py,184,CircuitBreaker.record_failure,O(1),O(1),-,per-request,optimal,Classification via _is_transient_error is constant-bounded.
src/exchange/circuit_breaker.py,209,CircuitBreaker.record_short_circuit,O(1),O(1),-,per-request,optimal,
src/exchange/circuit_breaker.py,214,CircuitBreaker.force_close,O(1),O(1),-,rare,optimal,
src/exchange/circuit_breaker.py,221,CircuitBreaker._transition_to_open,O(1),O(1),-,rare,optimal,Formats the exception repr eagerly into the log call's args tuple even when WARNING is filtered.
src/exchange/circuit_breaker.py,231,CircuitBreaker._transition_to_closed,O(1),O(1),-,rare,optimal,
src/exchange/circuit_breaker.py,239,CircuitBreaker._maybe_transition_to_half_open,O(1),O(1),-,per-request,optimal,
src/exchange/circuit_breaker.py,248,CircuitBreaker._maybe_decay_failures,O(1),O(1),-,per-request,optimal,"Rolling window is approximated by a single last_failure_at timestamp, so no per-failure list to scan."
src/exchange/circuit_breaker.py,261,CircuitBreakerRegistry.__init__,O(1),O(1),-,startup,optimal,
src/exchange/circuit_breaker.py,265,CircuitBreakerRegistry.get,O(1),O(1),-,per-request,optimal,Dict get/insert under a lock; registry grows unbounded with distinct keys (never evicted).
src/exchange/circuit_breaker.py,273,CircuitBreakerRegistry.all_keys,O(K),O(K),breakers registered,rare,optimal,list() copies the key view.
src/exchange/circuit_breaker.py,277,CircuitBreakerRegistry.all_open,O(K),O(K),breakers registered,rare,optimal,"b.state() takes each breaker's lock while holding the registry lock, and can mutate OPEN->HALF_OPEN."
src/exchange/circuit_breaker.py,282,CircuitBreakerRegistry.reset_all,O(K),O(1),breakers registered,rare,optimal,Nested lock acquisition: registry lock held across every breaker's own lock.
src/exchange/circuit_breaker.py,292,get_breaker_registry,O(1),O(1),-,per-request,optimal,Double-checked singleton; the fast path takes no lock at all.
src/exchange/circuit_breaker.py,307,reset_for_test,O(1),O(1),-,rare,optimal,"Drops the whole registry; existing breaker references held elsewhere are orphaned, not closed."
src/exchange/circuit_breaker.py,313,call_with_breaker,O(fn),O(fn),-,per-request,optimal,Wrapper bookkeeping is O(1); all cost is the awaited exchange call.
src/exchange/crypto_assets.py,54,_register,O(1),O(1),-,startup,optimal,Called 40 times at import time to build the module-level ASSETS dict.
src/exchange/crypto_assets.py,325,AssetManager.__init__,O(1),O(1),-,startup,optimal,mkdir(parents=True) touches the filesystem on every construction.
src/exchange/crypto_assets.py,329,AssetManager.get_asset,O(1),O(1),-,per-paint,optimal,
src/exchange/crypto_assets.py,333,AssetManager.list_assets,O(A),O(A),A = registered assets (~40),rare,optimal,"Shallow list copy - the CryptoAsset objects are shared with the module dict, so mutation leaks back."
src/exchange/crypto_assets.py,337,AssetManager.search,O(A*L),O(A),"A = registered assets, L = symbol/name length",rare,"O(A) with precomputed lowercase fields, or O(log A) with a sorted prefix index","Lower-cases every symbol and name on every call, then substring-scans both; nothing is cached between searches."
src/exchange/crypto_assets.py,345,AssetManager.get_logo_path,O(1),O(1),-,per-paint,optimal,"Three filesystem stat() calls per invocation; no in-memory hit cache, so a paint loop re-stats every frame."
src/exchange/crypto_assets.py,354,AssetManager.download_logo,O(B),O(B),B = downloaded image bytes,rare,optimal,Blocking 10s-timeout network call that reads the whole response into memory before writing; a miss re-downloads.
src/exchange/crypto_assets.py,379,AssetManager.get_logo_url,O(1),O(1),-,per-paint,optimal,
src/exchange/crypto_assets.py,386,AssetManager.get_description,O(1),O(1),-,per-paint,optimal,
src/exchange/crypto_assets.py,391,AssetManager.get_whitepaper_url,O(1),O(1),-,per-paint,optimal,
src/exchange/currency_rate_monitor.py,65,CurrencyRates.age_seconds,O(1),O(1),-,per-paint,optimal,
src/exchange/currency_rate_monitor.py,71,CurrencyRates.has_btc,O(1),O(1),-,per-paint,optimal,
src/exchange/currency_rate_monitor.py,74,CurrencyRates.has_eth,O(1),O(1),-,per-paint,optimal,
src/exchange/currency_rate_monitor.py,87,CurrencyRateMonitor.__init__,O(1),O(1),-,startup,optimal,
src/exchange/currency_rate_monitor.py,92,CurrencyRateMonitor.refresh_seconds,O(1),O(1),-,periodic,optimal,
src/exchange/currency_rate_monitor.py,95,CurrencyRateMonitor.snapshot,O(1),O(1),-,per-paint,optimal,"returns the live dataclass reference, not a copy - callers share the same mutable snapshot"
src/exchange/currency_rate_monitor.py,98,CurrencyRateMonitor.is_stale,O(1),O(1),-,periodic,optimal,
src/exchange/currency_rate_monitor.py,104,CurrencyRateMonitor._derive,O(1),O(1),-,periodic,optimal,six fixed divisions/multiplications
src/exchange/currency_rate_monitor.py,116,CurrencyRateMonitor.update_from_prices,O(1),O(1),-,periodic,optimal,allocates one fresh CurrencyRates dataclass per call
src/exchange/currency_rate_monitor.py,141,CurrencyRateMonitor.refresh_from_connectors,O(Cn),O(Cn),Cn = connectors tried before one answers,periodic,optimal,two sequential get_ticker awaits per connector; breaks on first success so the happy path is one connector
src/exchange/currency_rate_monitor.py,186,get_currency_monitor,O(1),O(1),-,per-paint,optimal,lazy process-wide singleton
src/exchange/data_pool.py,53,CacheEntry.age_seconds,O(1),O(1),-,per-tick,optimal,
src/exchange/data_pool.py,57,CacheEntry.ttl_seconds,O(1),O(1),-,per-tick,optimal,"TF_SECONDS is a dict, so the lookup is hashed, not scanned"
src/exchange/data_pool.py,61,CacheEntry.is_stale,O(1),O(1),-,per-tick,optimal,"two property calls (age_seconds, ttl_seconds) plus a time.time() syscall per access"
src/exchange/data_pool.py,83,BalanceEntry.is_stale,O(1),O(1),-,per-tick,optimal,
src/exchange/data_pool.py,89,BalanceEntry.has_data,O(1),O(1),-,per-tick,optimal,
src/exchange/data_pool.py,107,TickerEntry.is_stale,O(1),O(1),-,per-tick,optimal,
src/exchange/data_pool.py,111,TickerEntry.has_data,O(1),O(1),-,per-tick,optimal,
src/exchange/data_pool.py,116,_candle_key,O(1),O(1),-,per-tick,optimal,f-string allocates a new key string on every call; keys are short and bounded
src/exchange/data_pool.py,120,_ticker_key,O(1),O(1),-,per-tick,optimal,
src/exchange/data_pool.py,124,_balance_key,O(1),O(1),-,per-tick,optimal,
src/exchange/data_pool.py,136,MarketDataPool.__init__,O(1),O(1),-,startup,optimal,"allocates 8 empty dicts/counters; singleton, so runs once"
src/exchange/data_pool.py,178,MarketDataPool.register,O(1),O(1),-,startup,optimal,two hashed dict probes; slot creation is amortized O(1)
src/exchange/data_pool.py,193,MarketDataPool.unregister,O(1),O(1),-,rare,optimal,
src/exchange/data_pool.py,211,MarketDataPool.get_candles,O(1),O(1),-,per-tick,optimal,"returns the live cache list by reference, no copy — a caller mutating it corrupts the shared slot"
src/exchange/data_pool.py,221,MarketDataPool.get_ticker,O(1),O(1),-,per-tick,optimal,
src/exchange/data_pool.py,226,MarketDataPool.is_fresh,O(1),O(1),-,per-tick,optimal,
src/exchange/data_pool.py,234,MarketDataPool.get_or_fetch_ticker,O(1),O(1),-,per-tick,optimal,"cache-hit path is pure O(1); miss path cost is one connector.get_ticker network RTT, serialised by a per-symbol lock"
src/exchange/data_pool.py,375,MarketDataPool.get_or_fetch_ohlcv,O(limit),O(limit),"limit (requested candle window, default 100)",per-tick,O(1) if a cached immutable window were shared instead of re-sliced,"even on a cache hit, list(entry.candles[-limit:]) copies `limit` rows; miss path also copies the whole fetched list"
src/exchange/data_pool.py,459,MarketDataPool.get_or_fetch_balance,O(1),O(1),-,per-tick,optimal,miss path cost is one connector.get_balance network RTT behind a per-currency lock; 10s TTL
src/exchange/data_pool.py,537,MarketDataPool.invalidate_balance,O(B),O(B),number of balance cache slots,per-trade,O(1) when currency is given — key is directly computable via _balance_key,list(self._balances.items()) snapshots the whole dict even when only one currency is targeted
src/exchange/data_pool.py,560,MarketDataPool.seconds_until_next_pull,O(S),O(1),total cache slots (tickers + candles + balances),periodic,optimal,"three sequential scans, one per slot dict"
src/exchange/data_pool.py,593,MarketDataPool.slot_ages,O(S),O(S),total cache slots (tickers + candles + balances),periodic,O(S) time but O(1) space by folding min/max/count in one pass,"materialises an `ages` list then a second `ages_only` list, then makes 3 more passes (min, max, sum)"
src/exchange/data_pool.py,632,MarketDataPool.pull_rate_summary,O(S),O(S),total cache slots,periodic,one pass — slot_ages already computes everything seconds_until_next_pull needs,"scans every slot twice: once via slot_ages, again via seconds_until_next_pull"
src/exchange/data_pool.py,664,MarketDataPool.refresh_all,O(T + C),O(1),stale ticker + candle slots (each = one network RTT),periodic,same call count but O(1) wall-clock rounds via asyncio.gather,"awaits each fetch sequentially while holding self._lock, so wall-clock is the SUM of RTTs, not the max"
src/exchange/data_pool.py,730,MarketDataPool.get_status,O(C),O(1),number of candle cache slots,periodic,O(1) with a running subscriber total maintained by register/unregister,sum() over every candle entry to recompute total_subscribers
src/exchange/data_pool.py,756,get_data_pool,O(1),O(1),-,per-tick,optimal,lazy singleton; not thread-safe (no lock) unlike get_event_bus
src/exchange/exchange_chart_urls.py,54,chart_url,O(L),O(L),L = len(symbol),rare,optimal,"Up to 3 separator probes, each an O(L) scan; the builder itself is one f-string."
src/exchange/exchange_chart_urls.py,86,supported_exchanges,O(K log K),O(K),K = len(_URL_BUILDERS) (14),rare,O(K) if the sorted tuple were computed once at import,Re-sorts the registry keys on every call.
src/exchange/idempotency.py,70,TradeIntent.fingerprint,O(1),O(1),-,per-trade,optimal,SHA-256 over a bounded fixed-shape string built from 7 scalar fields.
src/exchange/idempotency.py,90,IdempotencyLayer.__init__,O(1),O(1),-,startup,optimal,
src/exchange/idempotency.py,102,IdempotencyLayer.derive_coid,O(C),O(C),"cached coids (C, capped at max_entries)",per-trade,O(1) amortized,Own work is O(1); the O(C) is the unconditional _evict_expired full-cache sweep on every call.
src/exchange/idempotency.py,126,IdempotencyLayer.mark_fulfilled,O(1),O(1),-,per-trade,optimal,
src/exchange/idempotency.py,135,IdempotencyLayer.invalidate,O(1),O(1),-,per-trade,optimal,
src/exchange/idempotency.py,143,IdempotencyLayer.is_known,O(C),O(C),cached coids (C),per-trade,O(1) amortized,The membership test is O(1); the O(C) is the _evict_expired sweep it runs first.
src/exchange/idempotency.py,149,IdempotencyLayer._evict_expired,O(C),O(C),"cached coids (C, capped at max_entries)",per-trade,O(k log C),Materializes an expired-key list before deleting; a TTL min-heap or OrderedDict touches only the k expired entries.
src/exchange/idempotency.py,155,IdempotencyLayer._enforce_size_limit,O(C log C),O(C),cached coids (C),rare,O(1) amortized,Early-returns under the cap; over the cap it sorts the entire cache by issued_at and slice-copies the overflow prefix.
src/exchange/idempotency.py,164,IdempotencyLayer.stats,O(C),O(C),cached coids (C),rare,optimal,One evict sweep plus a second pass to count fulfilled entries.
src/exchange/idempotency.py,180,get_idempotency_layer,O(1),O(1),-,per-trade,optimal,Double-checked locking; the fast path never takes the lock.
src/exchange/idempotency.py,190,reset_for_test,O(1),O(1),-,rare,optimal,
src/exchange/market_data.py,26,_load_coingecko_ids,O(A),O(A),A = len(ASSETS) in crypto_assets (~406 tracked assets),startup,optimal,the module-global guard makes every call after the first O(1)
src/exchange/market_data.py,56,fetch_market_data,O(S + B),O(S + B),S = symbols requested; B = total bytes across all CoinGecko responses,periodic,optimal,blocking time.sleep(2.5) between 50-id batches on the caller's thread; 406 assets = 8 batches = ~18 s wall clock
src/exchange/market_data.py,98,_fetch_batch,O(B),O(B),B = bytes in the CoinGecko response body; C = coins returned (<=50),periodic,optimal,json.loads materializes the whole body before the per-coin loop
src/exchange/market_data.py,150,get_asset_volume,O(B),O(B),B = bytes in the CoinGecko response (0 on a warm cache),per-request,O(1) on a warm cache,"on a cache miss this does a network round-trip, then _market_cache is REPLACED by the one-symbol result"
src/exchange/market_data.py,156,get_asset_volatility,O(B),O(B),B = bytes in the CoinGecko response (0 on a warm cache),per-request,O(1) on a warm cache,same single-symbol cache clobber as get_asset_volume; calling both in a row costs two full fetches
src/exchange/market_pairs_scout.py,71,PairSnapshot.spread,O(1),O(1),-,per-paint,optimal,
src/exchange/market_pairs_scout.py,79,PairSnapshot.spread_pct,O(1),O(1),-,per-paint,optimal,
src/exchange/market_pairs_scout.py,88,PairSnapshot.age_seconds,O(1),O(1),-,per-paint,optimal,
src/exchange/market_pairs_scout.py,94,PairSnapshot.usd_per_base,O(1),O(1),-,per-paint,optimal,"Membership test is against a fixed 4-tuple, so constant despite being a linear scan."
src/exchange/market_pairs_scout.py,118,MarketPairsScout.__init__,O(1),O(1),-,startup,optimal,
src/exchange/market_pairs_scout.py,128,MarketPairsScout.refresh_seconds,O(1),O(1),-,per-paint,optimal,
src/exchange/market_pairs_scout.py,131,MarketPairsScout.pairs_for,O(T),O(m),T = total pairs across all polled exchanges (~700 on Coinbase),per-candle,O(m log m) with a base -> pairs index built during ingest_tickers,"Full linear scan of every exchange's whole book per call; no base index, and the docstring puts this in the bot tick."
src/exchange/market_pairs_scout.py,155,MarketPairsScout.quote_currencies_for,O(T),O(m),T = total pairs across polled exchanges,per-paint,O(q log q) with a base -> quotes index,"Inherits pairs_for's full scan AND its sort, then discards the ordering to build a set."
src/exchange/market_pairs_scout.py,165,MarketPairsScout.has_pair,O(T),O(m),T = total pairs across polled exchanges,per-paint,"O(1) via a (base,quote) keyed dict",Builds and sorts the entire base's pair list through pairs_for just to test one quote currency.
src/exchange/market_pairs_scout.py,176,MarketPairsScout.get_pair,O(T),O(m),T = total pairs across polled exchanges,per-paint,"O(1) via a (base,quote) keyed dict",Same full-scan-plus-sort as has_pair; the symbol key is already in _snapshots and could be hit directly.
src/exchange/market_pairs_scout.py,187,MarketPairsScout.last_refresh,O(1),O(1),-,per-paint,optimal,
src/exchange/market_pairs_scout.py,190,MarketPairsScout.last_error,O(1),O(1),-,per-paint,optimal,
src/exchange/market_pairs_scout.py,193,MarketPairsScout.is_stale,O(1),O(1),-,periodic,optimal,
src/exchange/market_pairs_scout.py,210,MarketPairsScout.ingest_tickers,O(Te),O(Te),Te = len(tickers) for that exchange,periodic,optimal,Rebuilds the exchange's entire book each refresh and swaps it in; the previous dict is dropped wholesale.
src/exchange/market_pairs_scout.py,255,MarketPairsScout.refresh_from_connectors,O(K*Te),O(K*Te),"K = connectors, Te = pairs per exchange",periodic,"same work, but asyncio.gather would collapse K round-trips into one wall-clock wait","Connectors are awaited sequentially in a for loop, so total latency is the SUM of network round-trips, not the max."
src/exchange/market_pairs_scout.py,295,get_scout,O(1),O(1),-,per-paint,optimal,"Unguarded module singleton - no lock, unlike privacy_mask_registry's accessor."
src/exchange/market_pairs_scout.py,302,reset_scout_for_tests,O(1),O(1),-,rare,optimal,
src/exchange/position_health.py,53,compute_position_health,O(T),O(T),len(trades),per-request,optimal,Inner FIFO while-loop is amortized O(1) per trade — each buy lot is popped exactly once across all sells.
src/exchange/position_health.py,132,compute_avg_entry,O(T),O(T),len(trades),per-request,optimal,Runs the full aggregation (including FIFO realized-pnl matching) to return one scalar.
src/exchange/position_health.py,137,compute_realized_pnl,O(T),O(T),len(trades),per-request,optimal,Full re-aggregation; calling this alongside compute_avg_entry walks the trade list twice.
src/exchange/timeframes.py,65,available_timeframes,O(1),O(1),-,rare,optimal,Comprehension walks the fixed 11-element ALL_TIMEFRAMES with O(1) frozenset membership; builds a new tuple each call.
src/exchange/timeframes.py,81,is_supported,O(1),O(1),-,rare,optimal,Rebuilds the whole filtered tuple just to test one membership; a direct _AVAILABILITY lookup would avoid the allocation.
src/exchange/timeframes.py,86,filter_timeframes,O(R),O(R),R = len(requested),rare,optimal,"The allow set is built from a fixed 11-element tuple, so only the requested iterable scales."
src/gui/alerts_tab.py,31,AlertsTab.__init__,O(1),O(1),-,startup,optimal,Cost is the fixed-widget _setup_ui call.
src/gui/alerts_tab.py,37,AlertsTab._setup_ui,O(1),O(1),-,startup,optimal,Fixed widget count; both tables start empty and are filled by refresh().
src/gui/alerts_tab.py,171,AlertsTab._test_telegram,O(1),O(1),-,rare,optimal,_send_telegram is a blocking network call made directly on the GUI thread.
src/gui/alerts_tab.py,194,AlertsTab._save_config,O(1),O(1),-,rare,optimal,
src/gui/alerts_tab.py,210,AlertsTab._acknowledge_all,O(H + R),O(1),"H=notifications in history, R=routing rules",rare,optimal,"acknowledge_all walks the history, then refresh() rebuilds both tables."
src/gui/alerts_tab.py,216,AlertsTab.refresh,O(R),O(R),number of event-routing rules in config,periodic,optimal,"History side is bounded by the history[-100:] slice, so it is a fixed 500 setItem calls; rules table is R x 5."
src/gui/analytics_tab.py,31,MetricCard.__init__,O(1),O(1),-,startup,optimal,
src/gui/analytics_tab.py,48,MetricCard.set_value,O(1),O(1),-,periodic,optimal,"re-parses a full stylesheet string per update, forcing a Qt style recalc even when the color is unchanged"
src/gui/analytics_tab.py,54,MiniEquityChart.__init__,O(1),O(1),-,startup,optimal,
src/gui/analytics_tab.py,60,MiniEquityChart.set_data,O(1),O(1),-,periodic,optimal,stores the list by reference (no copy); update() only schedules a repaint
src/gui/analytics_tab.py,64,MiniEquityChart.paintEvent,O(P),O(P),"P = equity points in the 24h window (up to ~8,640)",per-paint,O(width) by decimating to one point per pixel column,"four O(P) list builds (equities, times, points, QPolygonF) plus one drawLine call per segment"
src/gui/analytics_tab.py,141,AnalyticsTab.__init__,O(1),O(1),-,startup,optimal,
src/gui/analytics_tab.py,147,AnalyticsTab._setup_ui,O(1),O(1),-,startup,optimal,"fixed widget count: 8 metric cards, 2 tables, 2 splitters"
src/gui/analytics_tab.py,232,AnalyticsTab.refresh,O(T + E + B log B),O(T),"T = stored trades, E = equity points, B = bots, F = timeframes",periodic,O(B + F) by caching engine aggregates and updating cells in place,"full table rebuild each 2s tick: a new QTableWidgetItem per cell, 10*B + 4*F cells, plus 3 full engine scans"
src/gui/audio_suite.py,55,ToneGenerator.generate_wav,O(S*I),O(S),"S = SR*(duration+2) samples (~1.41M at 30s), I = 5 preset intervals",rare,optimal,~7M sin() evals; bytearray grows 4B/sample then bytes(buf[:n*4]) copies another ~5.3MB
src/gui/audio_suite.py,96,_sc,O(callee),O(callee),cost of the wrapped Qt call,rare,optimal,"Pure try/except wrapper; all cost is attributed to func(*a, **kw)"
src/gui/audio_suite.py,109,WaveformWidget.__init__,O(1),O(1),-,startup,optimal,
src/gui/audio_suite.py,114,WaveformWidget.set_state,O(1),O(1),-,rare,optimal,update() only schedules a repaint; the O(width) cost lands in paintEvent
src/gui/audio_suite.py,116,WaveformWidget.animate,O(1),O(1),-,periodic,optimal,"Fires every 33ms; each call queues a paintEvent, so it drives O(width) work at ~30fps"
src/gui/audio_suite.py,118,WaveformWidget.paintEvent,O(w),O(1),w = widget width in px,per-paint,optimal,"4 layers x w/2 points, each a math.sin + drawLine; runs 30x/sec from the animate timer"
src/gui/audio_suite.py,143,DroneLayer.__init__,O(1),O(1),-,startup,optimal,Preset combo loop is over a fixed 8-entry class dict
src/gui/audio_suite.py,178,DroneLayer._on_error,O(1),O(1),-,rare,optimal,
src/gui/audio_suite.py,181,DroneLayer._on_state,O(1),O(1),-,rare,optimal,
src/gui/audio_suite.py,190,DroneLayer._on_vol,O(1),O(1),-,rare,optimal,
src/gui/audio_suite.py,193,DroneLayer.gen_play,O(S),O(S),S = SR*(duration+2) samples synthesised by generate_wav,rare,optimal,Cost is entirely ToneGenerator.generate_wav; runs synchronously on the GUI thread
src/gui/audio_suite.py,207,DroneLayer.stop,O(1),O(1),-,rare,optimal,
src/gui/audio_suite.py,211,DroneLayer.is_active,O(1),O(1),-,rare,optimal,
src/gui/audio_suite.py,212,DroneLayer._on_end,O(1),O(1),-,periodic,optimal,"Fires every 30s per playing layer; re-uses the cached WAV, no regeneration"
src/gui/audio_suite.py,225,MusicPlayerPanel.__init__,O(1),O(1),-,startup,optimal,
src/gui/audio_suite.py,253,MusicPlayerPanel._add,O(f),O(f),f = files chosen in the dialog,rare,optimal,One list append + one QListWidget.addItem per file
src/gui/audio_suite.py,256,MusicPlayerPanel._tog,O(1),O(1),-,rare,optimal,
src/gui/audio_suite.py,262,MusicPlayerPanel._pi,O(1),O(1),-,rare,optimal,
src/gui/audio_suite.py,272,MusicPlayerPanel._stp,O(1),O(1),-,rare,optimal,
src/gui/audio_suite.py,275,MusicPlayerPanel._nxt,O(1),O(1),-,rare,optimal,
src/gui/audio_suite.py,277,MusicPlayerPanel._sv,O(1),O(1),-,rare,optimal,
src/gui/audio_suite.py,279,MusicPlayerPanel._oe,O(1),O(1),-,rare,optimal,Delegates to _nxt on end-of-media
src/gui/audio_suite.py,289,DroneEnginePanel.__init__,O(1),O(1),-,startup,optimal,Key loop is 12 fixed entries; layer loop is a fixed 4
src/gui/audio_suite.py,329,DroneEnginePanel._fx,O(1),O(1),-,rare,optimal,
src/gui/audio_suite.py,333,DroneEnginePanel._gen_all,O(S),O(S),"S = samples per layer (~1.41M); at most 4 layers, a constant",rare,optimal,Up to 4 sequential full WAV syntheses blocking the GUI thread; local 'sz' is computed then discarded
src/gui/audio_suite.py,351,DroneEnginePanel._stop_all,O(1),O(1),-,rare,optimal,Fixed 4-layer loop
src/gui/audio_suite.py,354,DroneEnginePanel._key_up,O(S),O(S),S = samples per layer resynthesised by _gen_all,rare,optimal,Cost is entirely the _gen_all regeneration it triggers
src/gui/audio_suite.py,358,DroneEnginePanel._es,O(1),O(1),-,rare,optimal,sum() is over the fixed 4 layers
src/gui/audio_suite.py,363,AudioSuiteTab.__init__,O(1),O(1),-,startup,optimal,Starts a 33ms repaint timer that runs for the life of the tab
src/gui/audio_suite.py,380,AudioSuiteTab.__init__,O(1),O(1),-,startup,optimal,No-Qt fallback stub; body is pass
src/gui/bot_live_settings.py,34,_compose_denom_row_text,O(1),O(1),-,periodic,optimal,Pure formatter; a few divisions plus f-string building.
src/gui/bot_live_settings.py,86,BotLiveSettingsDialog.__init__,O(T + X + P),O(T + X + P),"fold tranches T, wire transactions X, phantoms P",rare,optimal,Cost is entirely the 7 tab builders it calls; Bot Swarm (X) and Fold/Stack Tranches (T) dominate.
src/gui/bot_live_settings.py,311,BotLiveSettingsDialog._sibling_bot_ids,O(B),O(B),number of bots in BotManager._bots,rare,optimal,list(dict.keys()) materialises a full copy of the key list.
src/gui/bot_live_settings.py,323,BotLiveSettingsDialog._navigate_to_sibling,O(B),O(B),number of bots,rare,optimal,_sibling_bot_ids copy plus list.index() linear scan.
src/gui/bot_live_settings.py,351,BotLiveSettingsDialog.active_tab_index,O(1),O(1),-,rare,optimal,
src/gui/bot_live_settings.py,361,BotLiveSettingsDialog._wrap_scrollable,O(1),O(1),-,rare,optimal,Reparents an already-built widget; no traversal of its children here.
src/gui/bot_live_settings.py,388,BotLiveSettingsDialog._configure_form,O(1),O(1),-,rare,optimal,
src/gui/bot_live_settings.py,407,BotLiveSettingsDialog._refresh_target_denom_rows,O(1),O(1),-,periodic,optimal,"Fires every 5s; cost is up to 4 scout.get_pair lookups + 1 CurrencyRateMonitor snapshot, attributed to callees."
src/gui/bot_live_settings.py,486,BotLiveSettingsDialog._mark_changed,O(C),O(C),pending changed fields,rare,optimal,""", "".join over all pending keys rebuilds the label string on every single widget edit."
src/gui/bot_live_settings.py,515,BotLiveSettingsDialog._apply_changes,O(C),O(C),pending changed fields,rare,optimal,"Two dict comprehensions + apply loop + join + a re-split of the applied strings, all linear in C."
src/gui/bot_live_settings.py,612,BotLiveSettingsDialog._on_self_destruct_clicked,O(1),O(1),-,rare,optimal,Two modal dialogs plus a daemon-thread spawn; no data traversal.
src/gui/bot_live_settings.py,656,BotLiveSettingsDialog._on_self_destruct_clicked._run,O(1),O(1),-,rare,optimal,Own code O(1); cost is bot.self_destruct() (exchange round trip) run under asyncio.run on a fresh thread.
src/gui/bot_live_settings.py,686,BotLiveSettingsDialog._create_status_tab,O(1),O(1),-,rare,optimal,"Fixed ~12 form rows; the variable cost is bot.get_status(), attributed to that callee."
src/gui/bot_live_settings.py,802,BotLiveSettingsDialog._create_positions_held_tab,O(P),O(P),open extractor positions,rare,optimal,8 QTableWidgetItem setItem calls + 1 setCellWidget + 1 closure per row; full table rebuild each open.
src/gui/bot_live_settings.py,943,BotLiveSettingsDialog._create_positions_held_tab._make_fire_handler,O(1),O(1),-,rare,optimal,Factory: builds and returns one closure.
src/gui/bot_live_settings.py,944,BotLiveSettingsDialog._create_positions_held_tab._make_fire_handler._on_fire,O(1),O(1),-,rare,optimal,"Confirm dialog then run_coroutine_threadsafe; non-blocking dispatch, no wait on the future."
src/gui/bot_live_settings.py,1015,BotLiveSettingsDialog._create_fold_tranches_tab,O(T),O(T),open fold tranches,rare,optimal,"list() copy + sum + ages loop + max, then 9 setItem plus a QPushButton per row (10-column rebuild)."
src/gui/bot_live_settings.py,1270,BotLiveSettingsDialog._on_fire_tranche_clicked,O(T),O(T),open fold tranches,rare,optimal,"list.index(tranche) compares dicts BY VALUE, so each probe is a full dict compare, not an identity check."
src/gui/bot_live_settings.py,1367,BotLiveSettingsDialog._on_fire_tranche_clicked._check_future,O(1),O(1),-,periodic,optimal,"500 ms QTimer poll, self-stopping at 120 s; each tick is a done() check."
src/gui/bot_live_settings.py,1434,BotLiveSettingsDialog._format_age,O(1),O(1),-,rare,optimal,
src/gui/bot_live_settings.py,1453,BotLiveSettingsDialog._create_stack_tranches_tab,O(S),O(S),stack tranches,rare,optimal,"Four separate O(S) passes (copy, 3 status filters, sum, ages) then one QLabel widget per tranche — no table reuse."
src/gui/bot_live_settings.py,1582,BotLiveSettingsDialog._create_bot_swarm_tab,O(X + B),O(X),"wire transactions X, registered bots B",rare,"O(X) time, O(1) extra for recent_tx",recent_tx materialises the FULL filtered transaction list before slicing [:20]; transactions also scanned twice for lifetime sums.
src/gui/bot_live_settings.py,1952,BotLiveSettingsDialog._create_market_inspector_tab,O(1),O(1),-,rare,optimal,Pure delegation; all cost belongs to market_inspector.build_per_bot_view.
src/gui/bot_live_settings.py,1974,BotLiveSettingsDialog._create_settings_tab,O(1),O(1),-,rare,optimal,~60 fixed widget constructions across 9 group boxes; only data-dependent work is joining the extractor alt-target list.
src/gui/bot_live_settings.py,2597,BotLiveSettingsDialog._create_settings_tab._on_cb_reset_all,O(1),O(1),-,rare,optimal,Calls bot.reset_circuit_breaker then flashes button text via a 2 s singleShot.
src/gui/bot_live_settings.py,3053,BotLiveSettingsDialog._create_phantom_bots_tab,O(P + L),O(P + L),"phantoms P, cross-bot active locks L",rare,optimal,7 setItem per phantom + 4 per lock; TF checkbox loop is a fixed 11 iterations.
src/gui/bot_live_settings.py,3338,BotLiveSettingsDialog._phantom_tfs_changed,O(1),O(1),-,rare,optimal,Comprehension is over a fixed 11-entry checkbox dict.
src/gui/bot_swarm_list.py,87,BotSwarmLaneAllocator.__init__,O(1),O(1),-,startup,optimal,
src/gui/bot_swarm_list.py,90,BotSwarmLaneAllocator.assign,O(W^2),O(W),wires to place (W),per-paint,O(W log W),"The all() re-scans every interval already on a lane, so each of 8 lanes costs O(W) per wire; a sweep-line gets O(W log W)."
src/gui/bot_swarm_list.py,124,BotListView.__init__,O(1),O(1),-,startup,optimal,The lane loop runs a fixed LANE_COUNT=8 iterations.
src/gui/bot_swarm_list.py,156,BotListView.set_bots,O(rows),O(rows),bot rows to display,periodic,optimal,Full table rebuild: 12 QTableWidgetItem allocations per row (4 data + 8 empty lane cells) via setItem.
src/gui/bot_swarm_list.py,204,BotListView.bot_ids,O(rows),O(rows),bot rows in the list,periodic,optimal,list() defensively copies the whole id list.
src/gui/bot_swarm_list.py,207,BotListView.row_of_bot,O(rows),O(1),bot rows in the list,per-paint,O(1),list.index() is a linear scan; called 2x per wire in both set_wires and paintEvent. A bot_id->row dict makes it O(1).
src/gui/bot_swarm_list.py,213,BotListView.lane_col_x,O(1),O(1),-,per-paint,optimal,
src/gui/bot_swarm_list.py,222,BotListView.row_y_center,O(1),O(1),-,per-paint,optimal,
src/gui/bot_swarm_list.py,236,LaneWireCanvas.__init__,O(1),O(1),-,startup,optimal,
src/gui/bot_swarm_list.py,249,LaneWireCanvas.set_opacity_pct,O(1),O(1),-,rare,optimal,"Own work O(1), but update() schedules a full O(W*rows) paintEvent."
src/gui/bot_swarm_list.py,254,LaneWireCanvas.set_wires,O(W*rows + W^2),O(W),wires (W) and bot rows in the list,periodic,O(W log W),"Two linear row_of_bot scans per wire, then the allocator's quadratic assign."
src/gui/bot_swarm_list.py,273,LaneWireCanvas.paintEvent,O(W*rows),O(W),wires (W) and bot rows in the list,per-paint,O(W),"Re-does two linear row_of_bot lookups per wire per repaint, plus a fresh QLinearGradient with 5 stops per wire."
src/gui/bot_visualizer.py,32,_mask_or,O(1),O(1),-,per-paint,optimal,Fallback stub installed only when privacy_mask_registry import fails; ignores field_id and returns str(value).
src/gui/bot_visualizer.py,122,_tier_from_target_balance,O(1),O(1),-,rare,optimal,Dead code — no call site anywhere in the repo; TIER_PALETTES is likewise unreferenced outside its definition.
src/gui/bot_visualizer.py,188,Particle.__init__,O(1),O(1),-,per-paint,optimal,
src/gui/bot_visualizer.py,195,Particle.update,O(1),O(1),-,per-paint,optimal,
src/gui/bot_visualizer.py,201,Particle.alpha,O(1),O(1),-,per-paint,optimal,@property; pure arithmetic.
src/gui/bot_visualizer.py,244,BotNodeWidget.__init__,O(1),O(1),-,periodic,optimal,One instance constructed per newly-seen bot inside update_bots.
src/gui/bot_visualizer.py,266,BotNodeWidget.set_theme,O(1),O(1),-,rare,optimal,update() only schedules a repaint; the paint cost is not incurred here.
src/gui/bot_visualizer.py,270,BotNodeWidget.set_bot_data,O(1),O(1),-,periodic,optimal,Fixed 5-particle spawn on a trade; _particles/_trade_pulses grow unbounded until animate() prunes them.
src/gui/bot_visualizer.py,291,BotNodeWidget.animate,O(P),O(P),len(self._particles) + len(self._trade_pulses),per-paint,optimal,Both comprehensions allocate whole new lists every frame rather than filtering in place.
src/gui/bot_visualizer.py,304,BotNodeWidget._locust_body_path,O(1),O(1),-,per-paint,optimal,"Fixed 5 QPainterPaths rebuilt from scratch each paint; could be cached and keyed on (scale, wing_open)."
src/gui/bot_visualizer.py,384,BotNodeWidget.paintEvent,O(P),O(P),len(self._particles) + len(self._trade_pulses),per-paint,O(P),Everything else is fixed-count drawing; the tooltip f-string block is rebuilt and setToolTip called on every single paint.
src/gui/bot_visualizer.py,748,QuickRoutingMatrix.__init__,O(1),O(1),-,startup,optimal,
src/gui/bot_visualizer.py,867,QuickRoutingMatrix.rebuild_scope,O(n^2 + n*S),O(n),len(bot_ids),periodic,O(n),`bid in prior_src/prior_dst` is list membership (O(n) each); _symbol_for may re-parse bot_state.json per id. Use sets + one state read.
src/gui/bot_visualizer.py,902,QuickRoutingMatrix._symbol_for,O(S),O(S),size of bot_state.json,periodic,O(1),"Fast path is a dict hit, but the fallback loads and parses the ENTIRE state file for one symbol, with no caching."
src/gui/bot_visualizer.py,928,QuickRoutingMatrix._selected_sources,O(n),O(n),rows in the source QListWidget,rare,optimal,
src/gui/bot_visualizer.py,940,QuickRoutingMatrix._selected_destinations,O(n),O(n),rows in the destination QListWidget,rare,optimal,
src/gui/bot_visualizer.py,955,QuickRoutingMatrix._on_connect_clicked,O(S*D + F),O(S*D),"checked sources x checked destinations, F = bot_state.json size",rare,optimal,"Cartesian product materialised in full, then one whole-file read+write via _apply_routes_to_state, then S*D bus emits."
src/gui/bot_visualizer.py,990,QuickRoutingMatrix._on_disconnect_clicked,O(S*D + F),O(S*D),"checked sources x checked destinations, F = bot_state.json size",rare,optimal,
src/gui/bot_visualizer.py,1017,QuickRoutingMatrix._on_disconnect_all_clicked,O(B*R + F),O(B*R),bots x routes per bot in state,rare,optimal,Blocks on a modal QMessageBox first; cost is entirely in _clear_all_routes_in_state plus one emit per removed pair.
src/gui/bot_visualizer.py,1049,BotVisualizationTab.__init__,O(R^2 + F),O(R),total smart_wire_routes in bot_state.json,startup,O(R + F),"Widget tree is fixed-size; the dominant term is the _hydrate_smart_wire_routes_from_disk call, which is quadratic in R."
src/gui/bot_visualizer.py,1247,BotVisualizationTab.__init__._list_viewport_resized,O(1),O(1),-,rare,optimal,Monkey-patched onto the list viewport; chains to the captured original resizeEvent.
src/gui/bot_visualizer.py,1378,BotVisualizationTab.__init__._add_sim_bot,O(1),O(1),-,rare,optimal,
src/gui/bot_visualizer.py,1382,BotVisualizationTab.__init__._run_all_sims,O(n^2),O(n),len(self._sim_bots),rare,O(n),"btn.click() synchronously runs _toggle_run, which calls _update_sim_summary (O(n)) once per bot — hidden inner loop."
src/gui/bot_visualizer.py,1389,BotVisualizationTab.__init__._stop_all_sims,O(n^2),O(n),len(self._sim_bots),rare,O(n),Same synchronous click() -> _update_sim_summary recomputation per bot.
src/gui/bot_visualizer.py,1474,BotVisualizationTab.__init__._add_paper_bot,O(1),O(1),-,rare,optimal,
src/gui/bot_visualizer.py,1478,BotVisualizationTab.__init__._start_all_paper,O(n^2),O(n),len(self._paper_bots),rare,O(n),"click() runs _toggle synchronously, which re-runs _update_paper_summary (O(n)) for every bot."
src/gui/bot_visualizer.py,1485,BotVisualizationTab.__init__._stop_all_paper,O(n^2),O(n),len(self._paper_bots),rare,O(n),Same hidden per-bot summary recomputation.
src/gui/bot_visualizer.py,1501,BotVisualizationTab.__init__._on_tab_changed,O(1),O(1),-,rare,optimal,
src/gui/bot_visualizer.py,1519,BotVisualizationTab._create_sim_bot_row,O(1),O(1),-,rare,optimal,Fixed widget set; insertWidget into a QVBoxLayout is O(1) at the given index.
src/gui/bot_visualizer.py,1609,BotVisualizationTab._create_sim_bot_row._toggle_run,O(n),O(n),len(self._sim_bots) + len(self._live_sim_rows),rare,O(1),Cost is entirely the trailing _update_sim_summary full rescan; an incremental running-count would be O(1).
src/gui/bot_visualizer.py,1634,BotVisualizationTab._create_sim_bot_row._remove,O(n),O(n),len(self._sim_bots),rare,O(n),list.remove is a linear identity scan; summary rescan is the other O(n) term.
src/gui/bot_visualizer.py,1641,BotVisualizationTab._create_paper_bot_row,O(1),O(1),-,rare,optimal,
src/gui/bot_visualizer.py,1734,BotVisualizationTab._create_paper_bot_row._toggle,O(n),O(1),len(self._paper_bots),rare,O(1),"Cost attributed to _update_paper_summary, which sums cap_spin.value() over every paper bot."
src/gui/bot_visualizer.py,1759,BotVisualizationTab._create_paper_bot_row._remove,O(n),O(1),len(self._paper_bots),rare,O(n),list.remove linear scan + summary rescan.
src/gui/bot_visualizer.py,1812,BotVisualizationTab._create_swarm_row,O(1),O(1),-,rare,optimal,Fixed 10-field row; returns a fixed-key handle dict.
src/gui/bot_visualizer.py,1946,BotVisualizationTab._apply_stopped_style,O(1),O(1),-,rare,optimal,
src/gui/bot_visualizer.py,1959,BotVisualizationTab._apply_pnl_color,O(1),O(1),-,periodic,optimal,
src/gui/bot_visualizer.py,1967,BotVisualizationTab.register_sim_run,O(n),O(1),len(self._sim_bots) + len(self._live_sim_rows),rare,O(1),Row build is O(1); the trailing _update_sim_summary rescan dominates.
src/gui/bot_visualizer.py,1998,BotVisualizationTab.update_sim_run,O(n),O(n),len(self._sim_bots) + len(self._live_sim_rows),periodic,O(1),"Called on every sim progress tick, yet re-sums every row's _pnl and rebuilds the pnls list each time."
src/gui/bot_visualizer.py,2012,BotVisualizationTab.stop_sim_run,O(n),O(n),len(self._sim_bots) + len(self._live_sim_rows),rare,O(1),Cost is the _update_sim_summary rescan.
src/gui/bot_visualizer.py,2024,BotVisualizationTab._remove_live_sim,O(1),O(1),-,rare,optimal,
src/gui/bot_visualizer.py,2030,BotVisualizationTab.register_paper_run,O(n),O(1),len(self._paper_bots),rare,O(1),Cost is the trailing _update_paper_summary rescan.
src/gui/bot_visualizer.py,2059,BotVisualizationTab.update_paper_run,O(n),O(1),len(self._paper_bots),periodic,O(1),Per-tick call that re-sums every paper bot's capital spinbox via _update_paper_summary.
src/gui/bot_visualizer.py,2075,BotVisualizationTab.stop_paper_run,O(n),O(1),len(self._paper_bots),rare,O(1),
src/gui/bot_visualizer.py,2087,BotVisualizationTab._remove_live_paper,O(1),O(1),-,rare,optimal,
src/gui/bot_visualizer.py,2098,BotVisualizationTab.register_live_run,O(1),O(1),-,rare,optimal,"self._live_rows_layout no longer exists (row section deleted in Session 26), so this raises AttributeError if called."
src/gui/bot_visualizer.py,2125,BotVisualizationTab.update_live_run,O(1),O(1),-,periodic,optimal,Dict lookup returns None for every bot_id because _live_bot_rows is a permanently-empty shim.
src/gui/bot_visualizer.py,2145,BotVisualizationTab.stop_live_run,O(1),O(1),-,rare,optimal,
src/gui/bot_visualizer.py,2156,BotVisualizationTab._remove_live_bot_row,O(1),O(1),-,rare,optimal,
src/gui/bot_visualizer.py,2166,BotVisualizationTab._update_sim_summary,O(n + m),O(m),"n = len(self._sim_bots), m = len(self._live_sim_rows)",periodic,O(1),Three separate full passes (two genexpr counts + a materialised pnls list) that could be one loop or an incremental tally.
src/gui/bot_visualizer.py,2180,BotVisualizationTab._update_paper_summary,O(n),O(1),len(self._paper_bots),periodic,O(1),Two full passes; each cap_spin.value() is a Qt widget property read.
src/gui/bot_visualizer.py,2187,BotVisualizationTab._reposition_wire_canvas,O(d),O(1),widget-tree depth from grid to tab,periodic,optimal,mapTo walks the parent chain; depth is a small constant in practice.
src/gui/bot_visualizer.py,2212,BotVisualizationTab.resizeEvent,O(1),O(1),-,rare,optimal,
src/gui/bot_visualizer.py,2218,BotVisualizationTab._on_theme_changed,O(B),O(1),number of bot widgets,rare,optimal,
src/gui/bot_visualizer.py,2226,BotVisualizationTab._refresh_bot_swarm_privacy_dot,O(1),O(1),-,rare,optimal,
src/gui/bot_visualizer.py,2244,BotVisualizationTab._toggle_bot_swarm_identifier_mask,O(B^2 + B*S),O(B),number of bot widgets; S = bot_state.json size,rare,O(B),The B-loop of update() is trivial; cost is _rebuild_quick_routing_scope_in_place -> rebuild_scope (list membership + per-id state reads).
src/gui/bot_visualizer.py,2281,BotVisualizationTab._refresh_privacy_mode_btn,O(F),O(F),registered privacy-mask field ids,rare,O(F),reg.to_dict() materialises a snapshot of every field just to test whether any is set.
src/gui/bot_visualizer.py,2306,BotVisualizationTab._on_privacy_mode_btn_clicked,O(B^2 + B*S),O(B),number of bot widgets; S = bot_state.json size,rare,O(B + F),"Dominated by the _rebuild_quick_routing_scope_in_place tail, not the registry flip."
src/gui/bot_visualizer.py,2347,BotVisualizationTab._rebuild_quick_routing_scope_in_place,O(B^2 + B*S),O(B),bots in the matrix scope; S = bot_state.json size,rare,O(B),Attributed to rebuild_scope; the fallback branch also walks every QListWidget row to reconstruct the id list.
src/gui/bot_visualizer.py,2364,BotVisualizationTab._bot_exchange_id,O(S),O(S),size of bot_state.json,periodic,O(1),"Container fast path is O(1), but the disk fallback parses the whole state file per bot_id with no memoisation."
src/gui/bot_visualizer.py,2387,BotVisualizationTab._all_bot_ids_in_scope,O(B*S),O(B),number of bot widgets; S = bot_state.json size,periodic,O(B + S),Filter comprehension calls _bot_exchange_id once per bot — up to B full state-file parses.
src/gui/bot_visualizer.py,2401,BotVisualizationTab._rebuild_exchange_selector_items,O(B*S + E log E),O(B),"number of bot widgets, E distinct exchange ids",periodic,O(B + S),Per-bot _bot_exchange_id call dominates; the sort and the itemData restore scan are minor.
src/gui/bot_visualizer.py,2431,BotVisualizationTab._refresh_visible_bots,O(B*S),O(1),number of bot widgets; S = bot_state.json size,periodic,O(B + S),"Another per-bot _bot_exchange_id pass, redundant with the one _rebuild_exchange_selector_items just did."
src/gui/bot_visualizer.py,2446,BotVisualizationTab._refresh_quick_routing_scope,O(B^2 + B*S),O(B),number of bot widgets; S = bot_state.json size,periodic,O(B + S),Cost is _all_bot_ids_in_scope plus rebuild_scope; third per-bot state-file pass in the same refresh cycle.
src/gui/bot_visualizer.py,2456,BotVisualizationTab._on_exchange_filter_changed,O(B^2 + B*S),O(B),number of bot widgets; S = bot_state.json size,rare,O(B + S),Two independent per-bot exchange-id passes back to back.
src/gui/bot_visualizer.py,2463,BotVisualizationTab._on_view_mode_changed,O(1),O(1),-,rare,optimal,
src/gui/bot_visualizer.py,2482,BotVisualizationTab._on_wire_opacity_changed,O(1),O(1),-,rare,optimal,"Slider drag fires this per step, but each call only schedules repaints."
src/gui/bot_visualizer.py,2489,BotVisualizationTab._refresh_bot_list_rows,O(B + W),O(B + W),"B = bot widgets, W = len(self._wires)",periodic,optimal,Builds a fresh rows list every call; downstream set_bots is a full list-view rebuild (O(B) row inserts).
src/gui/bot_visualizer.py,2542,BotVisualizationTab._load_bot_state_dict,O(S),O(S),size of bot_state.json,rare,optimal,"Full read + JSON parse; no caching, so every caller pays it again."
src/gui/bot_visualizer.py,2549,BotVisualizationTab._save_bot_state_dict,O(S),O(S),size of the state dict,rare,optimal,json.dumps materialises the entire serialised document in memory before the atomic tmp-write/replace.
src/gui/bot_visualizer.py,2566,BotVisualizationTab._apply_routes_to_state,O(S + (A+D)*R),O(S),"A adds, D removes, R routes per source bot, S = state size",rare,O(S + A + D),Each add linearly scans that source's routes for a dedupe match; each remove rebuilds the route list.
src/gui/bot_visualizer.py,2577,BotVisualizationTab._apply_routes_to_state._ensure_routes,O(1),O(1),-,rare,optimal,Chained setdefault calls; returns the live list reference so callers mutate in place.
src/gui/bot_visualizer.py,2612,BotVisualizationTab._clear_all_routes_in_state,O(S + B*R),O(B*R),"B bots x R routes each, S = state size",rare,optimal,Load + full walk + save; the returned pair list is proportional to total routes.
src/gui/bot_visualizer.py,2636,BotVisualizationTab._hydrate_smart_wire_routes_from_disk,O(S + R^2),O(R),total smart_wire_routes across all bots,startup,O(S + R),"Each bus.emit runs _on_external_wire_created, which linearly scans the growing self._wires list — quadratic in R."
src/gui/bot_visualizer.py,2677,BotVisualizationTab._animate,O(B + W),O(1),"B = bot widgets, W = len(self._wires)",per-paint,optimal,"Fires every 33 ms; each widget.animate is itself O(particles), so real cost is O(sum of per-bot particle counts)."
src/gui/bot_visualizer.py,2701,BotVisualizationTab._get_bot_center,O(d),O(1),widget-tree depth,per-paint,optimal,mapToGlobal/mapFromGlobal each walk the parent chain; called O(W) times per canvas paint.
src/gui/bot_visualizer.py,2712,BotVisualizationTab._bot_at_pos,O(B),O(1),number of bot widgets,per-paint,O(1),Recomputes mapToGlobal(pos) inside the loop instead of once before it; a grid index lookup would be O(1).
src/gui/bot_visualizer.py,2721,BotVisualizationTab._start_wire_drag,O(1),O(1),-,rare,optimal,
src/gui/bot_visualizer.py,2726,BotVisualizationTab._update_wire_drag,O(1),O(1),-,per-paint,optimal,
src/gui/bot_visualizer.py,2730,BotVisualizationTab._finish_wire_drag,O(B + W),O(W),"W = len(self._wires), B = bot widgets",rare,optimal,Two filtering comprehensions each materialise a new list just to test emptiness/length.
src/gui/bot_visualizer.py,2764,BotVisualizationTab._show_disconnect_picker,O(W),O(W),len(self._wires),rare,optimal,Two full wire scans build the menu; menu.exec then blocks the event loop.
src/gui/bot_visualizer.py,2802,BotVisualizationTab._show_wire_config,O(1),O(1),-,rare,optimal,Modal dialog; append + two bus emits are O(1).
src/gui/bot_visualizer.py,2843,BotVisualizationTab._on_external_wire_created,O(W),O(1),len(self._wires),startup,O(1),"Linear dedupe scan on every event; a (src,tgt) dict index would make it O(1) and de-quadratify hydration."
src/gui/bot_visualizer.py,2876,BotVisualizationTab._on_external_wire_removed,O(W),O(W),len(self._wires),rare,O(1),Rebuilds the whole wire list to drop one entry.
src/gui/bot_visualizer.py,2895,BotVisualizationTab.remove_wire,O(W),O(W),len(self._wires),rare,O(1),Filtering comprehension allocates a replacement list; also calls get_event_bus() twice.
src/gui/bot_visualizer.py,2905,BotVisualizationTab._wire_at_pos,O(W^2),O(1),len(self._wires),per-paint,O(W),"Per wire it calls _get_wire_offset -> _is_bidirectional, itself an O(W) scan; the 7-point sampling is a constant factor."
src/gui/bot_visualizer.py,2935,BotVisualizationTab._is_bidirectional,O(W),O(1),len(self._wires),per-paint,O(1),"any() short-circuits but is still a linear scan; a set of (src,tgt) pairs would be O(1)."
src/gui/bot_visualizer.py,2940,BotVisualizationTab._get_wire_offset,O(W),O(1),len(self._wires),per-paint,O(1),"Computes both bot centers before the bidirectional test, so the O(W) scan is paid even for unidirectional wires."
src/gui/bot_visualizer.py,2960,BotVisualizationTab._show_disconnect_menu,O(W),O(1),len(self._wires),rare,O(1),Cost is the _is_bidirectional scan; menu.exec then blocks.
src/gui/bot_visualizer.py,2998,BotVisualizationTab.update_bots,O(B^2 + B*S + B*W),O(B),"B = len(bot_statuses), W = wires, S = bot_state.json size",periodic,O(B + W + S),Full grid teardown/rebuild every call; removal pass rebuilds _wires per removed bot; three per-bot state-file passes at the tail.
src/gui/bot_visualizer.py,3090,_WireCanvas.__init__,O(1),O(1),-,startup,optimal,
src/gui/bot_visualizer.py,3097,_WireCanvas.mousePressEvent,O(B + W^2),O(1),"B = bot widgets, W = wires",rare,O(B + W),Right-click path pays the quadratic _wire_at_pos.
src/gui/bot_visualizer.py,3111,_WireCanvas.mouseMoveEvent,O(W^2),O(1),len(self._viz._wires),per-paint,O(W),Runs _wire_at_pos on EVERY mouse move just to pick a cursor shape — the hottest quadratic path in the file.
src/gui/bot_visualizer.py,3123,_WireCanvas.mouseReleaseEvent,O(B + W),O(W),"B = bot widgets, W = wires",rare,optimal,Cost attributed to _finish_wire_drag.
src/gui/bot_visualizer.py,3129,_WireCanvas.paintEvent,O(W^2),O(W),len(self._viz._wires),per-paint,O(W),_get_wire_offset inside the wire loop is O(W) each; offsets could be precomputed once per frame into a dict.
src/gui/bot_visualizer.py,3181,_WireCanvas._draw_glow_wire,O(1),O(1),-,per-paint,optimal,"Fixed op count, but 3 stacked drawPath passes plus 4 pointAtPercent arc-length queries per wire per frame."
src/gui/bot_wizard.py,33,_get_coin_icon,O(P),O(P),P = pixels in the source logo image (size^2 on the fallback draw path),rare,optimal,download=True makes a blocking network fetch; UI-thread callers pass download=False.
src/gui/bot_wizard.py,86,AssetSelectionPage.__init__,O(A + M log M),O(A + M),"A = len(ASSETS), M = markets on the exchange",rare,optimal,"Builds the description cache O(A), then _on_exchange_changed() blocks on a live ccxt market load."
src/gui/bot_wizard.py,139,AssetSelectionPage._on_exchange_changed,O(M log M),O(M),M = markets on the selected exchange,rare,optimal,Cached per exchange_id; first call blocks the UI thread on load_markets + fetch_tickers.
src/gui/bot_wizard.py,153,AssetSelectionPage._fetch_markets,O(M),O(M),M = markets returned by the exchange,rare,optimal,"Two blocking network round-trips; the ASSETS fallback path sorts, O(A log A)."
src/gui/bot_wizard.py,199,AssetSelectionPage._filter_assets,O(F*s^2),O(F),"F = pairs matching the base currency, s = icon edge px (20)",rare,O(M + F log F),Per-row _get_coin_icon rebuilds a QPixmap on every refilter; a symbol->QIcon cache drops the s^2 term.
src/gui/bot_wizard.py,224,AssetSelectionPage._update_info,O(1),O(1),-,rare,optimal,
src/gui/bot_wizard.py,229,AssetSelectionPage._show_info,O(1),O(1),-,rare,optimal,Modal exec() blocks until the operator dismisses it.
src/gui/bot_wizard.py,244,AssetSelectionPage.get_config,O(1),O(1),-,rare,optimal,
src/gui/bot_wizard.py,251,ModeSelectionPage.__init__,O(1),O(1),-,rare,optimal,
src/gui/bot_wizard.py,295,ModeSelectionPage.is_grid,O(1),O(1),-,rare,optimal,Hard-coded False since Grid mode was excised.
src/gui/bot_wizard.py,297,ModeSelectionPage.is_extractor,O(1),O(1),-,rare,optimal,
src/gui/bot_wizard.py,320,ExtractorPoolPage.__init__,O(M log M),O(M),M = markets on the exchange,rare,optimal,Cost is _on_exchange_changed(); this page keeps a market cache separate from AssetSelectionPage's.
src/gui/bot_wizard.py,376,ExtractorPoolPage._on_exchange_changed,O(M log M),O(M),M = markets on the selected exchange,rare,optimal,First call per exchange blocks the UI thread on the ccxt load.
src/gui/bot_wizard.py,391,ExtractorPoolPage._fetch_markets,O(M),O(M),M = markets returned by the exchange,rare,optimal,Two blocking network round-trips (load_markets + fetch_tickers).
src/gui/bot_wizard.py,436,ExtractorPoolPage._refresh_alt_list,O(M + F log F),O(F),"M = cached markets, F = pairs quoted in the selected base",rare,optimal,One QListWidgetItem per pair; the whole list is rebuilt on every base-currency change.
src/gui/bot_wizard.py,469,ExtractorPoolPage._select_all,O(n),O(1),n = rows in the alt list,rare,optimal,
src/gui/bot_wizard.py,473,ExtractorPoolPage._clear_all,O(n),O(1),n = rows in the alt list,rare,optimal,
src/gui/bot_wizard.py,477,ExtractorPoolPage.get_config,O(n),O(k),"n = rows in the alt list, k = checked rows",rare,optimal,
src/gui/bot_wizard.py,518,TradingParamsPage.__init__,O(1),O(1),-,rare,optimal,"~60 widgets across 9 group boxes, but a fixed count - no input-dependent work."
src/gui/bot_wizard.py,586,TradingParamsPage.__init__._mkform,O(1),O(1),-,rare,optimal,
src/gui/bot_wizard.py,1377,TradingParamsPage._on_visibility_changed,O(1),O(1),-,rare,optimal,Empty body (pass).
src/gui/bot_wizard.py,1381,TradingParamsPage.set_exchange_id,O(T),O(T),T = timeframes the exchange supports,rare,optimal,"findData is a linear combo scan, but T <= ~10."
src/gui/bot_wizard.py,1407,TradingParamsPage.set_mode,O(1),O(1),-,rare,optimal,Fixed 8-group visibility sweep.
src/gui/bot_wizard.py,1440,TradingParamsPage.get_config,O(1),O(1),-,rare,optimal,"~40 fixed dict entries on the scrumming branch, 14 on the extractor branch."
src/gui/bot_wizard.py,1576,ProfitFoldingPage.__init__,O(1),O(1),-,rare,optimal,
src/gui/bot_wizard.py,1621,ProfitFoldingPage.get_config,O(1),O(1),-,rare,optimal,
src/gui/bot_wizard.py,1639,PhantomConfigPage.__init__,O(1),O(1),-,rare,optimal,Loops a hard-coded 11-timeframe list.
src/gui/bot_wizard.py,1670,PhantomConfigPage.get_config,O(T),O(T),T = timeframe checkboxes (11),rare,optimal,
src/gui/bot_wizard.py,1681,PhantomConfigPage.set_exchange_id,O(T),O(T),T = timeframe checkboxes (11),rare,optimal,"allowed is built as a set, so each membership test is O(1)."
src/gui/bot_wizard.py,1704,PhantomConfigPage.validatePage,O(T),O(T),T = checked timeframe checkboxes,rare,optimal,Real cost is the api_load_monitor call plus a modal exec() that blocks on operator input.
src/gui/bot_wizard.py,1757,BotCreationWizard.__init__,O(M log M),O(M),M = markets on the default exchange,rare,O(M log M) once,"Constructs BOTH AssetSelectionPage and ExtractorPoolPage, so the market list is fetched twice."
src/gui/bot_wizard.py,1788,BotCreationWizard._on_page_changed,O(T),O(1),T = timeframes the exchange supports,rare,optimal,Cost is set_exchange_id() on the params or phantom page.
src/gui/bot_wizard.py,1813,BotCreationWizard.nextId,O(1),O(1),-,rare,optimal,
src/gui/bot_wizard.py,1842,BotCreationWizard.get_bot_config,O(n),O(1),n = rows in the extractor alt list (0 in scrumming mode),rare,optimal,All cost is in the page get_config() callees; only ExtractorPoolPage's is input-dependent.
src/gui/buy_confirmation_dialog.py,49,get_broker,O(1),O(1),-,per-trade,optimal,Lazy singleton; constructs the broker only on the first call.
src/gui/buy_confirmation_dialog.py,84,_BuyConfirmationBroker.__init__,O(1),O(1),-,startup,optimal,
src/gui/buy_confirmation_dialog.py,92,_BuyConfirmationBroker.request_confirmation,O(1),O(1),-,per-trade,optimal,"Builds a fixed 11-key payload; wall time is the operator's response (up to the 60 s timeout), not computation."
src/gui/buy_confirmation_dialog.py,146,_BuyConfirmationBroker._on_request_received,O(1),O(1),-,per-trade,optimal,dlg.exec() runs a nested Qt event loop on the GUI thread until the operator answers.
src/gui/buy_confirmation_dialog.py,179,BuyConfirmationDialog.__init__,O(1),O(1),-,per-trade,optimal,Fixed widget count; the details QLabel builds one rich-text string of bounded length.
src/gui/buy_confirmation_dialog.py,251,BuyConfirmationDialog._answer,O(1),O(1),-,per-trade,optimal,
src/gui/buy_confirmation_dialog.py,259,_BuyConfirmationBroker.request_confirmation,O(1),O(1),-,rare,optimal,Headless no-Qt stub (second class of the same name); logs and returns the safe 'no' default.
src/gui/chart_data.py,47,extend_from_archive,O(G*C + M),O(C),"G=*_max.json files, C=len(COINGECKO_IDS), M=manifest bytes",startup,O(G + C + M),Rebuilds the whole COINGECKO_IDS value-set inside the per-file loop; hoisting it out drops the G*C factor.
src/gui/chart_data.py,109,ChartDataFetcher.__init__,O(1),O(1),-,startup,optimal,
src/gui/chart_data.py,114,ChartDataFetcher._cache_key,O(1),O(1),-,periodic,optimal,
src/gui/chart_data.py,117,ChartDataFetcher._get_cached,O(1),O(1),-,periodic,optimal,Returns the cached list by reference - callers can mutate the cache in place.
src/gui/chart_data.py,125,ChartDataFetcher._set_cache,O(1),O(N),N=len(data) retained,periodic,optimal,"Cache has a TTL for reads but no eviction, so it grows without bound across distinct symbol:timeframe pairs."
src/gui/chart_data.py,130,ChartDataFetcher.fetch,O(N + K),O(N),"N=candles returned, K=cache entries",periodic,O(N),Last-resort branch linearly scans every cache key with startswith; a symbol->keys index would make it O(1).
src/gui/chart_data.py,181,ChartDataFetcher._fetch_exchange,O(N),O(N),len(raw) OHLCV rows (<= limit),periodic,optimal,Network round-trip dominates wall-clock; the parse loop itself is one dataclass per row.
src/gui/chart_data.py,206,ChartDataFetcher._fetch_coingecko,O(N),O(N),OHLC rows in the CoinGecko response,periodic,optimal,Imports urllib/json inside the function on every call; network + json.loads dominate.
src/gui/chart_data.py,223,ChartDataFetcher._fetch_coingecko._do_fetch,O(B),O(B),bytes in the HTTP response body,periodic,optimal,"Blocking urlopen + full-body read, offloaded via asyncio.to_thread so it doesn't stall the event loop."
src/gui/competition_tab.py,62,_Section.__init__,O(1),O(1),-,startup,optimal,
src/gui/competition_tab.py,86,_Section.inner,O(1),O(1),-,startup,optimal,
src/gui/competition_tab.py,91,_IdentityPanel.__init__,O(1),O(1),-,startup,optimal,
src/gui/competition_tab.py,107,_WalletPanel.__init__,O(E + k log k),O(k),"E = ledger events, k = this bot's award records",startup,O(k log k),ledger.balance() and awards() each linear-scan every event; a per-bot index would drop the E term.
src/gui/competition_tab.py,143,_SupplyPanel.__init__,O(E),O(H),"E = ledger events, H = distinct holders",startup,optimal,"supply_summary() walks the event list four times (total_minted twice, tier counts, holder set)."
src/gui/competition_tab.py,168,_LeaderboardPanel.__init__,O(B log B),O(B),B = rated bots in the registry,startup,O(B log 10),leaderboard(10) fully sorts every rating then slices 10; heapq.nlargest avoids the full sort.
src/gui/competition_tab.py,200,CompetitionTab.__init__,O(E + B log B),O(E + B),"E = ledger events, B = rated bots",startup,optimal,"Two JSON loads, an Ed25519 identity generate/load, then _setup_ui()."
src/gui/competition_tab.py,213,CompetitionTab._load_identity,O(1),O(1),-,startup,optimal,"Constant-time keygen or on-disk load, but does file I/O and swallows every exception to None."
src/gui/competition_tab.py,219,CompetitionTab._setup_ui,O(E + B log B),O(E + B),"E = ledger events, B = rated bots",startup,optimal,Cost is the four panel constructors; the network/relay panel below them is fixed-size.
src/gui/competition_tab.py,313,CompetitionTab.get_wallet_balance,O(E),O(1),E = ledger events,rare,O(1),ledger.balance() sums a filtered scan of the whole event list; a maintained balance dict would be O(1).
src/gui/competition_tab.py,321,CompetitionTab.__init__,O(1),O(1),-,startup,optimal,Headless (no-Qt) stub - body is pass.
src/gui/crypto_news_ticker.py,77,NewsHeadline.display_text,O(t),O(t),len(self.title),periodic,optimal,
src/gui/crypto_news_ticker.py,86,parse_rss,O(X),O(X),len(xml_bytes),periodic,optimal,"root.iter() walks EVERY element in the feed, not just item/entry; the limit break only caps output, not the walk."
src/gui/crypto_news_ticker.py,130,_localname,O(g),O(g),len(tag),periodic,optimal,
src/gui/crypto_news_ticker.py,134,_child_text,O(c*g),O(g),"child elements c, tag length g",periodic,optimal,"Called once per candidate name tuple, so an item's children are re-walked for title, link and pubDate separately."
src/gui/crypto_news_ticker.py,141,_parse_ts,O(r),O(r),len(raw),periodic,optimal,Imports email.utils / datetime inside the function on every call (module cache makes this cheap but non-free).
src/gui/crypto_news_ticker.py,173,fetch_one,O(X),O(X),bytes of the feed response,periodic,optimal,"Network-bound; resp.read() buffers the whole feed before parse_rss. 8 s timeout caps wall time, not memory."
src/gui/crypto_news_ticker.py,192,fetch_all,O(X + H log H),O(X + H),"total feed bytes X, merged headlines H",periodic,optimal,"10 feeds fetched concurrently, so wall time is the slowest feed; the sort is over at most 50 headlines."
src/gui/crypto_news_ticker.py,224,_FetchWorker.run,O(X + H log H),O(X + H),total feed bytes,periodic,-,Cost is entirely fetch_all(); runs on a worker QThread so the GUI is not blocked.
src/gui/crypto_news_ticker.py,243,CryptoNewsTicker.__init__,O(1),O(1),-,startup,optimal,
src/gui/crypto_news_ticker.py,280,CryptoNewsTicker.start,O(1),O(1),-,startup,optimal,"Fetch work is dispatched to the worker thread, not done here."
src/gui/crypto_news_ticker.py,285,CryptoNewsTicker.stop,O(1),O(1),-,rare,optimal,
src/gui/crypto_news_ticker.py,290,CryptoNewsTicker.force_refresh,O(1),O(1),-,periodic,optimal,Constant number of signal connections; returns immediately if a fetch is already in flight.
src/gui/crypto_news_ticker.py,307,CryptoNewsTicker.current_headlines,O(H),O(H),len(self._headlines),rare,optimal,list(...) makes a defensive shallow copy on every call.
src/gui/crypto_news_ticker.py,312,CryptoNewsTicker._on_headlines,O(H),O(H),len(headlines),periodic,optimal,list(headlines) copies the incoming queue; render of the first item is O(title).
src/gui/crypto_news_ticker.py,321,CryptoNewsTicker._on_fetch_failed,O(1),O(1),-,rare,optimal,
src/gui/crypto_news_ticker.py,328,CryptoNewsTicker._advance,O(t),O(t),len(current title),periodic,optimal,Fires on the 15 s cycle timer; cost is the _render_current() string build.
src/gui/crypto_news_ticker.py,334,CryptoNewsTicker._render_current,O(t),O(t),len(title) + len(url),periodic,optimal,setText triggers a Qt relayout/repaint of the label.
src/gui/crypto_news_ticker.py,344,CryptoNewsTicker._teardown_worker,O(1),O(1),-,periodic,optimal,wait(50) blocks the GUI thread up to 50 ms.
src/gui/crypto_news_ticker.py,356,CryptoNewsTicker.eventFilter,O(1),O(1),-,per-paint,optimal,"Installed on the label so it sees EVERY event (paint, hover, move); only 3 int comparisons on the hot path."
src/gui/history_helpers.py,71,normalize_trade,O(1),O(1),-,per-request,optimal,Fixed field extraction on either the dict or dataclass branch.
src/gui/history_helpers.py,159,_bots_of,O(B),O(B),B = registered bots,per-request,optimal,list(...values()) materializes a fresh list on every call; callers invoke it inside per-row loops.
src/gui/history_helpers.py,168,_pairs_from_bot_manager,O(B),O(B),B = registered bots,per-request,optimal,
src/gui/history_helpers.py,190,_fetch_paginated,O(T),O(T),T = trades returned by the paginated call,per-request,optimal,list(trades or []) copies the result; ccxt does the cursor walk internally so wall-clock is many hidden HTTP round-trips.
src/gui/history_helpers.py,236,fetch_all_history_chunked,O(N log N),O(N),"N = total trades across all (exchange, symbol) pairs",per-request,optimal,"One network call per (exchange, symbol); dedupe is set-based O(1) per trade, final newest-first sort dominates local work."
src/gui/history_helpers.py,299,resolve_bot_label,O(B),O(B),B = registered bots,per-request,O(1) with a symbol->bot dict built once per page,"Called once per history row, so the table build is O(rows * B); _bots_of also rebuilds the bot list each call."
src/gui/history_helpers.py,320,resolve_bot_id_for_row,O(B),O(B),B = registered bots,per-request,O(1) with a symbol->bot_id index,Linear bot scan per row; same O(rows * B) pattern as resolve_bot_label.
src/gui/history_helpers.py,345,_parse_entry_ts,O(1),O(1),-,per-request,optimal,"s[:-1] copies, but ISO timestamps are fixed short length."
src/gui/history_helpers.py,356,_earliest_page_ts,O(R),O(R),R = rows in the page,per-request,O(R) time with O(1) space using a generator instead of a list comp,Materializes the full stamps list before min().
src/gui/history_helpers.py,363,build_page_gate_index,O(E),O(E),E = gate.log entries since page start,per-request,optimal,Cost is the live_gate_decisions log scan/parse; bucket insertion itself is O(1) per entry.
src/gui/history_helpers.py,394,build_page_voting_index,O(E),O(E),E = voting.log entries since page start,per-request,optimal,Cost is the live_voting_panel_snapshots log scan/parse.
src/gui/history_helpers.py,425,_best_entry_within_window,O(C),O(1),C = candidate entries in the +/-60s buckets,per-request,optimal,Re-parses each candidate's timestamp string; the index could store parsed floats instead.
src/gui/history_helpers.py,443,lookup_gate_entry,O(C),O(C),C = entries in the 3 adjacent minute buckets,per-request,optimal,candidates.extend copies each bucket's list before scanning.
src/gui/history_helpers.py,457,lookup_voting_entry,O(C),O(C),C = entries in the 3 adjacent minute buckets,per-request,optimal,Two passes over candidates: the side-filter comprehension builds a second list before _best_entry_within_window.
src/gui/history_helpers.py,482,gate_cell_text,O(1),O(1),-,per-request,optimal,
src/gui/history_helpers.py,495,_html_escape,O(len(s)),O(len(s)),len(s) = characters in the string,per-request,optimal,"Three chained .replace() calls each build a new string — 3 passes, 3 allocations."
src/gui/history_helpers.py,501,gate_cell_tooltip,O(F + L),O(L),"F = fixture dict entries, L = total rendered tooltip characters",per-request,optimal,"Blocker lists are capped at 15, but list(fix.items())[:6] materializes the whole fixture dict before slicing."
src/gui/history_helpers.py,562,voting_cell_text,O(1),O(1),-,per-request,optimal,
src/gui/history_helpers.py,578,voting_cell_tooltip,O(L),O(L),L = total rendered tooltip characters,per-request,optimal,"Signal loop is hard-capped at 20 entries, so cost tracks rendered text length not the signal count."
src/gui/history_helpers.py,641,grade_tooltip,O(G),O(G),G = entries in grade_context,per-request,optimal,list(grade_context.items())[:8] copies the entire context dict before taking 8.
src/gui/history_tab.py,72,_resolve_bot_label,O(B),O(B),number of bots in bot_manager._bots,rare,O(1),list(...values()) copies every bot each call; called once per rendered row and per CSV row -> O(rows x bots).
src/gui/history_tab.py,126,HistoryTab.__init__,O(1),O(1),-,startup,optimal,"Cost is in _build_ui, which is fixed-widget-count."
src/gui/history_tab.py,143,HistoryTab.set_bot_manager,O(1),O(1),-,startup,optimal,
src/gui/history_tab.py,146,HistoryTab.refresh,O(1),O(1),-,rare,optimal,Only schedules the coroutine; the fetch runs on the async loop thread.
src/gui/history_tab.py,151,HistoryTab.get_history_callback,O(1),O(1),-,rare,optimal,Returns a no-op lambda (backward-compat shim).
src/gui/history_tab.py,165,HistoryTab._build_ui,O(1),O(1),-,startup,optimal,Fixed widget count; 13 columns hardcoded.
src/gui/history_tab.py,329,HistoryTab._kick_async_fetch,O(1),O(1),-,rare,optimal,Creates a new QTimer + closure per invocation; the real cost is fetch_all_history_chunked off-thread.
src/gui/history_tab.py,377,HistoryTab._kick_async_fetch._check,O(T + L),O(T),"T=trades fetched, L=gate/voting log entries",periodic,O(T + L),O(1) per 400ms tick until done; on completion copies the trade list twice then runs filter+render.
src/gui/history_tab.py,427,HistoryTab._populate_filter_options,O(T + U log U),O(U),"T=len(_all_trades), U=distinct exchanges/symbols",rare,optimal,"Two full set-comprehension passes over all trades, each followed by a sort of the distinct values."
src/gui/history_tab.py,457,HistoryTab._apply_filters,O(T),O(F),"T=len(_all_trades), F=rows surviving the filter",rare,optimal,Single linear pass; then _render_page. Kicks an implicit fetch instead if nothing has been fetched yet.
src/gui/history_tab.py,509,HistoryTab._reset_filters,O(T),O(F),len(_all_trades),rare,optimal,Cost is the _apply_filters call it ends with.
src/gui/history_tab.py,523,HistoryTab._render_page,O(P^2 + P*B + L + F),O(P + L),"P=100 rows/page, B=bots, L=gate/voting log entries, F=len(_filtered)",rare,O(P + L + F),Per-row _grade_row rescans the page (P^2); 4 separate sum() passes over _filtered; from-imports inside the row loop.
src/gui/history_tab.py,670,HistoryTab._grade_row,O(P),O(P),rows on the current page (PAGE_SIZE=100),rare,O(1),Rescans every page row per row; prefix lists of same-symbol prices built once per page would make it O(1).
src/gui/history_tab.py,727,HistoryTab._build_joiner_indexes_for_page,O(P + L),O(L),"P=page rows, L=gate/voting log entries newer than `since`",rare,optimal,"Buckets EVERY entry after `since`, not just the page window, and holds them all in memory for one page."
src/gui/history_tab.py,802,HistoryTab._parse_entry_ts,O(1),O(1),-,rare,optimal,"Bounded ISO-8601 string; called once per log entry indexed, so 2L times per page render."
src/gui/history_tab.py,819,HistoryTab._prev_page,O(P^2 + P*B + L + F),O(P + L),same as _render_page,rare,O(P + L + F),"Cost is entirely the _render_page call, including a full gate/voting log re-index."
src/gui/history_tab.py,823,HistoryTab._next_page,O(P^2 + P*B + L + F),O(P + L),same as _render_page,rare,O(P + L + F),"Cost is entirely the _render_page call, including a full gate/voting log re-index."
src/gui/history_tab.py,828,HistoryTab._export_csv,O(F*B),O(1),"F=filtered trades, B=bots",rare,O(F + B),_resolve_bot_label re-scans every bot for each exported row; a prebuilt symbol->label map removes the B factor.
src/gui/indicator_panel.py,66,_IVPPrivacyDot.__init__,O(1),O(1),-,startup,optimal,Calls refresh() which does a registry lookup plus a fixed-size stylesheet build.
src/gui/indicator_panel.py,77,_IVPPrivacyDot._on_click,O(1),O(1),-,rare,optimal,
src/gui/indicator_panel.py,92,_IVPPrivacyDot.refresh,O(1),O(1),-,rare,optimal,setStyleSheet forces a Qt style re-parse of the widget on every call.
src/gui/indicator_panel.py,169,ConfidenceBarsWidget.__init__,O(1),O(1),-,startup,optimal,
src/gui/indicator_panel.py,192,ConfidenceBarsWidget.set_column_positions,O(1),O(1),-,periodic,optimal,Stores the caller's list by reference (no copy); update() schedules a repaint.
src/gui/indicator_panel.py,197,ConfidenceBarsWidget.set_bars,O(n),O(n),number of bars (6 per mini-panel),periodic,optimal,List comprehension rebuilds _anim_bars whenever the bar count changes.
src/gui/indicator_panel.py,211,ConfidenceBarsWidget._animate_step,O(n),O(1),number of bars,periodic,optimal,Fires every 16 ms while animating; each step calls update() → a full paintEvent.
src/gui/indicator_panel.py,236,ConfidenceBarsWidget.paintEvent,O(n),O(1),number of bars,per-paint,optimal,~6 QPainter draw ops + 2 QLinearGradient allocations per bar; gradients rebuilt each paint.
src/gui/indicator_panel.py,372,IndicatorVotingPanel.__init__,O(1),O(1),-,startup,optimal,Cost is entirely _setup_ui; also arms a 3 s singleShot that triggers _generate_demo_ta.
src/gui/indicator_panel.py,385,IndicatorVotingPanel._setup_ui,O(1),O(1),-,startup,optimal,Column set and TF-lock list are fixed-size literals; two _make_indicator_row calls.
src/gui/indicator_panel.py,633,IndicatorVotingPanel.lock_timeframe,O(1),O(1),-,rare,optimal,
src/gui/indicator_panel.py,637,IndicatorVotingPanel._make_indicator_row,O(c),O(c),columns in the mini-panel (7 or 10),startup,optimal,Per-column tooltip set + Stretch resize mode; Stretch makes later width changes O(c) too.
src/gui/indicator_panel.py,697,IndicatorVotingPanel.update_currency_rates,O(1),O(1),-,periodic,optimal,Called on the 2000 ms dashboard tick; fixed number of getattr + format operations.
src/gui/indicator_panel.py,742,IndicatorVotingPanel._apply_privacy_mask,O(b),O(1),items in the bot selector combo,rare,optimal,Walks every combo entry; caches the raw label into Qt UserRole+1 on first pass.
src/gui/indicator_panel.py,773,IndicatorVotingPanel.refresh_privacy_dot,O(b),O(1),items in the bot selector combo,rare,optimal,Cost is _apply_privacy_mask.
src/gui/indicator_panel.py,782,IndicatorVotingPanel._on_tf_lock_changed,O(s),O(1),event-bus subscribers to indicator.tf_lock_changed,rare,optimal,Cost is the synchronous event_bus emit fan-out to every subscriber.
src/gui/indicator_panel.py,793,IndicatorVotingPanel._on_bot_selected,O(C*V),O(C),60 demo candles x 12 voters,rare,O(s) once data exists,Falls into _generate_demo_ta (full VotingEngine run) whenever _data is still empty.
src/gui/indicator_panel.py,805,IndicatorVotingPanel.selected_bot_id,O(1),O(1),-,periodic,optimal,
src/gui/indicator_panel.py,808,IndicatorVotingPanel._generate_demo_ta,O(C*V),O(C),60 synthetic candles x 12 voters,rare,optimal,"Cost is VotingEngine().compute_all over 60 generated candles, then a full update_data."
src/gui/indicator_panel.py,874,IndicatorVotingPanel._auto_init_demo,O(C*V),O(C),60 synthetic candles x 12 voters,rare,optimal,Cost is _generate_demo_ta; fires once from the 3 s singleShot armed in __init__.
src/gui/indicator_panel.py,881,IndicatorVotingPanel.force_refresh,O(b + C*V),O(C),"combo items b, 60 demo candles x 12 voters",rare,optimal,findData is a linear combo scan; the demo TA regeneration dominates.
src/gui/indicator_panel.py,894,IndicatorVotingPanel.update_bot_list,O(b),O(b),len(bot_statuses),periodic,optimal,"Early-returns when the id list is unchanged, so the O(b) rebuild is rare despite the 2 s tick."
src/gui/indicator_panel.py,940,IndicatorVotingPanel.update_data,O(T log T + T*(I+S)),O(T*I),"T timeframes, I=12 indicator cells, S signals per TF",periodic,O(T*(I+S)) with a precomputed TF-rank dict,Sort key rebuilds an 11-element list literal twice per element and does 'in' + .index scans on it.
src/gui/indicator_panel.py,1042,IndicatorVotingPanel.update_data._bars_for,O(k),O(k),len(subset) = 6,periodic,optimal,Two dict lookups per indicator against the enclosing signals map.
src/gui/indicator_panel.py,1062,IndicatorVotingPanel._populate_indicator_cell,O(d),O(d),len(sig['details']),periodic,optimal,Tooltip loop plus '\n'.join over details; runs 12x per timeframe row.
src/gui/indicator_panel.py,1112,IndicatorVotingPanel._populate_net_cell,O(1),O(1),-,periodic,optimal,
src/gui/indicator_panel.py,1122,IndicatorVotingPanel._populate_comp_net_cell,O(1),O(1),-,periodic,optimal,
src/gui/indicator_panel.py,1138,IndicatorVotingPanel._populate_conf_cell,O(1),O(1),-,periodic,optimal,Bar string is a fixed 10-glyph build; not proportional to any input.
src/gui/indicator_panel.py,1153,IndicatorVotingPanel._sync_bar_columns,O(c),O(c),columns across both mini-panel tables,periodic,optimal,Cost is two _sync_bars_for calls.
src/gui/indicator_panel.py,1161,IndicatorVotingPanel._sync_bars_for,O(c),O(c),table.columnCount(),periodic,optimal,mapToGlobal + mapFromGlobal per column each walk the widget parent chain.
src/gui/indicator_panel.py,1181,IndicatorVotingPanel.resizeEvent,O(1),O(1),-,rare,optimal,Schedules an O(c) _sync_bar_columns 50 ms later; a drag-resize queues one timer per event.
src/gui/indicator_panel.py,1188,IndicatorVotingPanel.get_data,O(1),O(1),-,rare,optimal,"Returns the live dict by reference, not a copy — callers can mutate panel state."
src/gui/indicator_panel.py,1199,IndicatorDetailDialog.__init__,O(1),O(1),-,rare,optimal,setColumnCount is len(INDICATOR_COLS)+3 = 15 but only 5 header labels are supplied.
src/gui/init_wizard.py,38,InitWizard.__init__,O(X log X),O(X),len(SUPPORTED_EXCHANGES),startup,optimal,sorted() over the exchange keys dominates; widget construction for the 3 pages is a fixed count.
src/gui/init_wizard.py,164,InitWizard._on_skip,O(1),O(1),-,rare,optimal,
src/gui/init_wizard.py,169,InitWizard.was_skipped,O(1),O(1),-,rare,optimal,
src/gui/init_wizard.py,172,InitWizard._toggle_visibility,O(1),O(1),-,rare,optimal,setStyleSheet forces a Qt style repolish of the secret field.
src/gui/init_wizard.py,182,InitWizard._on_page_changed,O(1),O(1),-,rare,optimal,"Membership test is against PASSPHRASE_EXCHANGES; O(1) if that is a set/dict, O(X) if it is a list."
src/gui/init_wizard.py,191,InitWizard._test_api,O(1),O(k),len(credential text),rare,optimal,Network-bound; safe_process_events pumps the Qt loop so the whole GUI re-renders mid-call.
src/gui/init_wizard.py,223,InitWizard.validateCurrentPage,O(u),O(u),len(username text),rare,optimal,
src/gui/init_wizard.py,232,InitWizard.get_results,O(k),O(k),total length of credential fields,rare,optimal,Each .text()/.toPlainText().strip() copies the field contents.
src/gui/journal_tab.py,32,JournalTab.__init__,O(1),O(1),-,startup,optimal,Cost is entirely _setup_ui's fixed widget tree.
src/gui/journal_tab.py,41,JournalTab._setup_ui,O(1),O(1),-,startup,optimal,Fixed widget count; the two combo-box population loops are over hard-coded 1- and 5-element literals.
src/gui/journal_tab.py,168,JournalTab._on_entry_selected,O(G),O(G),G = ta_signals entries on the selected row (<=14),rare,optimal,"Builds the HTML as a list then joins once, so no quadratic string concatenation despite ~20 f-string fragments."
src/gui/journal_tab.py,214,JournalTab.refresh,O(R*C),O(R*C),"R = journal entries returned (capped at 500), C = 10 columns",periodic,O(changed cells) by reusing QTableWidgetItems and repainting only rows whose data moved,"Full table rebuild every 2s dashboard tick: up to 5,000 QTableWidgetItem allocations plus 500 retained entry dicts."
src/gui/journal_tab.py,288,JournalTab.update_bot_filter,O(B),O(B),B = len(bot_statuses),periodic,optimal,Clears and repopulates the combo every call; findData is a second O(B) scan to restore the prior selection.
src/gui/launcher.py,31,ModeCard.__init__,O(f),O(f),len(features),startup,optimal,One QLabel + addWidget per feature; the rest is a fixed set of widget constructions.
src/gui/launcher.py,95,ModeCard.mousePressEvent,O(1),O(1),-,rare,optimal,"Does not call super(), and the inner QPushButton also emits clicked, so a button press double-fires."
src/gui/launcher.py,105,LauncherWindow.__init__,O(f),O(f),features per ModeCard,startup,optimal,Two ModeCard constructions plus a fixed set of labels/layouts.
src/gui/launcher.py,180,LauncherWindow.paintEvent,O(w*h),O(1),window pixels (fixed 900x560),per-paint,optimal,"Python side is ~6 calls, but Qt rasterizes the full ~504k-pixel gradient on every repaint."
src/gui/live_bot_window.py,69,LiteLiveBotWindow.__init__,O(E log E),O(E),E = len(SUPPORTED_EXCHANGES),startup,optimal,Cost is _build_controls' sorted() over the exchange registry.
src/gui/live_bot_window.py,87,LiteLiveBotWindow._build_ui,O(E log E),O(E),E = supported exchanges,startup,optimal,Cost attributed to _build_controls().
src/gui/live_bot_window.py,94,LiteLiveBotWindow._build_controls,O(E log E),O(E),E = supported exchanges,startup,optimal,sorted(SUPPORTED_EXCHANGES.keys()) materializes a new list; everything else is fixed widgets.
src/gui/live_bot_window.py,157,LiteLiveBotWindow._build_panes,O(1),O(1),-,startup,optimal,"Three fixed panes, each capped at 5000 blocks."
src/gui/live_bot_window.py,161,LiteLiveBotWindow._build_panes._pane,O(1),O(1),-,startup,optimal,
src/gui/live_bot_window.py,186,LiteLiveBotWindow._wire_signals,O(1),O(1),-,startup,optimal,
src/gui/live_bot_window.py,195,LiteLiveBotWindow._on_base_changed,O(T),O(T),T = target assets listed for that base in DEFAULT_PAIRS,rare,optimal,
src/gui/live_bot_window.py,201,LiteLiveBotWindow._on_bot_log,O(m),O(m),m = len(message),per-tick,optimal,"msg.lower() copies the whole string, then 9 substring scans run over that copy per log event."
src/gui/live_bot_window.py,211,LiteLiveBotWindow._on_trade_filled,O(1),O(1),-,per-trade,optimal,
src/gui/live_bot_window.py,220,LiteLiveBotWindow._on_api_event,O(d),O(d),d = size of event.data's repr,per-request,optimal,f-string formats the entire payload dict on every exchange request AND response.
src/gui/live_bot_window.py,226,LiteLiveBotWindow._on_start,O(1),O(1),-,rare,optimal,Four fixed bus subscriptions plus a thread spawn.
src/gui/live_bot_window.py,274,LiteLiveBotWindow._run_bot,O(K),O(1),K = seconds the bot runs before stop,startup,optimal,Owns a dedicated thread and asyncio loop for the bot's whole lifetime.
src/gui/live_bot_window.py,282,LiteLiveBotWindow._run_bot._main,O(K),O(1),K = seconds until _stop_event is set,startup,optimal,Polls _stop_event once per second; the real trading cost is inside ScrummingBot.start().
src/gui/live_bot_window.py,327,LiteLiveBotWindow._on_stop,O(1),O(1),-,rare,optimal,Blocks the GUI thread up to 10 s on the cross-thread stop future; _unsubs is a fixed 4 entries.
src/gui/live_bot_window.py,354,LiteLiveBotWindow.closeEvent,O(1),O(1),-,rare,optimal,"Cost is _on_stop(), including its 10 s blocking wait."
src/gui/live_bot_window.py,361,main,O(K),O(1),K = application lifetime,startup,optimal,Blocks in the Qt event loop until the window closes.
src/gui/main_window.py,55,_compose_table_target_denom_cell,O(P),O(k),pairs listed in the exchange's ticker book,periodic,"O(1) with a (base,quote)->pair index",scout.get_pair->pairs_for scans the whole per-exchange book and sorts; called up to 3x per cell
src/gui/main_window.py,136,PulseManager.__init__,O(1),O(1),-,startup,optimal,
src/gui/main_window.py,143,PulseManager.register,O(1),O(1),-,rare,optimal,
src/gui/main_window.py,146,PulseManager._tick,O(W),O(1),registered widgets,periodic,optimal,50 ms timer; one setWindowOpacity per widget
src/gui/main_window.py,177,StatusLog.__init__,O(1),O(1),-,startup,optimal,
src/gui/main_window.py,225,StatusLog.is_paused,O(1),O(1),-,periodic,optimal,
src/gui/main_window.py,228,StatusLog.pause,O(1),O(1),-,rare,optimal,
src/gui/main_window.py,231,StatusLog.resume,O(B),O(B),buffered messages (cap 2000),rare,optimal,list(self._pause_buffer) copies the whole buffer before replaying it
src/gui/main_window.py,248,StatusLog.toggle_pause,O(B),O(B),buffered messages (cap 2000),rare,optimal,cost is entirely resume()'s buffer flush
src/gui/main_window.py,256,StatusLog.log,O(m),O(1),len(message),per-tick,optimal,paused path is an O(1) list append; unpaused path pays _render's HTML append
src/gui/main_window.py,270,StatusLog.force_log,O(m),O(1),len(message),periodic,optimal,
src/gui/main_window.py,277,StatusLog.health_stats,O(1),O(1),-,periodic,optimal,
src/gui/main_window.py,305,StatusLog._render,O(m),O(1),len(message),per-tick,optimal,wrapper; cost is _render_safe
src/gui/main_window.py,336,StatusLog._render_safe,O(m),O(m),len(message),per-tick,optimal,QTextEdit.append re-parses the HTML span and relayouts the document per line
src/gui/main_window.py,418,StatCard.__init__,O(1),O(1),-,startup,optimal,
src/gui/main_window.py,462,StatCard.set_value,O(1),O(1),-,periodic,optimal,mask_or scans the 19-element ALL_FIELD_IDS tuple; a frozenset would make it O(1)
src/gui/main_window.py,473,StatCard.attach_privacy_dot,O(1),O(1),-,startup,optimal,
src/gui/main_window.py,488,StatCard.attach_privacy_dot._on_toggle,O(1),O(1),-,rare,optimal,
src/gui/main_window.py,503,StatCard.refresh_privacy_dot,O(1),O(1),-,rare,optimal,
src/gui/main_window.py,513,StatCard.set_clickable,O(t),O(t),len(existing tooltip),startup,optimal,`tooltip_suffix not in base` substring-scans the tooltip; concat allocates a new string
src/gui/main_window.py,528,StatCard.mousePressEvent,O(1),O(1),-,rare,optimal,
src/gui/main_window.py,545,NotificationSpool.__init__,O(1),O(1),-,startup,optimal,
src/gui/main_window.py,552,NotificationSpool.notify,O(m),O(m),len(message),rare,optimal,QTextEdit HTML append; this widget is no longer wired into the main window
src/gui/main_window.py,596,PrivacyDot.__init__,O(1),O(1),-,startup,optimal,"refresh() sets a stylesheet, forcing a style re-parse at construction"
src/gui/main_window.py,608,PrivacyDot.field_id,O(1),O(1),-,rare,optimal,
src/gui/main_window.py,611,PrivacyDot._on_click,O(1),O(1),-,rare,optimal,the on_toggle callback can re-render the entire parent widget
src/gui/main_window.py,624,PrivacyDot.refresh,O(1),O(1),-,rare,optimal,setStyleSheet re-parses the rule block on every refresh even when the glyph is unchanged
src/gui/main_window.py,692,CapitalRegistryPanel.__init__,O(1),O(1),-,startup,optimal,
src/gui/main_window.py,706,CapitalRegistryPanel.update_from_registry,O(R),O(R),reservations in the registry,periodic,O(changed rows) with in-place cell text updates,full rebuild: setRowCount then a fresh QTableWidgetItem for all 9 columns of every row
src/gui/main_window.py,743,CapitalRegistryPanel.clear_table,O(R),O(1),rows currently in the table,rare,optimal,setRowCount(0) destroys every existing item
src/gui/main_window.py,788,SpendableProfitsWidget.__init__,O(1),O(1),-,startup,optimal,
src/gui/main_window.py,888,SpendableProfitsWidget.update_profits,O(1),O(1),-,periodic,optimal,dict(data) shallow-copies the payload into _last_data on every 2 s tick
src/gui/main_window.py,928,SpendableProfitsWidget._on_privacy_toggle,O(1),O(1),-,rare,optimal,
src/gui/main_window.py,935,SpendableProfitsWidget.refresh_privacy_dots,O(1),O(1),-,rare,optimal,
src/gui/main_window.py,955,TradeChartsTab.__init__,O(1),O(1),-,startup,optimal,
src/gui/main_window.py,982,TradeChartsTab.update_charts,O(S*T),O(T),bot statuses x entries in self._trade_log,periodic,O(S + L log L) by indexing _trade_log by bot_id,_trade_log is filtered in full for every bot every 2 s and is never trimmed
src/gui/main_window.py,1163,TradeChartsTab._on_tf_changed,O(1),O(1),-,rare,optimal,
src/gui/main_window.py,1167,TradeChartsTab.fetch_chart_data,O(P*N),O(N),chart panels x candles fetched (100),periodic,optimal,per-panel network fetch dominates wall time; a 30 s per-panel throttle caps real calls
src/gui/main_window.py,1212,TradeChartsTab.log_trade,O(1),O(1),-,per-trade,optimal,appends to an unbounded list that update_charts rescans per bot per refresh
src/gui/main_window.py,1219,TradeChartsTab.push_synthetic_candles,O(C),O(C),len(candles),rare,optimal,
src/gui/main_window.py,1353,BotStatusTable.__init__,O(1),O(1),-,startup,optimal,
src/gui/main_window.py,1400,BotStatusTable._on_header_clicked,O(B*P),O(B),bots x pairs in the exchange ticker book,rare,O(B) if the denominated cells were cached,re-runs the full update_bots repopulate just to apply the new mask state
src/gui/main_window.py,1417,BotStatusTable._refresh_header_dots,O(1),O(1),-,rare,optimal,replaces all 10 header items even when only one column's state changed
src/gui/main_window.py,1454,BotStatusTable.update_bots,O(B*P),O(B),bots x pairs in the exchange ticker book,periodic,O(B) by caching denominated cells / indexing the scout by base,2 full ticker-book scans per row plus a widget rebuild (8 items + 2 QPushButtons/row) every 2 s
src/gui/main_window.py,1517,BotStatusTable.update_bots._mag,O(1),O(1),-,periodic,optimal,
src/gui/main_window.py,1699,BotStatusTable.update_bots._apply_glow,O(G),O(1),registered fire-glow effects,periodic,O(1) with a set-based glow registry,"_register_fire_glow prunes the whole list per call, so a table rebuild is O(G^2)"
src/gui/main_window.py,1721,BotStatusTable.update_bots._risk_suffix,O(1),O(1),-,periodic,optimal,
src/gui/main_window.py,1899,BotStatusTable._on_detail,O(1),O(1),-,rare,optimal,"cost is the callback, which opens the Bot Details dialog"
src/gui/main_window.py,1903,BotStatusTable._on_cell_clicked,O(1),O(1),-,rare,optimal,webbrowser.open spawns the OS default browser and dominates wall time
src/gui/main_window.py,1923,BotStatusTable._on_fire,O(1),O(1),-,rare,optimal,
src/gui/main_window.py,1928,BotStatusTable.get_selected_bot_id,O(K),O(K),selected cells,rare,O(1) via selectionModel().hasSelection(),selectedItems() materialises the whole selection list just to test emptiness
src/gui/main_window.py,2022,ExtractorBotTable.__init__,O(1),O(1),-,startup,optimal,
src/gui/main_window.py,2045,ExtractorBotTable.update_bots,O(B),O(B),extractor bot statuses,periodic,O(changed rows) with in-place cell updates,full widget rebuild every 2 s: fresh items plus two QPushButtons per row
src/gui/main_window.py,2175,ExtractorBotTable._on_detail,O(1),O(1),-,rare,optimal,
src/gui/main_window.py,2179,ExtractorBotTable.get_selected_bot_id,O(K),O(K),selected cells,rare,O(1) via selectionModel().hasSelection(),selectedItems() materialises the selection list just to test emptiness
src/gui/main_window.py,2193,ExchangeTab.__init__,O(1),O(1),-,rare,optimal,starts a 1 s QTimer whose callback walks every data-pool cache slot
src/gui/main_window.py,2317,ExchangeTab.__init__._scrum_clicked,O(1),O(1),-,rare,optimal,
src/gui/main_window.py,2324,ExchangeTab.__init__._extractor_clicked,O(1),O(1),-,rare,optimal,
src/gui/main_window.py,2348,ExchangeTab.__init__._on_scrum_selection_changed,O(K),O(K),selected cells across both tables,rare,optimal,selectedItems() plus clearSelection() on the sibling table
src/gui/main_window.py,2356,ExchangeTab.__init__._on_extractor_selection_changed,O(K),O(K),selected cells across both tables,rare,optimal,selectedItems() plus clearSelection() on the sibling table
src/gui/main_window.py,2388,ExchangeTab._update_pull_rate_label,O(S),O(S),data-pool cache slots (ticker+ohlcv+balance),periodic,O(1) with running min/max maintained on slot write,slot_ages builds a list over every slot then takes min+max — once a second per exchange tab
src/gui/main_window.py,2449,ExchangeTab._cmd,O(K),O(K),selected cells,rare,optimal,
src/gui/main_window.py,2475,ExchangeTab.update_bots,O(B*P),O(B),bots x pairs in the exchange ticker book,periodic,O(B),"two filtering passes over statuses, then both child tables fully rebuild"
src/gui/main_window.py,2493,ExchangeTab._on_global_privacy_clicked,O(E*B*P),O(B),exchange tabs x bots x ticker-book pairs,rare,O(E*B),cost is refresh_all_privacy_widgets re-rendering every exchange tab's bot tables
src/gui/main_window.py,2522,ExchangeTab._refresh_privacy_mode_btn_style,O(F),O(1),registered privacy fields (19),rare,optimal,
src/gui/main_window.py,2554,_PlaceholderExchange.__init__,O(1),O(1),-,rare,optimal,
src/gui/main_window.py,2565,APITesterTab.__init__,O(X log X),O(X),supported exchanges,rare,optimal,sorts SUPPORTED_EXCHANGES; the tab is no longer added to the main window (MEM-247)
src/gui/main_window.py,2696,APITesterTab._log,O(m),O(m),len(detail),rare,optimal,QTextEdit HTML append wrapping the detail in a <pre> block
src/gui/main_window.py,2712,APITesterTab._get_settings,O(D),O(1),widget-tree depth above this tab,rare,optimal,
src/gui/main_window.py,2720,APITesterTab._do_connect,O(M),O(M),markets on the exchange,rare,optimal,blocking sync_connect + full market load on the GUI thread; also linear-scans stored exchanges
src/gui/main_window.py,2797,APITesterTab._do_disconnect,O(1),O(1),-,rare,optimal,"the `with ThreadPoolExecutor` block exits with wait=True, blocking until disconnect returns"
src/gui/main_window.py,2813,APITesterTab._run_test,O(M log M),O(M),markets (fetch_markets branch) or rows returned,rare,optimal,"fetch_markets sorts every symbol and separately generator-counts spot markets, then json.dumps the result"
src/gui/main_window.py,2873,APITesterTab._raw_http_probe,O(E*L),O(L),probe endpoints x response bytes,rare,optimal,serial blocking TCP/SSL/HTTP probes on the GUI thread with processEvents between each
src/gui/main_window.py,3064,APITesterTab._check_exchange_status,O(L),O(L),response bytes,rare,optimal,
src/gui/main_window.py,3118,MainWindow.__init__,O(1),O(1),-,startup,optimal,dominated by _setup_ui's fixed widget tree plus RiskManager/Analytics/Journal construction
src/gui/main_window.py,3192,MainWindow.set_async_loop,O(1),O(1),-,startup,optimal,
src/gui/main_window.py,3209,MainWindow._setup_menu,O(H),O(1),registered themes,startup,optimal,
src/gui/main_window.py,3228,MainWindow._setup_ui,O(1),O(1),-,startup,optimal,fixed widget tree; every loop is over a constant-size literal list
src/gui/main_window.py,3381,MainWindow._setup_ui._make_layer,O(1),O(1),-,startup,optimal,
src/gui/main_window.py,3474,MainWindow._setup_ui._NotifyStub.__init__,O(1),O(1),-,startup,optimal,
src/gui/main_window.py,3476,MainWindow._setup_ui._NotifyStub.notify,O(m),O(m),total length of args,rare,optimal,"calls QTextEdit.append directly, bypassing StatusLog.log's pause buffer and timestamping"
src/gui/main_window.py,3524,MainWindow._setup_ui._on_activity_pause_toggled,O(B),O(B),buffered messages (cap 2000),rare,optimal,resume path replays the whole buffer
src/gui/main_window.py,3561,MainWindow._setup_ui._activity_log_watchdog,O(N),O(1),registered bots,periodic,O(N) in one pass,the alert f-string re-scans every bot with a second generator just to count runners
src/gui/main_window.py,3647,MainWindow._setup_ui._on_api_pause_toggled,O(B),O(B),buffered API-log lines (cap 2000),rare,optimal,list(...) copies the buffer before replaying it line by line
src/gui/main_window.py,3953,MainWindow._setup_ui._QtLogHandler.__init__,O(1),O(1),-,startup,optimal,
src/gui/main_window.py,3971,MainWindow._setup_ui._QtLogHandler.emit,O(m),O(m),len(formatted record),per-tick,optimal,"self.format() runs on the calling thread for every record app-wide, including DEBUG (root level is DEBUG)"
src/gui/main_window.py,4010,MainWindow._setup_ui._QtLogHandler.set_paused,O(B),O(1),buffered messages (cap 5000),rare,optimal,drain re-emits every buffered entry through the queued signal
src/gui/main_window.py,4029,MainWindow._setup_ui._QtLogHandler.buffered_count,O(1),O(1),-,periodic,optimal,
src/gui/main_window.py,4033,MainWindow._setup_ui._QtLogHandler._append_to_widget,O(m),O(1),len(msg),per-tick,optimal,QPlainTextEdit insertText is amortized O(1) per line; maximumBlockCount 2000 bounds the document
src/gui/main_window.py,4178,MainWindow._reorder_main_tabs,O(D*T),O(1),desired names x existing tabs,startup,O(T) with a label->index map,
src/gui/main_window.py,4196,MainWindow._on_main_tab_changed,O(1),O(1),-,rare,optimal,History branch can kick a full exchange trade-history refresh
src/gui/main_window.py,4250,MainWindow._toggle_console_pause,O(B),O(1),buffered console messages (cap 5000),rare,optimal,resume drains the handler's buffer
src/gui/main_window.py,4266,MainWindow._refresh_console_pause_indicator,O(1),O(1),-,periodic,optimal,
src/gui/main_window.py,4280,MainWindow._setup_status_bar,O(1),O(1),-,startup,optimal,
src/gui/main_window.py,4314,MainWindow._pump_currency_rates,O(1),O(1),-,periodic,optimal,"the network refresh is scheduled onto the asyncio loop, not executed here"
src/gui/main_window.py,4338,MainWindow._pump_market_pairs_scout,O(1),O(1),-,periodic,optimal,"cancels the previous pending refresh, then schedules the next onto the asyncio loop"
src/gui/main_window.py,4365,MainWindow._refresh_api_load_pill,O(E*A),O(A),connected exchanges x API-log rows per exchange (<=10000),periodic,O(E) with a rolling per-exchange call counter,"each sample() pulls up to 10000 log rows, filters them, then sorts latencies for a P95 — every 2 s"
src/gui/main_window.py,4404,MainWindow._setup_refresh_timer,O(1),O(1),-,startup,optimal,
src/gui/main_window.py,4409,MainWindow._setup_pulse,O(1),O(1),-,startup,optimal,5 fixed pulse targets; starts an 80 ms timer
src/gui/main_window.py,4435,MainWindow._register_fire_glow,O(G),O(G),registered fire-glow effects,periodic,O(1) amortized by pruning periodically instead of per call,rebuilds the whole live list on every call; update_bots calls it once per armed row
src/gui/main_window.py,4458,MainWindow._pulse_tick,O(G*D),O(G),registered glow effects x dead effects,periodic,O(G) by making `dead` a set,"`e not in dead` scans a list; runs on an 80 ms timer, making this the hottest GUI loop"
src/gui/main_window.py,4485,MainWindow.refresh_all_privacy_widgets,O(E*B*P),O(B),exchange tabs x bots x ticker-book pairs,rare,O(E*B),re-fetches statuses per tab and fully rebuilds every bot table
src/gui/main_window.py,4541,MainWindow._setup_tooltips,O(W),O(1),widgets in the application,startup,optimal,"appends to the app-wide stylesheet, forcing a global re-polish; also starts a 5 s rescan timer"
src/gui/main_window.py,4600,MainWindow._apply_abbreviation_tooltips,O(W*A*L),O(W),widgets x abbreviations (~40) x label length,periodic,O(W*L) with one compiled alternation regex,"three full findChildren tree walks every 5 s, each materialising a list of every matching widget"
src/gui/main_window.py,4632,MainWindow._on_api_event,O(m),O(m),total length of the entry's text fields,per-request,optimal,"when the pause buffer overflows, `del buf[:n]` shifts the entire list"
src/gui/main_window.py,4700,MainWindow._verify_exchanges_on_startup,O(X),O(X),configured exchanges,startup,optimal,
src/gui/main_window.py,4742,MainWindow._refresh_dashboard,O(E*B*P + S*T),O(B+S),"exchange tabs x bots x ticker-book pairs, plus chart trade-log length",periodic,O(N) with cached table cells and an indexed trade log,"every 2 s: aggregate stats, full table rebuilds, chart trade-log rescan, risk eval, and a crash-recovery disk snapshot"
src/gui/main_window.py,5073,MainWindow._is_equity_exchange,O(1),O(1),-,rare,optimal,"membership test is against a set literal, not a list"
src/gui/main_window.py,5077,MainWindow.add_exchange_tab,O(T),O(1),tabs already in the target layer,rare,optimal,indexOf is a linear scan of the layer's tab widget
src/gui/main_window.py,5121,MainWindow._on_bot_error_for_log,O(1),O(1),-,per-tick,optimal,"bounded deque(maxlen=200); getattr(event,'data',{}) is re-evaluated three times"
src/gui/main_window.py,5142,MainWindow._show_error_log_dialog,O(B+N),O(B+N),buffered errors (<=200) + registered bots,rare,optimal,cost is _build_error_log_dialog; exec() then blocks the GUI
src/gui/main_window.py,5157,MainWindow._adopt_topology_proposal,O(K*N + W),O(N),"new proposal bots x registered bots, plus wires",rare,O(K + N + W) if _create_bot returned the new bot id,snapshots every bot id into a set before and after each wizard run to infer the newly created bot
src/gui/main_window.py,5298,MainWindow._build_topology_proposals,O(E*P + N + O),O(A),exchanges x pairs in each ticker book,periodic,optimal,walks the scout's private _snapshots for every polled exchange; detect_all_topologies cost is on top
src/gui/main_window.py,5418,MainWindow._build_error_log_dialog,O(B+N),O(B+N),buffered errors (<=200) + registered bots,rare,optimal,reversed(list(buffer)) copies the deque; one QTableWidgetItem per cell in both tables
src/gui/main_window.py,5512,MainWindow._build_error_log_dialog._reset_all_errors,O(N),O(1),registered bots,rare,optimal,save_all_state() then writes the whole bot state to disk
src/gui/main_window.py,5540,MainWindow._on_bot_log,O(m),O(1),len(message),per-tick,optimal,one get_bot lookup per log line to build the [TICKER/id] prefix
src/gui/main_window.py,5580,MainWindow._on_wire_created,O(1),O(1),-,rare,optimal,
src/gui/main_window.py,5593,MainWindow._on_tf_lock_changed,O(N),O(1),registered bots,rare,optimal,
src/gui/main_window.py,5605,MainWindow._init_live_monitor,O(1),O(1),-,startup,optimal,
src/gui/main_window.py,5620,MainWindow._on_ai_feedback,O(1),O(1),-,rare,optimal,feedback slices are bounded to 200/500 chars
src/gui/main_window.py,5663,MainWindow._on_bot_clicked,O(V*D),O(D),Prev/Next navigations x dialog build cost,rare,optimal,each Prev/Next hop destroys and rebuilds the entire BotLiveSettingsDialog
src/gui/main_window.py,5719,MainWindow._on_live_settings_changed,O(C),O(C),changed setting keys,rare,optimal,
src/gui/main_window.py,5729,MainWindow._schedule_async,O(1),O(1),-,periodic,optimal,"fallback path's `with ThreadPoolExecutor` exits with wait=True, blocking the GUI until the coroutine finishes"
src/gui/main_window.py,5746,MainWindow._cancel_if_pending,O(1),O(1),-,periodic,optimal,
src/gui/main_window.py,5758,MainWindow._connect_exchange_for_bot,O(M+A),O(M),markets on the exchange + wallet assets,rare,optimal,blocking sync_connect + fetch_balance on the GUI thread (5-15 s); linear-scans configured exchanges first
src/gui/main_window.py,5995,MainWindow._on_bot_fire,O(1),O(1),-,rare,optimal,
src/gui/main_window.py,6027,MainWindow._on_trade_filled_sfx,O(1),O(1),-,per-trade,optimal,
src/gui/main_window.py,6065,MainWindow._dispatch_tracking_beep,O(S),O(1),bot statuses,periodic,optimal,breaks early once any bot is in the fire phase
src/gui/main_window.py,6110,MainWindow._on_bot_command,O(M),O(M),markets on the exchange,rare,optimal,start/restart run _connect_exchange_for_bot synchronously on the GUI thread (MEM-215 revert)
src/gui/main_window.py,6282,MainWindow._global_bot_cmd,O(N),O(N),registered bots,rare,optimal,
src/gui/main_window.py,6314,MainWindow._open_settings,O(1),O(1),-,rare,optimal,blocking exec(); the real cost is inside SettingsDialog's construction
src/gui/main_window.py,6326,MainWindow._on_settings_changed,O(W),O(1),widgets in the application,rare,optimal,"_switch_theme re-applies an app-wide stylesheet, re-polishing every widget"
src/gui/main_window.py,6350,MainWindow._reset_settings,O(1),O(1),-,rare,optimal,reset_defaults() rewrites the settings file
src/gui/main_window.py,6370,MainWindow._toggle_trading_mode,O(W),O(1),widgets under the two layer tab widgets,rare,optimal,cost is _update_mode_btn_style's setStyleSheet re-polish of each layer subtree
src/gui/main_window.py,6422,MainWindow._update_mode_btn_style,O(W),O(1),widgets under the layer tab widgets,rare,optimal,setStyleSheet on a QTabWidget re-polishes its entire child subtree
src/gui/main_window.py,6455,MainWindow._add_exchange,O(X*T),O(X),configured exchanges x existing tabs,rare,O(X),"modal exec() first, then _sync_exchange_tabs"
src/gui/main_window.py,6474,MainWindow._sync_exchange_tabs,O(X*T),O(X),configured exchanges x existing tabs,rare,O(X) with a label->index map in add_exchange_tab,add_exchange_tab does a linear indexOf per new exchange
src/gui/main_window.py,6497,MainWindow._create_bot,O(M),O(M),markets on the exchange,rare,optimal,the wizard's market fetch and pre-flight check_symbol both load the exchange's full market list
src/gui/main_window.py,6878,MainWindow._switch_theme,O(W),O(1),widgets in the application,rare,optimal,"apply_theme sets an app-wide stylesheet, forcing a full re-polish"
src/gui/main_window.py,6889,MainWindow._show_about,O(1),O(1),-,rare,optimal,
src/gui/market_inspector.py,45,_fmt_age,O(1),O(1),-,periodic,optimal,
src/gui/market_inspector.py,58,_signal_color,O(1),O(1),-,periodic,optimal,At most 5 startswith checks on short constant prefixes.
src/gui/market_inspector.py,73,_fmt_tf_state,O(1),O(1),-,periodic,optimal,
src/gui/market_inspector.py,91,MarketInspectorTab.__init__,O(1),O(1),-,startup,optimal,"Fixed widget tree; tables start empty, so no per-row cost here."
src/gui/market_inspector.py,200,MarketInspectorTab.update_active_symbols,O(B + S + P),O(B + S + P),"bots, then signal + pair rows rendered",periodic,optimal,The O(B) set build is dwarfed by the unconditional _render_signals full rebuild of both tables.
src/gui/market_inspector.py,213,MarketInspectorTab.set_proposal_source,O(1),O(1),-,startup,optimal,
src/gui/market_inspector.py,225,MarketInspectorTab.set_adopt_handler,O(1),O(1),-,startup,optimal,
src/gui/market_inspector.py,239,MarketInspectorTab.set_exchange_source,O(1),O(1),-,startup,optimal,
src/gui/market_inspector.py,252,MarketInspectorTab._start_fetch,O(1),O(1),-,rare,optimal,Only schedules the coroutine; the network work is charged to _fetch_and_analyze.
src/gui/market_inspector.py,277,MarketInspectorTab._fetch_and_analyze,O(U * C),O(U * C),universe symbols x candles per timeframe,rare,optimal,Cost is fetch_htf_universe plus inspector.scan_universe; every symbol's daily+weekly candle series is held in memory.
src/gui/market_inspector.py,314,MarketInspectorTab._on_progress,O(1),O(1),-,periodic,optimal,
src/gui/market_inspector.py,318,MarketInspectorTab._on_toggle_show_active,O(S + P),O(S + P),signal + pair rows rendered,rare,optimal,"Delegates to _render_signals, i.e. a full rebuild of both tables per checkbox toggle."
src/gui/market_inspector.py,322,MarketInspectorTab._status_line,O(1),O(1),-,periodic,optimal,
src/gui/market_inspector.py,340,MarketInspectorTab._render_signals,O(S + P),O(S + P),signal rows + opposing-pair rows,periodic,O(changed rows),"Full rebuild: 6 fresh QTableWidgetItem allocations per signal row and 4 per pair row, plus two filtering comprehensions."
src/gui/market_inspector.py,399,build_per_bot_view,O(S + P),O(S + P),signals + opposing pairs in the last scan,rare,optimal,The higher-scoring comprehension filters the entire signal list before slicing to 5.
src/gui/market_inspector_fetcher.py,66,_pick_universe,O(T log T),O(T),T = symbols in the bulk tickers dict,periodic,O(T + k log T) via heapq.nlargest for the top-k,"Full sort just to take the top 100, then a second full pass over `scored` to re-add active-bot symbols."
src/gui/market_inspector_fetcher.py,114,_ohlcv_to_candles,O(R),O(R),R = raw OHLCV rows,periodic,optimal,One _Candle dataclass allocated per row; malformed rows are skipped silently.
src/gui/market_inspector_fetcher.py,133,_resample_daily_to_weekly,O(D),O(D / 7),D = daily candles,periodic,optimal,"daily[i:i+7] copies per window, and max/min/sum each re-traverse it — but the window is fixed at 7, so it stays linear in D."
src/gui/market_inspector_fetcher.py,152,_exchange_supports_tf,O(1),O(1),-,periodic,optimal,"ccxt exposes timeframes as a dict, so the membership test is hashed."
src/gui/market_inspector_fetcher.py,163,_fetch_one_symbol,O(D + W),O(D + W),"D = DAILY_BARS (365), W = WEEKLY_BARS (200)",periodic,optimal,Local cost is the two conversions; wall clock is 1-2 sequential awaited exchange round-trips per symbol.
src/gui/market_inspector_fetcher.py,213,fetch_htf_universe,O(E * (T log T + U * D)),O(U * D),"E = connectors, T = tickers per exchange, U = universe size (<=100 + active), D = bars per symbol",periodic,Same asymptotics but far lower wall clock via asyncio.gather over the per-symbol fetches,"Every _fetch_one_symbol is awaited strictly sequentially, so up to 200 serialized network round-trips per connector."
src/gui/market_inspector_topologies.py,50,_score_color,O(1),O(1),-,periodic,optimal,
src/gui/market_inspector_topologies.py,59,_archetype_label,O(1),O(1),-,periodic,optimal,Rebuilds the 4-entry mapping dict on every call; hoisting it to module scope removes the churn.
src/gui/market_inspector_topologies.py,85,TopologyPreviewDialog.__init__,O(B + W + N),O(B + W + N),"B bots, W wires, N adopt notes in the proposal",rare,optimal,Two tree-fill loops plus two more full passes over bots for the sum() summaries.
src/gui/market_inspector_topologies.py,218,TopologyPreviewDialog._on_adopt,O(s),O(1),connected slots on adoptClicked,rare,optimal,
src/gui/market_inspector_topologies.py,233,_ProposalCard.__init__,O(b),O(1),len(proposal['bots']),periodic,optimal,Generator sum over bots to count new ones; assets/wires only need len().
src/gui/market_inspector_topologies.py,304,MarketInspectorTopologies.__init__,O(1),O(1),-,startup,optimal,Starts a 10-minute auto-refresh QTimer bound to refresh().
src/gui/market_inspector_topologies.py,354,MarketInspectorTopologies.set_proposal_source,O(1),O(1),-,startup,optimal,
src/gui/market_inspector_topologies.py,360,MarketInspectorTopologies.refresh,O(D + P*b + k^2),O(P),"P proposals, D dismissed ids, b bots/proposal, k cards cleared",periodic,O(D + P*b + k),Detector call cost is the caller's; local cost is _sweep_dismissed + the O(k^2) _clear_cards teardown in _render.
src/gui/market_inspector_topologies.py,380,MarketInspectorTopologies.dismiss,O(P*b + k^2),O(P),"P proposals, b bots/proposal, k cards cleared",rare,O(P*b + k),Rebuilds the proposal list then re-renders every remaining card from scratch.
src/gui/market_inspector_topologies.py,391,MarketInspectorTopologies.is_dismissed,O(1),O(1),-,rare,optimal,Dict lookup; lazily deletes the entry when its TTL has passed.
src/gui/market_inspector_topologies.py,403,MarketInspectorTopologies._sweep_dismissed,O(D),O(D),len(self._dismissed),periodic,optimal,Materialises the expired-key list first because you cannot delete during iteration.
src/gui/market_inspector_topologies.py,409,MarketInspectorTopologies._clear_cards,O(k^2),O(1),widgets currently in the scroll layout,periodic,O(k) by taking from the end: takeAt(count()-1),takeAt(0) shifts the layout's remaining item pointers on every iteration.
src/gui/market_inspector_topologies.py,416,MarketInspectorTopologies._render,O(k^2 + P*b),O(P),"k old cards, P proposals, b bots per proposal",periodic,O(k + P*b),Full teardown-and-rebuild of every card even when only one proposal changed.
src/gui/market_inspector_topologies.py,434,MarketInspectorTopologies._find_proposal,O(P),O(1),len(self._proposals),rare,O(1) with an id->proposal dict kept alongside the list,
src/gui/market_inspector_topologies.py,440,MarketInspectorTopologies._on_preview,O(P + B + W),O(B + W),"P proposals, B bots, W wires in the picked proposal",rare,optimal,Linear _find_proposal then the O(B+W) dialog build; exec() blocks on the modal loop.
src/gui/market_inspector_topologies.py,448,MarketInspectorTopologies._on_dismiss,O(P*b + k^2),O(P),"P proposals, b bots/proposal, k cards cleared",rare,O(P*b + k),"Blocks on a modal QMessageBox, then delegates to dismiss()."
src/gui/native_chart.py,120,CandlestickChart.__init__,O(1),O(1),-,startup,optimal,~40 scalar/empty-list attribute assignments; no data touched.
src/gui/native_chart.py,233,CandlestickChart.symbol,O(1),O(1),-,rare,optimal,property getter
src/gui/native_chart.py,237,CandlestickChart.symbol,O(1),O(1),-,rare,optimal,"setter; update() only schedules a repaint, cost lands in paintEvent"
src/gui/native_chart.py,241,CandlestickChart.set_candles,O(n*w),O(n),len(candles); w = longest indicator window (52),periodic,O(n),stores list by reference; entire cost is the _compute_indicators call
src/gui/native_chart.py,249,CandlestickChart.set_source_label,O(1),O(1),-,periodic,optimal,
src/gui/native_chart.py,253,CandlestickChart.set_error,O(1),O(1),-,rare,optimal,
src/gui/native_chart.py,257,CandlestickChart._compute_indicators,O(n*w),O(n),"len(candles); w = longest window (BB 20, Vortex 14, Ichimoku 52)",periodic,O(n),every window re-sliced and re-summed per candle; rolling sums + monotonic deques give O(n)
src/gui/native_chart.py,372,CandlestickChart._compute_indicators._mid,O(p),O(p),p = period (9/26/52),periodic,O(1) amortized,two slices copy p elements each before max/min; called 3x per candle
src/gui/native_chart.py,390,CandlestickChart.add_marker,O(1),O(1),-,per-trade,optimal,
src/gui/native_chart.py,394,CandlestickChart.set_trade_history_markers,O(t),O(t),len(trades),periodic,optimal,
src/gui/native_chart.py,430,CandlestickChart.set_tranche_floors,O(f),O(f),len(floors),periodic,optimal,list() copies the caller's tuples
src/gui/native_chart.py,441,CandlestickChart.set_positions,O(1),O(1),-,periodic,optimal,"stores the caller's list by reference, no copy"
src/gui/native_chart.py,445,CandlestickChart.set_grid_lines,O(1),O(1),-,periodic,optimal,"stores by reference, no copy"
src/gui/native_chart.py,449,CandlestickChart.set_target_balance_lines,O(1),O(1),-,periodic,optimal,
src/gui/native_chart.py,462,CandlestickChart.set_fire_armed_state,O(b),O(b),total blockers in both lists,periodic,optimal,list() copies both blocker lists
src/gui/native_chart.py,478,CandlestickChart.set_timeframe,O(1),O(1),-,rare,optimal,
src/gui/native_chart.py,481,CandlestickChart._natural_height_for_panes,O(1),O(1),-,rare,optimal,"bool() on the data lists is a truthiness test, not a scan"
src/gui/native_chart.py,500,CandlestickChart._apply_height_for_panes,O(1),O(1),-,rare,optimal,Qt layout invalidation cost is deferred to the parent layout pass
src/gui/native_chart.py,527,CandlestickChart.mouseMoveEvent,O(1),O(1),-,per-paint,optimal,pan math is O(1); each call schedules exactly one repaint
src/gui/native_chart.py,575,CandlestickChart.mousePressEvent,O(1),O(1),-,rare,optimal,
src/gui/native_chart.py,592,CandlestickChart.mouseReleaseEvent,O(1),O(1),-,rare,optimal,
src/gui/native_chart.py,600,CandlestickChart.mouseDoubleClickEvent,O(1),O(1),-,rare,optimal,
src/gui/native_chart.py,607,CandlestickChart.wheelEvent,O(1),O(1),-,per-paint,optimal,only viewport ints change; the re-render cost is paid in paintEvent
src/gui/native_chart.py,645,CandlestickChart._effective_visible_start,O(1),O(1),-,per-paint,optimal,
src/gui/native_chart.py,652,CandlestickChart._effective_visible_count,O(1),O(1),-,per-paint,optimal,
src/gui/native_chart.py,659,CandlestickChart.leaveEvent,O(1),O(1),-,rare,optimal,
src/gui/native_chart.py,665,CandlestickChart._fmt_price,O(1),O(1),-,per-paint,optimal,
src/gui/native_chart.py,691,CandlestickChart.paintEvent,O(m*v + N*L),O(N),"m=len(markers), v=visible candles, N=total candles, L=squeeze lookback 30",per-paint,O(m log v + v),marker nearest-candle min() scans all v per marker even when later skipped; slingshot rebuilds BB over full history every paint
src/gui/native_chart.py,796,CandlestickChart.paintEvent.p2y,O(1),O(1),-,per-paint,optimal,
src/gui/native_chart.py,799,CandlestickChart.paintEvent.i2x,O(1),O(1),-,per-paint,optimal,
src/gui/native_chart.py,811,CandlestickChart.paintEvent._nice_step,O(1),O(1),-,per-paint,optimal,"local `import math` hits the module cache, not disk"
src/gui/native_chart.py,968,CandlestickChart.paintEvent._draw_line_series,O(d),O(1),len(data) = visible points in the series,per-paint,optimal,one QPainter.drawLine per point; QPainterPath batching would cut constants only
src/gui/native_chart.py,1063,CandlestickChart.paintEvent._flush_segment,O(s),O(s),points in the current kumo segment,per-paint,optimal,list concat + reversed() copies the whole segment before drawPolygon
src/gui/native_chart.py,1141,CandlestickChart.paintEvent._band_zone_polygon,O(v),O(v),visible candles with a BB value,per-paint,optimal,"called 4x per paint when BB-Bullseye is on, rebuilding both point lists each time"
src/gui/native_chart.py,1381,CandlestickChart.paintEvent._paint_sub_grid,O(1),O(1),-,per-paint,optimal,
src/gui/native_chart.py,1395,CandlestickChart.paintEvent._sub_axis_label,O(1),O(1),-,per-paint,optimal,
src/gui/native_chart.py,1411,CandlestickChart.paintEvent._paint_oscillator,O(d),O(d),len(data) = visible oscillator points,per-paint,optimal,builds two temp value lists then min/max before the draw loop: 3 extra passes
src/gui/native_chart.py,1768,CandlestickChart._draw_positions,O(p),O(1),len(self._positions),per-paint,optimal,
src/gui/native_chart.py,1840,CandlestickChart._draw_header,O(p),O(1),len(self._positions),per-paint,optimal,genexpr counts invisible positions each paint; len(candles) is O(1)
src/gui/native_chart.py,1877,ChartPanel.__init__,O(1),O(1),-,startup,optimal,"fixed set of ~15 widgets, no data-dependent loop"
src/gui/native_chart.py,1915,ChartPanel.__init__._add_indicator_cb,O(1),O(1),-,startup,optimal,
src/gui/native_chart.py,1990,ChartPanel.chart,O(1),O(1),-,periodic,optimal,
src/gui/native_chart.py,1994,ChartPanel.timeframe,O(1),O(1),-,rare,optimal,
src/gui/native_chart.py,1997,ChartPanel._on_tf_changed,O(1),O(1),-,rare,optimal,emits a signal; connected slots' refetch cost is not counted here
src/gui/native_chart.py,2001,ChartPanel._toggle_indicator,O(1),O(1),-,rare,optimal,setattr + height recalc are O(1); repaint cost lands in paintEvent
src/gui/native_chart.py,2018,ChartPanel.set_source,O(1),O(1),-,periodic,optimal,
src/gui/preflight_check.py,49,check_symbol,O(M),O(M),M = markets listed on the exchange (thousands on Coinbase/Binance),rare,optimal,load_markets pulls and parses the full market list for one dict lookup; the 4 casing variants are O(1) each
src/gui/preflight_check.py,192,format_result_for_user,O(w),O(w),w = warnings on the result (0-2),rare,optimal,accumulates into a list then joins once - no quadratic string concat
src/gui/qt_safe_events.py,45,_is_in_call,O(1),O(1),-,per-paint,optimal,
src/gui/qt_safe_events.py,49,safe_process_events,O(Q),O(1),"Q = pending events in the Qt queue, each dispatched to its handler",per-paint,optimal,"unbounded in practice — processEvents dispatches every queued event, including full repaints, on the caller's thread"
src/gui/qt_safe_events.py,87,reset_for_test,O(1),O(1),-,rare,optimal,
src/gui/risk_tab.py,32,DrawdownGauge.__init__,O(1),O(1),-,startup,optimal,
src/gui/risk_tab.py,40,DrawdownGauge.set_value,O(1),O(1),-,periodic,optimal,update() only schedules a repaint; the paint cost lands in paintEvent.
src/gui/risk_tab.py,45,DrawdownGauge.paintEvent,O(1),O(1),-,per-paint,optimal,Fixed draw-op count; two QFont objects are constructed on every paint rather than cached.
src/gui/risk_tab.py,84,ExposureBar.__init__,O(1),O(1),-,startup,optimal,
src/gui/risk_tab.py,107,ExposureBar.set_value,O(1),O(1),-,periodic,optimal,Rebuilds and re-applies the full QSS string every call; Qt re-parses the stylesheet each time.
src/gui/risk_tab.py,119,RiskTab.__init__,O(1),O(1),-,startup,optimal,Cost is _setup_ui()'s.
src/gui/risk_tab.py,125,RiskTab._setup_ui,O(1),O(1),-,startup,optimal,Fixed widget tree; the two tables start empty.
src/gui/risk_tab.py,227,RiskTab.refresh,O(L + 5R + 4U + A + X),O(R),"L = alerts in history, R = alerts in last 24h, U = rules, A/X = asset/exchange exposures",periodic,O(R + U + A + X),Re-filters the whole alert history each 2s tick and rebuilds both tables cell-by-cell (setItem per cell).
src/gui/screen_recorder.py,55,_has_cv2,O(1),O(1),-,startup,optimal,First call pays the cv2 module import; later calls hit sys.modules.
src/gui/screen_recorder.py,63,_has_ffmpeg,O(1),O(1),-,startup,optimal,"Spawns an ffmpeg subprocess and blocks up to 3s; huge constant, not algorithmic."
src/gui/screen_recorder.py,72,_has_pillow,O(1),O(1),-,startup,optimal,
src/gui/screen_recorder.py,80,_best_engine,O(1),O(1),-,startup,optimal,May pay _has_ffmpeg's subprocess spawn; result is not memoized so each caller re-probes.
src/gui/screen_recorder.py,95,_RecorderSignals.__init__,O(1),O(1),-,rare,optimal,Headless no-Qt stub.
src/gui/screen_recorder.py,113,ScreenRecorder.__init__,O(1),O(1),-,rare,optimal,Constant work plus a mkdir syscall and _best_engine's engine probe.
src/gui/screen_recorder.py,150,ScreenRecorder.is_recording,O(1),O(1),-,rare,optimal,
src/gui/screen_recorder.py,155,ScreenRecorder._chunk_frames,O(1),O(1),-,periodic,optimal,
src/gui/screen_recorder.py,160,ScreenRecorder.start,O(W*H),O(W*H),pixels in the target widget (W*H),rare,optimal,Own work is O(1); cost is the callee _start_* doing one _grab_pixmap probe render.
src/gui/screen_recorder.py,187,ScreenRecorder._start_cv2,O(W*H),O(W*H),pixels in the target widget (W*H),rare,optimal,Probe grab dominates; VideoWriter open is a constant-cost syscall.
src/gui/screen_recorder.py,204,ScreenRecorder._start_ffmpeg,O(W*H),O(W*H),pixels in the target widget (W*H),rare,optimal,Probe grab dominates; two mkdirs are constant.
src/gui/screen_recorder.py,222,ScreenRecorder._start_gif,O(W*H),O(W*H),pixels in the target widget (W*H),rare,optimal,Probe grab dominates.
src/gui/screen_recorder.py,232,ScreenRecorder._start_png_rolling,O(W*H),O(W*H),pixels in the target widget (W*H),rare,optimal,Probe grab dominates.
src/gui/screen_recorder.py,246,ScreenRecorder.stop,O(F*W*H),O(1),frames captured (F) x pixels (W*H),rare,optimal,Own work O(1); cost is entirely the engine-specific _stop_* re-encoding every captured frame.
src/gui/screen_recorder.py,269,ScreenRecorder._stop_cv2,O(1),O(1),-,rare,optimal,"Frames were streamed at capture time, so release() only flushes trailers."
src/gui/screen_recorder.py,277,ScreenRecorder._stop_ffmpeg,O(F),O(1),total frames recorded (F),rare,optimal,"Encodes the trailing partial chunk, then concat streams every chunk's bytes; rmtree walks the frame dir."
src/gui/screen_recorder.py,328,ScreenRecorder._stop_gif,O(F*W*H),O(F*W*H),"sampled frames held (F, capped at 600) x pixels",rare,optimal,"self._gif_frames[1:] slices, copying the F-element list (images shared, not deep-copied)."
src/gui/screen_recorder.py,354,ScreenRecorder._stop_png_rolling,O(P),O(P),PNG files left in the frame dir (P),rare,O(1),len(list(glob)) materializes the whole listing just to count; `remaining` is computed and never used.
src/gui/screen_recorder.py,365,ScreenRecorder._encode_chunk,O(frame_count*W*H),O(1),frame_count frames in the chunk,periodic,optimal,Blocking ffmpeg encode (120s timeout) plus one unlink syscall per encoded PNG.
src/gui/screen_recorder.py,406,ScreenRecorder._concat_chunks,O(F),O(C),chunks (C) / total encoded bytes across all frames (F),rare,optimal,Concat list is O(C) lines; -c copy still streams every chunk's bytes through ffmpeg.
src/gui/screen_recorder.py,433,ScreenRecorder._grab_pixmap,O(W*H),O(W*H),pixels in the target widget (W*H),periodic,optimal,QWidget.grab() re-renders the whole widget tree into a fresh pixmap every call.
src/gui/screen_recorder.py,441,ScreenRecorder._capture_frame,O(W*H),O(W*H),pixels in the target widget (W*H),periodic,optimal,GIF path's _gif_frames.pop(0) is an O(F) list shift once the 600-frame cap is reached.
src/gui/screen_recorder.py,507,ScreenRecorder._write_cv2,O(W*H),O(W*H),pixels in the frame (W*H),periodic,optimal,"np.frombuffer is a view, but convertToFormat and cvtColor each allocate a full W*H*3 buffer."
src/gui/screen_recorder.py,517,ScreenRecorder._write_png_frame,O(W*H),O(W*H),pixels in the frame (W*H),periodic,optimal,Synchronous PNG deflate on the Qt GUI thread.
src/gui/screen_recorder.py,524,ScreenRecorder._encode_chunk_async,O(frame_count*W*H),O(1),frame_count frames in the chunk,periodic,optimal,Thin thread wrapper; cost is entirely _encode_chunk. Appends to self._chunks without a lock.
src/gui/screen_recorder.py,546,RecorderToolbarWidget.__init__,O(1),O(1),-,startup,optimal,Fixed widget count; _best_engine may spawn the ffmpeg probe subprocess.
src/gui/screen_recorder.py,561,RecorderToolbarWidget.set_target,O(1),O(1),-,rare,optimal,
src/gui/screen_recorder.py,566,RecorderToolbarWidget._setup_ui,O(1),O(1),-,startup,optimal,Three fixed widgets; the tips/col dicts are rebuilt per call but are constant-size.
src/gui/screen_recorder.py,615,RecorderToolbarWidget._setup_flash_timer,O(1),O(1),-,startup,optimal,
src/gui/screen_recorder.py,620,RecorderToolbarWidget._flash_rec,O(1),O(1),-,periodic,optimal,Fires every 600ms; each call reparses a fresh stylesheet string through Qt's CSS engine.
src/gui/screen_recorder.py,629,RecorderToolbarWidget._toggle_recording,O(F*W*H),O(1),frames captured (F) x pixels (W*H),rare,optimal,Own work O(1); worst case dispatches to _stop_recording which pays the full encode.
src/gui/screen_recorder.py,635,RecorderToolbarWidget._start_recording,O(W*H),O(W*H),pixels in the target widget (W*H),rare,optimal,Cost is ScreenRecorder.start's probe grab.
src/gui/screen_recorder.py,655,RecorderToolbarWidget._stop_recording,O(F*W*H),O(1),frames captured (F) x pixels (W*H),rare,optimal,Cost is ScreenRecorder.stop; blocks the GUI thread through the final encode/concat.
src/gui/screen_recorder.py,668,RecorderToolbarWidget._open_folder,O(1),O(1),-,rare,optimal,
src/gui/screen_recorder.py,680,RecorderToolbarWidget._set_status,O(1),O(1),-,periodic,optimal,
src/gui/settings_dialog.py,42,SettingsDialog.__init__,O(E log E),O(E + C),"E = len(SUPPORTED_EXCHANGES), C = configured exchanges",rare,optimal,Cost is entirely _setup_ui (sorted exchange list) + _load_current (deepcopy of configured exchanges).
src/gui/settings_dialog.py,76,SettingsDialog._setup_ui,O(E log E),O(E + I + T),"E = supported exchanges, I = TA indicators, T = themes",rare,optimal,"All 11 tabs built eagerly, none lazy; _create_exchange_tab's sorted() dominates."
src/gui/settings_dialog.py,105,SettingsDialog._create_user_tab,O(1),O(1),-,rare,optimal,
src/gui/settings_dialog.py,113,SettingsDialog._create_exchange_tab,O(E log E),O(E),E = len(SUPPORTED_EXCHANGES) (or len(EQUITY_EXCHANGE_IDS) in stock wing),rare,O(E) if the id list were kept pre-sorted,"sorted() over exchange ids, then one QComboBox.addItem per id."
src/gui/settings_dialog.py,242,SettingsDialog._on_exchange_changed,O(1),O(1),-,rare,optimal,"PASSPHRASE_EXCHANGES is a set, so the membership test is O(1)."
src/gui/settings_dialog.py,248,SettingsDialog._test_api_connection,O(1),O(1),-,rare,optimal,Local work is constant; wall clock is a blocking network round-trip on the GUI thread.
src/gui/settings_dialog.py,294,SettingsDialog._set_feedback,O(1),O(1),-,rare,optimal,Rebuilds the 4-entry colors dict on every call; constant but needless.
src/gui/settings_dialog.py,299,SettingsDialog._add_exchange,O(K + S),O(K + S),"K = len(api key), S = len(api secret)",rare,optimal,encrypt() is linear in plaintext; also nests a full blocking _test_api_connection network call.
src/gui/settings_dialog.py,346,SettingsDialog._remove_exchange,O(R),O(1),R = rows in the QListWidget,rare,optimal,QListWidget.row(item) is a linear scan; remove_exchange also rebuilds the settings list.
src/gui/settings_dialog.py,360,SettingsDialog._create_trading_tab,O(1),O(1),-,rare,optimal,
src/gui/settings_dialog.py,387,SettingsDialog._create_folding_tab,O(1),O(1),-,rare,optimal,
src/gui/settings_dialog.py,439,SettingsDialog._create_ta_tab,O(I),O(I),I = len(DEFAULT_WEIGHTS) indicators,rare,optimal,One slider + 2 labels per indicator; each closure captures its own val_label.
src/gui/settings_dialog.py,464,SettingsDialog._create_phantom_tab,O(1),O(1),-,rare,optimal,Timeframe list is a fixed 11 entries; `tf in [...]` is a constant-size list scan.
src/gui/settings_dialog.py,490,SettingsDialog._create_theme_tab,O(T),O(T),T = len(THEMES),rare,optimal,Font family list is a fixed 12 entries.
src/gui/settings_dialog.py,555,SettingsDialog._update_font_preview,O(1),O(1),-,rare,optimal,"setStyleSheet forces a Qt style re-parse, but only on one label."
src/gui/settings_dialog.py,564,SettingsDialog._create_logging_tab,O(1),O(1),-,rare,optimal,
src/gui/settings_dialog.py,588,SettingsDialog._create_sound_tab,O(1),O(1),-,rare,optimal,
src/gui/settings_dialog.py,702,SettingsDialog._on_sfx_volume_changed,O(W),O(1),W = cached wav entries dropped,rare,optimal,"Fires on every slider tick; each call discards the whole wav cache, forcing full re-synth on next play()."
src/gui/settings_dialog.py,730,SettingsDialog._test_sound,O(W + L),O(L),"W = cached wavs cleared, L = samples in the synthesized wav",rare,optimal,"Always clears the cache first, so the requested sound is re-synthesized from scratch on every press."
src/gui/settings_dialog.py,738,SettingsDialog._create_sms_tab,O(G),O(G),G = len(CARRIER_GATEWAYS),rare,optimal,
src/gui/settings_dialog.py,852,SettingsDialog._create_ai_monitor_tab,O(1),O(1),-,rare,optimal,
src/gui/settings_dialog.py,961,SettingsDialog._test_ai_handshake,O(1),O(1),-,rare,optimal,Does not actually handshake; only validates that three fields are non-empty.
src/gui/settings_dialog.py,978,SettingsDialog._load_current,O(C * F),O(C * F),"C = configured exchanges, F = fields per exchange dict",rare,O(C) by iterating without the deepcopy,SettingsManager.list_exchanges() returns a deepcopy of the whole exchanges list before the wing filter runs.
src/gui/settings_dialog.py,1022,SettingsDialog._save,O(S),O(S),S = serialized size of the settings JSON,rare,O(S) with one batched write instead of 16,SettingsManager.set() persists the FULL settings file per key; 13 scalars + 3 groups = 16 whole-file disk writes.
src/gui/shared_testnet.py,88,_CompetitionWorker.__init__,O(1),O(1),-,rare,optimal,
src/gui/shared_testnet.py,95,_CompetitionWorker.run,O(n_bots),O(n_bots),bots in the competition request,rare,optimal,"Cost is entirely LocalTestnet.run_demo_competition, held under the bridge mutation lock for its full duration."
src/gui/shared_testnet.py,143,SharedTestnetBridge.__init__,O(1),O(1),-,startup,optimal,Starts a 250 ms drain QTimer that then runs for the life of the window.
src/gui/shared_testnet.py,166,SharedTestnetBridge.install_on,O(S),O(S),persisted chain state size,startup,optimal,"Cost is _try_load, which parses and rehydrates the whole persisted chain."
src/gui/shared_testnet.py,188,SharedTestnetBridge.testnet,O(1),O(1),-,periodic,optimal,Read by the TestNet tab's 3 s poll timer.
src/gui/shared_testnet.py,192,SharedTestnetBridge.request_competition,O(1),O(1),-,rare,optimal,queue.put; the only cross-thread entry point.
src/gui/shared_testnet.py,196,SharedTestnetBridge.reset,O(1),O(1),-,rare,optimal,"__dict__.update swaps a fixed attribute set; the entire old chain is dropped by rebinding, not walked."
src/gui/shared_testnet.py,213,SharedTestnetBridge._drain_queue,O(1),O(1),-,periodic,optimal,Fires every 250 ms; pulls at most one request per tick and returns immediately while a worker runs.
src/gui/shared_testnet.py,229,SharedTestnetBridge._on_worker_done,O(1),O(1),-,rare,optimal,
src/gui/shared_testnet.py,243,SharedTestnetBridge._schedule_save,O(1),O(1),-,rare,optimal,Restarting the single-shot timer is what coalesces bursts into one write.
src/gui/shared_testnet.py,247,SharedTestnetBridge._save_now,O(S),O(S),chain state size (blocks + txs + events + balances),rare,optimal,"json.dumps(indent=2) re-serialises the entire chain to a temp file on every debounced save, not a delta."
src/gui/shared_testnet.py,270,SharedTestnetBridge._serialize_state,O(S),O(S),blocks + txs + events + balances,rare,optimal,"Four full list comprehensions calling to_dict per record, plus a nested dict copy of _allowances."
src/gui/shared_testnet.py,298,SharedTestnetBridge._try_load,O(S),O(S),persisted chain state size,startup,optimal,read_text loads the whole file before json.loads; schema mismatch discards it all without parsing further.
src/gui/shared_testnet.py,337,SharedTestnetBridge._restore_state,O(S),O(S),blocks + txs + events + balances in the payload,startup,optimal,Constructs a dataclass per block/tx/event via **kwargs splat; any field drift raises here by design.
src/gui/simulator_tab/fleet/bot_state_loader.py,30,_read_state_file,O(S),O(S),S = size of bot_state.json,rare,optimal,"json.load materialises the entire live state file, including per-bot stats and memory the caller then discards."
src/gui/simulator_tab/fleet/bot_state_loader.py,49,load_bot_configs_from_state,O(S),O(S),S = size of bot_state.json (B = number of bots is secondary),rare,optimal,"dict(cfg) is a SHALLOW copy, so nested config values stay aliased to the parsed live-state dict."
src/gui/simulator_tab/fleet/bot_state_loader.py,91,summarize_loaded_configs,O(B),O(D),"B = len(configs), D = distinct symbols",rare,optimal,
src/gui/simulator_tab/fleet/candle_series.py,39,CandleSeries.__post_init__,O(N log N),O(N),N = len(rows),startup,optimal,sorted() allocates a second full list; Timsort degenerates to O(N) when input is already chronological.
src/gui/simulator_tab/fleet/candle_series.py,46,CandleSeries.__len__,O(1),O(1),-,per-candle,optimal,
src/gui/simulator_tab/fleet/candle_series.py,50,CandleSeries.length,O(1),O(1),-,rare,optimal,
src/gui/simulator_tab/fleet/candle_series.py,54,CandleSeries.at_end,O(1),O(1),-,per-candle,optimal,
src/gui/simulator_tab/fleet/candle_series.py,57,CandleSeries.reset,O(1),O(1),-,rare,optimal,
src/gui/simulator_tab/fleet/candle_series.py,60,CandleSeries.set_cursor,O(1),O(1),-,per-candle,optimal,
src/gui/simulator_tab/fleet/candle_series.py,66,CandleSeries.step,O(1),O(1),-,per-candle,optimal,
src/gui/simulator_tab/fleet/candle_series.py,74,CandleSeries.step_to_ts,O(log N),O(1),N = len(rows),per-candle,optimal,Binary search for rightmost ts <= target; stays O(log N) even when the master clock skips many candles.
src/gui/simulator_tab/fleet/candle_series.py,102,CandleSeries.get_current,O(1),O(1),-,per-candle,optimal,"list(row) copies, but an OHLCV row is a fixed 6 fields."
src/gui/simulator_tab/fleet/candle_series.py,108,CandleSeries.get_history,O(limit),O(limit),limit = candles requested (default 100),per-candle,optimal,"rows[start:end] copies the window, then each row is copied again - 2x the necessary allocation per call."
src/gui/simulator_tab/fleet/candle_series.py,117,CandleSeries.iter_ts,O(N),O(1),N = len(rows),rare,optimal,"Generator - O(1) per next(), O(N) only when fully consumed."
src/gui/simulator_tab/fleet/candle_series.py,122,build_candle_series_from_rows,O(N log N),O(N),N = len(rows),startup,optimal,"O(N) validation, then the CandleSeries constructor's sort dominates."
src/gui/simulator_tab/fleet/fleet_replay_controller.py,77,_instantiate_bot,O(1),O(1),-,startup,optimal,Imports live inside the function so the sys.modules lookup repeats per bot (cached after the first).
src/gui/simulator_tab/fleet/fleet_replay_controller.py,165,FleetReplayController.__init__,O(S+C),O(S+C),symbols + configs,startup,optimal,"dict(candles_by_symbol) is a shallow copy — the candle lists themselves are shared, not duplicated."
src/gui/simulator_tab/fleet/fleet_replay_controller.py,213,FleetReplayController.start,O(K),O(K),total candles across all series,startup,optimal,"Dominated by _build_sim, which materialises a CandleSeries over every candle; returns before the tick task runs."
src/gui/simulator_tab/fleet/fleet_replay_controller.py,263,FleetReplayController.request_stop,O(1),O(1),-,rare,optimal,
src/gui/simulator_tab/fleet/fleet_replay_controller.py,268,FleetReplayController.set_visual_refresh_cb,O(1),O(1),-,startup,optimal,
src/gui/simulator_tab/fleet/fleet_replay_controller.py,282,FleetReplayController._total_candle_count,O(1),O(1),-,startup,optimal,"total_clock_ticks reads the master clock's precomputed `total` attribute, not a union recount."
src/gui/simulator_tab/fleet/fleet_replay_controller.py,296,FleetReplayController._build_sim,O(K),O(K),total candles across all symbols,startup,optimal,make_symbol_series_map builds a CandleSeries per symbol over every row; the config loops are only O(configs).
src/gui/simulator_tab/fleet/fleet_replay_controller.py,370,FleetReplayController._on_sim_trade,O(1),O(1),-,per-trade,optimal,"One NDJSON append per fill via SimRunLog.record_trade, plus a dict counter bump."
src/gui/simulator_tab/fleet/fleet_replay_controller.py,410,FleetReplayController._run,O(T*B),O(E),master-clock ticks x bots (35 x ~15k),rare,optimal,"The replay loop itself; per-tick cost is bot.tick(), attributed there. Anchored mode skips non-anchor ticks."
src/gui/simulator_tab/fleet/fleet_replay_controller.py,622,build_anchor_indices,O(T*warmup),O(A),historical trades x warmup (100),rare,O(T log T + A) by sorting then merging overlapping ranges,"Overlapping warm-up ranges collapse in the set, but each range is still enumerated element by element."
src/gui/simulator_tab/fleet/fleet_replay_panel.py,32,_tel_call,O(1),O(1),-,per-paint,optimal,Function-local import hits sys.modules dict each call; cost attributed to get_telemetry().record_call.
src/gui/simulator_tab/fleet/fleet_replay_panel.py,40,_tel_skip,O(1),O(1),-,per-paint,optimal,Called up to 3x per symbol per drain; cost attributed to get_telemetry().record_skip.
src/gui/simulator_tab/fleet/fleet_replay_panel.py,48,_tel_exc,O(1),O(1),-,rare,optimal,
src/gui/simulator_tab/fleet/fleet_replay_panel.py,67,_synthesize_candles_for_symbol,O(n_candles),O(n_candles),n_candles (default 200),rare,optimal,"Seed is sum(ord(c) for c in symbol), O(len(symbol)), dwarfed by the candle loop. Legacy path; Start Replay no longer calls it."
src/gui/simulator_tab/fleet/fleet_replay_panel.py,121,FleetReplayPanel.__init__,O(1),O(1),-,startup,optimal,Fixed widget tree; no data-dependent loops.
src/gui/simulator_tab/fleet/fleet_replay_panel.py,311,FleetReplayPanel.set_async_loop_getter,O(1),O(1),-,startup,optimal,
src/gui/simulator_tab/fleet/fleet_replay_panel.py,316,FleetReplayPanel.set_visual_widgets,O(1),O(1),-,startup,optimal,
src/gui/simulator_tab/fleet/fleet_replay_panel.py,333,FleetReplayPanel.set_log_callbacks,O(1),O(1),-,startup,optimal,
src/gui/simulator_tab/fleet/fleet_replay_panel.py,346,FleetReplayPanel.set_bot_manager,O(1),O(1),-,startup,optimal,
src/gui/simulator_tab/fleet/fleet_replay_panel.py,354,FleetReplayPanel.set_connectors_getter,O(1),O(1),-,startup,optimal,"Retained shim; body is `del getter`, does nothing."
src/gui/simulator_tab/fleet/fleet_replay_panel.py,362,FleetReplayPanel.on_history_refreshed,O(T),O(T),T = len(trades) emitted by History Refresh,rare,optimal,"list(trades) makes a full shallow copy, then a second pass builds the per-symbol histogram."
src/gui/simulator_tab/fleet/fleet_replay_panel.py,398,FleetReplayPanel._on_load_clicked,O(B),O(B),B = bot configs in bot_state.json (~35),rare,optimal,Cost is in load_bot_configs_from_state (JSON parse) + _populate_fleet_table; fleetLoaded.emit copies the config list again.
src/gui/simulator_tab/fleet/fleet_replay_panel.py,427,FleetReplayPanel._populate_fleet_table,O(B),O(B),B = loaded bot configs (rows),rare,optimal,3 setItem plus one GateLightsCell widget allocation per row; widget construction dominates the constant.
src/gui/simulator_tab/fleet/fleet_replay_panel.py,455,FleetReplayPanel._on_reset_clicked,O(B),O(1),B = rows currently in the fleet table,rare,optimal,setRowCount(0) tears down every row item and cell widget.
src/gui/simulator_tab/fleet/fleet_replay_panel.py,470,FleetReplayPanel._on_fetch_ytd_clicked,O(1),O(1),-,rare,optimal,Only schedules the coroutine; all real work is in the nested _do_fetch on the asyncio thread.
src/gui/simulator_tab/fleet/fleet_replay_panel.py,504,FleetReplayPanel._on_fetch_ytd_clicked._do_fetch,O(T + S log S),O(T),"T = trades fetched, S = distinct symbols",rare,optimal,Wall time is network-bound in fetch_all_history_chunked; dict(sorted(...)) for the log line adds the S log S term.
src/gui/simulator_tab/fleet/fleet_replay_panel.py,541,FleetReplayPanel._on_fetch_ytd_clicked._bounce_to_qt,O(1),O(1),-,rare,optimal,
src/gui/simulator_tab/fleet/fleet_replay_panel.py,546,FleetReplayPanel._on_fetch_ytd_done,O(T),O(S),T = len(self._ytd_trades),rare,optimal,Rebuilds the same per-symbol histogram _do_fetch already computed and threw away.
src/gui/simulator_tab/fleet/fleet_replay_panel.py,567,FleetReplayPanel._live_trade_timestamps,O(T + L),O(T + L),"T = cached YTD trades, L = rows in the live trade log",rare,optimal,Fallback path re-reads and ISO-parses the entire live trade log from disk when _ytd_trades is empty.
src/gui/simulator_tab/fleet/fleet_replay_panel.py,601,FleetReplayPanel._compute_soft_start,O(G + L + classify_trades),O(G + L),"G = gate decisions, L = live trades",rare,optimal,"Both logs are fully materialised into lists; dominant term is inside classify_trades(norm, gates)."
src/gui/simulator_tab/fleet/fleet_replay_panel.py,637,FleetReplayPanel._on_start_clicked,O(S * C),O(S * C),"S = symbols, C = candles per symbol (~35k YTD 5m)",rare,"O(S * result) with a per-(asset,exchange) index in the registry","reg.get_candles scans every candle of the asset per call, then list(rows) copies the window; whole fleet's tape is held in RAM."
src/gui/simulator_tab/fleet/fleet_replay_panel.py,975,FleetReplayPanel._collect_stat_fields,O(B),O(1),B = sim bots,per-candle,optimal,Runs on the every-15th-candle visual cadence; 10 output fields is fixed.
src/gui/simulator_tab/fleet/fleet_replay_panel.py,1048,FleetReplayPanel._apply_stat_fields,O(1),O(1),-,per-paint,optimal,Field dict has a fixed 10 keys; each strip.set() is one Qt label update.
src/gui/simulator_tab/fleet/fleet_replay_panel.py,1063,FleetReplayPanel._on_visual_refresh_tick,O(B),O(B),B = sim bots,per-candle,optimal,"Fires every 15th candle; cost is entirely _collect_visual_snapshot. Latest-wins store, so no queue growth."
src/gui/simulator_tab/fleet/fleet_replay_panel.py,1116,FleetReplayPanel._collect_visual_snapshot,O(B),O(B),B = sim bots,per-candle,optimal,"Per bot copies two small blocker lists; also calls _collect_stat_fields, a second O(B) pass over the same bots."
src/gui/simulator_tab/fleet/fleet_replay_panel.py,1169,FleetReplayPanel._drain_visual_snapshot,O(S),O(1),S = symbols in the snapshot (~35),per-paint,optimal,"Three widget setters per symbol (gate LEDs, chart append, voting row); one chart.update() repaint queued at the end."
src/gui/simulator_tab/fleet/fleet_replay_panel.py,1228,FleetReplayPanel._on_stop_clicked,O(1),O(1),-,rare,optimal,
src/gui/simulator_tab/fleet/fleet_replay_panel.py,1236,FleetReplayPanel._refresh_progress,O(R + E log E),O(E),"R = fleet table rows, E = distinct exception signatures",periodic,optimal,500 ms timer. Re-imports QTableWidgetItem each call; only rewrites cells whose text actually changed.
src/gui/simulator_tab/fleet/fleet_replay_panel.py,1326,FleetReplayPanel._run_parity_comparison,O(Tl + Ts + compare_trades),O(Tl + Ts),"Tl = live trades, Ts = sim trades",rare,optimal,Both trade lists are fully copied before matching; the dominant term lives inside compare_trades().
src/gui/simulator_tab/fleet/fleet_replay_panel.py,1373,FleetReplayPanel.get_loaded_configs,O(B),O(B),B = loaded bot configs,rare,optimal,"Shallow list copy; the dicts themselves are shared, not deep-copied."
src/gui/simulator_tab/fleet/master_clock.py,63,MasterClock.from_series,O(r + u log u),O(u),"r = total candle rows across series, u = unique timestamps",startup,optimal,Set-inserts every row's ts then sorts the union; a 34-tablet YTD replay walks millions of rows.
src/gui/simulator_tab/fleet/master_clock.py,78,MasterClock.__len__,O(1),O(1),-,periodic,optimal,
src/gui/simulator_tab/fleet/master_clock.py,82,MasterClock.total,O(1),O(1),-,periodic,optimal,
src/gui/simulator_tab/fleet/master_clock.py,86,MasterClock.at_end,O(1),O(1),-,per-candle,optimal,
src/gui/simulator_tab/fleet/master_clock.py,89,MasterClock.current_ts_ms,O(1),O(1),-,per-candle,optimal,
src/gui/simulator_tab/fleet/master_clock.py,97,MasterClock.step,O(1),O(1),-,per-candle,optimal,
src/gui/simulator_tab/fleet/master_clock.py,105,MasterClock.reset,O(1),O(1),-,rare,optimal,
src/gui/simulator_tab/fleet/master_clock.py,108,MasterClock.progress_pct,O(1),O(1),-,periodic,optimal,
src/gui/simulator_tab/fleet/sim_exchange.py,38,_ohlcv_row_from_series,O(1),O(1),-,per-candle,optimal,"list(row) copies, but OHLCV rows are fixed 6-wide so the copy is constant."
src/gui/simulator_tab/fleet/sim_exchange.py,43,make_symbol_series_map,O(T log C),O(T),"T = total candle rows across all symbols, C = rows per symbol",startup,O(T) if inputs are known chronological,"CandleSeries.__post_init__ sorts each symbol's rows, adding the log factor."
src/gui/simulator_tab/fleet/sim_exchange.py,74,FleetSimExchange.__init__,O(T log T),O(T),T = total candle rows across all series,startup,O(T) via k-way merge of already-sorted per-series timestamps,MasterClock.from_series unions then sorts EVERY timestamp; dominates the O(S) balance seeding.
src/gui/simulator_tab/fleet/sim_exchange.py,120,FleetSimExchange.exchange_id,O(1),O(1),-,rare,optimal,
src/gui/simulator_tab/fleet/sim_exchange.py,125,FleetSimExchange.display_name,O(1),O(1),-,rare,optimal,
src/gui/simulator_tab/fleet/sim_exchange.py,129,FleetSimExchange.is_connected,O(1),O(1),-,rare,optimal,
src/gui/simulator_tab/fleet/sim_exchange.py,133,FleetSimExchange.connect,O(1),O(1),-,startup,optimal,
src/gui/simulator_tab/fleet/sim_exchange.py,138,FleetSimExchange.disconnect,O(1),O(1),-,rare,optimal,
src/gui/simulator_tab/fleet/sim_exchange.py,142,FleetSimExchange.step,O(S log C + K),O(K),"S = series, C = candles per series, K = total orders ever placed",per-candle,O(S + open_orders),step_to_ts bisects per series; the sweep copies and scans EVERY order incl. FILLED/CANCELLED.
src/gui/simulator_tab/fleet/sim_exchange.py,160,FleetSimExchange.master_clock,O(1),O(1),-,periodic,optimal,
src/gui/simulator_tab/fleet/sim_exchange.py,165,FleetSimExchange.total_clock_ticks,O(1),O(1),-,periodic,optimal,MasterClock.total is len() on a list.
src/gui/simulator_tab/fleet/sim_exchange.py,169,FleetSimExchange.step_symbol,O(K),O(K),K = total orders ever placed,per-candle,O(open orders for symbol),series.step() is O(1); the whole cost is the all-orders sweep it triggers.
src/gui/simulator_tab/fleet/sim_exchange.py,177,FleetSimExchange.cursor_ts_ms,O(1),O(1),-,per-candle,optimal,get_current copies a fixed 6-element row.
src/gui/simulator_tab/fleet/sim_exchange.py,184,FleetSimExchange.on_trade,O(1),O(1),-,startup,optimal,
src/gui/simulator_tab/fleet/sim_exchange.py,189,FleetSimExchange.get_ticker,O(1),O(1),-,per-candle,optimal,
src/gui/simulator_tab/fleet/sim_exchange.py,210,FleetSimExchange.get_orderbook,O(limit),O(limit),limit = requested book depth (default 20),per-candle,optimal,Two comprehensions each materialise `limit` synthetic levels.
src/gui/simulator_tab/fleet/sim_exchange.py,226,FleetSimExchange.get_ohlcv,O(limit),O(limit),limit = candles requested (default 100),per-candle,optimal,get_history slices (a copy) then _ohlcv_row_from_series copies each row again — two full copies.
src/gui/simulator_tab/fleet/sim_exchange.py,241,FleetSimExchange.get_balances,O(C),O(C),C = currencies in the ledger,per-candle,optimal,Builds a fresh Balance object per currency on every call; nothing is cached.
src/gui/simulator_tab/fleet/sim_exchange.py,247,FleetSimExchange.get_balance,O(1),O(1),-,per-candle,optimal,
src/gui/simulator_tab/fleet/sim_exchange.py,255,FleetSimExchange._adjust_balance,O(1),O(1),-,per-trade,optimal,
src/gui/simulator_tab/fleet/sim_exchange.py,259,FleetSimExchange.place_order,O(1),O(1),-,per-trade,optimal,Amortised O(1); the order dict grows unboundedly since filled orders are never evicted.
src/gui/simulator_tab/fleet/sim_exchange.py,323,FleetSimExchange._cursor_index,O(1),O(1),-,per-trade,optimal,
src/gui/simulator_tab/fleet/sim_exchange.py,333,FleetSimExchange._candle_address_for,O(1),O(1),-,per-trade,optimal,Function-body import of stone_tablets.addressing pays sys.modules lookup each call (cached after first).
src/gui/simulator_tab/fleet/sim_exchange.py,351,FleetSimExchange._settle_fill,O(1),O(1),-,per-trade,optimal,Amortised append; the trade tape is never trimmed so run memory grows O(total fills).
src/gui/simulator_tab/fleet/sim_exchange.py,410,FleetSimExchange._sweep_open_limit_orders,O(K),O(K),K = total orders ever placed (open + filled + cancelled),per-candle,O(open orders),list(self._orders.values()) copies the whole order dict each tick; an open-order index would fix both.
src/gui/simulator_tab/fleet/sim_exchange.py,441,FleetSimExchange.cancel_order,O(1),O(1),-,per-trade,optimal,
src/gui/simulator_tab/fleet/sim_exchange.py,451,FleetSimExchange.get_order,O(1),O(1),-,per-trade,optimal,
src/gui/simulator_tab/fleet/sim_exchange.py,459,FleetSimExchange.get_open_orders,O(K),O(K),K = total orders ever placed,per-candle,O(open orders),Full scan of every order ever placed to find the open subset.
src/gui/simulator_tab/fleet/sim_exchange.py,467,FleetSimExchange.get_my_trades,O(M),O(M),M = total trades on the sim tape,periodic,O(trades for symbol),Up to three full-tape list passes plus an out[-limit:] slice copy; called per bot per YTD sync.
src/gui/simulator_tab/fleet/sim_exchange.py,490,FleetSimExchange.get_markets,O(S log S),O(S),S = number of symbols,startup,O(S) if sorted order is not required,
src/gui/simulator_tab/fleet/sim_exchange.py,503,FleetSimExchange.get_asset_logo_url,O(1),O(1),-,rare,optimal,
src/gui/simulator_tab/fleet/sim_visuals.py,124,gate_for_blocker,O(P*m),O(m),17 prefixes x len(blocker),periodic,O(m) with a compiled alternation regex or a prefix trie,"Two full passes over the prefix table: exact startswith, then a lowercased substring fallback."
src/gui/simulator_tab/fleet/sim_visuals.py,144,_blocked_labels,O(B*P*m),O(B),blockers in the list,periodic,O(B*m) via a prefix trie inside gate_for_blocker,"Comprehension-free loop, but each iteration pays the full 17-prefix double scan."
src/gui/simulator_tab/fleet/sim_visuals.py,161,unknown_blockers,O(B*P*m),O(B),blockers in the list,periodic,O(B*m) via a prefix trie,Re-runs the exact gate_for_blocker scan _blocked_labels already performed on the same list.
src/gui/simulator_tab/fleet/sim_visuals.py,200,GateLightsCell.__init__,O(G),O(1),19 gate labels (10 scrum + 9 fold),startup,optimal,"QFontMetrics.horizontalAdvance measured once per label to derive the pitch; done once, not per paint."
src/gui/simulator_tab/fleet/sim_visuals.py,263,GateLightsCell.update_gates,O(B*P*m),O(B),blockers passed in,periodic,O(B*m) via a prefix trie,"Cost is the two _blocked_labels calls; update() only schedules a repaint, it does not paint."
src/gui/simulator_tab/fleet/sim_visuals.py,287,GateLightsCell.clear_gates,O(1),O(1),-,periodic,optimal,
src/gui/simulator_tab/fleet/sim_visuals.py,295,GateLightsCell.paintEvent,O(G),O(1),19 gates drawn,per-paint,optimal,Cost is the two _draw_bank calls.
src/gui/simulator_tab/fleet/sim_visuals.py,316,GateLightsCell._draw_bank,O(G),O(1),gates in the bank (10 scrum / 9 fold),per-paint,optimal,"Allocates a fresh QColor per gate per paint; `label in blocked` is a set probe, so O(1) each."
src/gui/simulator_tab/fleet/sim_visuals.py,391,SimPriceVwapChart.__init__,O(1),O(1),-,startup,optimal,
src/gui/simulator_tab/fleet/sim_visuals.py,411,SimPriceVwapChart.set_symbols,O(S),O(S),symbols tracked,rare,optimal,Discards all prior series; two dict comprehensions over the symbol list.
src/gui/simulator_tab/fleet/sim_visuals.py,420,SimPriceVwapChart.append_tick,O(W),O(1) amortized,_VWAP_WINDOW = 30 candles,periodic,O(1) with running sum(p*v) and sum(v) accumulators,Two full sums over the window plus w.pop(0) list shift each call; the [::2] downsample copy is amortized O(1).
src/gui/simulator_tab/fleet/sim_visuals.py,444,SimPriceVwapChart.clear_data,O(S),O(S),symbols tracked,rare,optimal,Mutates self._series while iterating its keys — safe only because no key is added or removed.
src/gui/simulator_tab/fleet/sim_visuals.py,450,SimPriceVwapChart.paintEvent,O(S*P),O(P),symbols x points per symbol (<= 500),per-paint,O(S*w) by decimating to pixel width before drawing,"`prices + vwaps` allocates a merged list per band, then min() and max() each rescan it; one drawLine per point."
src/gui/simulator_tab/fleet/sim_visuals.py,483,SimPriceVwapChart.paintEvent._proj,O(count),O(1),points projected,per-paint,optimal,"Generator, so lazily evaluated; closes over mn/span from the enclosing paint scope and is redefined every paint."
src/gui/simulator_tab/fleet/sim_visuals.py,523,PerBotVotingReadout.__init__,O(1),O(1),-,startup,optimal,Fixed 6 columns; ResizeToContents header mode makes later row inserts re-measure columns.
src/gui/simulator_tab/fleet/sim_visuals.py,550,PerBotVotingReadout.set_bots,O(R*C),O(R*C),bots x 6 columns,rare,optimal,"Full table rebuild: one QTableWidgetItem allocated per cell, and ResizeToContents re-measures per setItem."
src/gui/simulator_tab/fleet/sim_visuals.py,559,PerBotVotingReadout.update_bot_row,O(1),O(1),-,periodic,optimal,"Row index comes from a dict, not a scan; 5 fixed setItem calls each allocate a fresh QTableWidgetItem."
src/gui/simulator_tab/nuclear_candle_source.py,62,_default_cache_dir,O(1),O(1),-,startup,optimal,Path.resolve() is one filesystem syscall over a fixed-depth path
src/gui/simulator_tab/nuclear_candle_source.py,84,_Tape.__len__,O(1),O(1),-,rare,optimal,
src/gui/simulator_tab/nuclear_candle_source.py,88,_Tape.current,O(1),O(1),-,per-candle,optimal,
src/gui/simulator_tab/nuclear_candle_source.py,95,_Tape.history,O(limit),O(limit),limit = requested window size (default 100),per-candle,optimal,candles[start:end] copies the window; reverse direction builds a second O(limit) list via reversed()
src/gui/simulator_tab/nuclear_candle_source.py,136,NuclearCandleSource.__init__,O(C),O(C),C = total candles across every cache JSON file,startup,optimal,Cost is entirely _discover_tapes; loads all tapes eagerly into memory
src/gui/simulator_tab/nuclear_candle_source.py,145,NuclearCandleSource._discover_tapes,O(C + F log F),O(C),"C = total candles in cache, F = cache files",startup,optimal,sorted(glob) is F log F; the C term is per-file JSON parse plus candle coercion
src/gui/simulator_tab/nuclear_candle_source.py,166,NuclearCandleSource._load_tape,O(k),O(k),k = candles in this cache file,startup,optimal,Parsed JSON list and the coerced 'clean' list are both live at once — ~2x peak memory per file
src/gui/simulator_tab/nuclear_candle_source.py,213,NuclearCandleSource._make_label,O(1),O(1),-,startup,optimal,
src/gui/simulator_tab/nuclear_candle_source.py,223,NuclearCandleSource._index_to_letter,O(log idx),O(log idx),idx = tape index (base-26 digit count),startup,optimal,
src/gui/simulator_tab/nuclear_candle_source.py,239,NuclearCandleSource.list_tapes,O(T log T),O(T),T = discovered tapes,rare,O(T),"Keys are already inserted in A,B,C order; the sort is redundant beyond ~26 tapes where AA sorts before B"
src/gui/simulator_tab/nuclear_candle_source.py,243,NuclearCandleSource.tape_label,O(1),O(1),-,rare,optimal,
src/gui/simulator_tab/nuclear_candle_source.py,247,NuclearCandleSource.tape_info,O(1),O(1),-,rare,optimal,len(tape.candles) is O(1); no candle data is copied
src/gui/simulator_tab/nuclear_candle_source.py,264,NuclearCandleSource.has_any_tapes,O(1),O(1),-,rare,optimal,
src/gui/simulator_tab/nuclear_candle_source.py,267,NuclearCandleSource.cache_dir,O(1),O(1),-,rare,optimal,
src/gui/simulator_tab/nuclear_candle_source.py,276,NuclearCandleSource.wire,O(1),O(1),-,startup,optimal,"Failure path formats self.list_tapes() into the message — O(T log T), only when raising"
src/gui/simulator_tab/nuclear_candle_source.py,289,NuclearCandleSource.active_tapes,O(W log W),O(W),W = wired tapes,rare,optimal,
src/gui/simulator_tab/nuclear_candle_source.py,292,NuclearCandleSource.advance,O(1),O(1),-,per-candle,optimal,
src/gui/simulator_tab/nuclear_candle_source.py,318,NuclearCandleSource.current,O(1),O(1),-,per-candle,optimal,
src/gui/simulator_tab/nuclear_candle_source.py,322,NuclearCandleSource.current_price,O(1),O(1),-,per-candle,optimal,
src/gui/simulator_tab/nuclear_candle_source.py,326,NuclearCandleSource.history,O(limit),O(limit),limit = requested window size (default 100),per-candle,optimal,"Delegates to _Tape.history, which slice-copies the window"
src/gui/simulator_tab/nuclear_candle_source.py,332,NuclearCandleSource.stats,O(T),O(T),T = discovered tapes,rare,optimal,Dict comp calls tape_info per tape; each is O(1) so no candle copying
src/gui/simulator_tab/nuclear_controller.py,71,NuclearController.__init__,O(T),O(T),T = tapes discovered by the candle source,startup,O(1) if list_tapes returned a set,`tape_id not in candle_source.list_tapes()` builds and linearly scans a list; list_tapes is called twice on failure.
src/gui/simulator_tab/nuclear_controller.py,115,NuclearController.is_running,O(1),O(1),-,periodic,optimal,
src/gui/simulator_tab/nuclear_controller.py,118,NuclearController.tape_id,O(1),O(1),-,periodic,optimal,
src/gui/simulator_tab/nuclear_controller.py,121,NuclearController.tape_label,O(1),O(1),-,periodic,optimal,Delegates to NuclearCandleSource.tape_label (dict lookup).
src/gui/simulator_tab/nuclear_controller.py,124,NuclearController.start,O(N),O(N),N = candles in the selected tape,startup,optimal,Cost is _build_context()'s tape wire; the other three build steps are O(1).
src/gui/simulator_tab/nuclear_controller.py,157,NuclearController.stop,O(U),O(1),U = registered bus subscriptions (3),rare,optimal,"Reaches into scout._task, a private attribute, to get the loop."
src/gui/simulator_tab/nuclear_controller.py,181,NuclearController.snapshot,O(1),O(1),-,periodic,optimal,"Fixed-size dict; rides on NuclearSimExchange.snapshot() and tape_info(), both O(1)."
src/gui/simulator_tab/nuclear_controller.py,224,NuclearController._build_context,O(N),O(N),N = candles in the tape being wired,startup,optimal,src.wire() loads the tape; EventBus/BotManager/exchange construction are O(1).
src/gui/simulator_tab/nuclear_controller.py,244,NuclearController._wire_bus_subscriptions,O(1),O(1),-,startup,optimal,Three closure definitions plus three subscribe calls.
src/gui/simulator_tab/nuclear_controller.py,247,NuclearController._wire_bus_subscriptions._on_trade,O(1),O(1),-,per-trade,optimal,Substring tests run against short side/action strings.
src/gui/simulator_tab/nuclear_controller.py,263,NuclearController._wire_bus_subscriptions._on_bot_error,O(1),O(1),-,rare,optimal,[:240] slice bounds the copy to a constant.
src/gui/simulator_tab/nuclear_controller.py,271,NuclearController._wire_bus_subscriptions._on_bot_log,O(1),O(1),-,per-candle,optimal,[:240] slice bounds the copy to a constant.
src/gui/simulator_tab/nuclear_controller.py,283,NuclearController._construct_scout,O(1),O(1),-,startup,optimal,Cost is ScrummingBot.__init__'s; this body just builds a config and registers.
src/gui/simulator_tab/nuclear_controller.py,303,NuclearController._start_async_pieces,O(1),O(1),-,startup,optimal,Schedules two coroutines threadsafe; defines the world-clock closure.
src/gui/simulator_tab/nuclear_controller.py,310,NuclearController._start_async_pieces._world_clock,O(1) per iteration,O(1),-,periodic,optimal,"Unbounded loop until cancelled; each pass is src.advance + counter, gated by world_clock_ms sleep."
src/gui/simulator_tab/nuclear_controller.py,337,NuclearController._teardown_quiet,O(U),O(1),U = registered bus subscriptions (3),rare,optimal,
src/gui/simulator_tab/nuclear_controller.py,356,NuclearController._log_activity,O(1),O(1),-,per-trade,optimal,Cost is the injected activity callback's.
src/gui/simulator_tab/nuclear_mode_panel.py,37,_section_label,O(1),O(1),-,startup,optimal,
src/gui/simulator_tab/nuclear_mode_panel.py,46,NuclearModePanel.__init__,O(F + T),O(T),"F = files in the nuclear cache dir, T = discovered tapes",startup,optimal,"Constructor ends by calling _rescan_cache(), so widget construction pays a full cache-dir scan."
src/gui/simulator_tab/nuclear_mode_panel.py,241,NuclearModePanel._rescan_cache,O(F + T),O(T),"F = files in the nuclear cache dir, T = discovered tapes",rare,optimal,Rebuilds NuclearCandleSource from scratch — a fresh disk scan — then repopulates the combo.
src/gui/simulator_tab/nuclear_mode_panel.py,276,NuclearModePanel._on_tape_changed,O(1),O(1),-,rare,optimal,tape_info is a dict lookup; only one label is formatted.
src/gui/simulator_tab/nuclear_mode_panel.py,295,NuclearModePanel._on_start_clicked,O(N),O(N),N = candles in the selected tape,rare,optimal,"Cost is NuclearController.start(), which wires and loads the tape."
src/gui/simulator_tab/nuclear_mode_panel.py,344,NuclearModePanel._on_stop_clicked,O(1),O(1),-,rare,optimal,Fixed widget re-enables plus controller.stop() (3 unsubscribes).
src/gui/simulator_tab/nuclear_mode_panel.py,356,NuclearModePanel._refresh_status,O(1),O(1),-,periodic,optimal,Fourteen fixed setText calls driven by a 500 ms QTimer.
src/gui/simulator_tab/nuclear_sim_exchange.py,54,_tape_id_to_base,O(1),O(1),-,per-candle,optimal,
src/gui/simulator_tab/nuclear_sim_exchange.py,58,_base_to_tape_id,O(1),O(1),-,per-candle,optimal,"base[len('TAPE'):] copies, but the base token is a fixed handful of chars."
src/gui/simulator_tab/nuclear_sim_exchange.py,65,_candle_to_ohlcv_row,O(1),O(1),-,per-candle,optimal,Called once per candle inside get_ohlcv's comprehension; allocates a fresh 6-element list each time.
src/gui/simulator_tab/nuclear_sim_exchange.py,89,NuclearSimExchange.__init__,O(t log t),O(t),t = wired tapes,startup,optimal,active_tapes() sorts the wired set to seed one zero balance per synthetic base.
src/gui/simulator_tab/nuclear_sim_exchange.py,113,NuclearSimExchange.exchange_id,O(1),O(1),-,rare,optimal,
src/gui/simulator_tab/nuclear_sim_exchange.py,117,NuclearSimExchange.display_name,O(1),O(1),-,rare,optimal,
src/gui/simulator_tab/nuclear_sim_exchange.py,121,NuclearSimExchange.is_connected,O(1),O(1),-,periodic,optimal,
src/gui/simulator_tab/nuclear_sim_exchange.py,126,NuclearSimExchange.connect,O(1),O(1),-,startup,optimal,No I/O; just flips the connected flag.
src/gui/simulator_tab/nuclear_sim_exchange.py,131,NuclearSimExchange.disconnect,O(1),O(1),-,rare,optimal,
src/gui/simulator_tab/nuclear_sim_exchange.py,136,NuclearSimExchange._resolve_tape,O(t log t),O(t),t = wired tapes,per-candle,O(1) by testing membership against the underlying _wired set,"active_tapes() builds a NEW sorted list every call just to run one `in` test, which is then a linear scan."
src/gui/simulator_tab/nuclear_sim_exchange.py,162,NuclearSimExchange.get_ticker,O(t log t),O(t),t = wired tapes,per-candle,O(1),All cost is _resolve_tape; the candle lookup itself is O(1).
src/gui/simulator_tab/nuclear_sim_exchange.py,180,NuclearSimExchange.get_orderbook,O(limit + t log t),O(limit),limit = book levels requested (default 20),rare,optimal,"Two synthetic ladders built by comprehension; depth is fabricated, not derived from the tape."
src/gui/simulator_tab/nuclear_sim_exchange.py,194,NuclearSimExchange.get_ohlcv,O(limit + t log t),O(limit),limit = candles requested,per-candle,optimal,"history() slice-copies the window (and reverses it in reverse playback), then every row is rebuilt into a new list."
src/gui/simulator_tab/nuclear_sim_exchange.py,208,NuclearSimExchange.get_balances,O(c),O(c),c = currencies in the paper ledger,per-candle,optimal,Allocates a fresh Balance object per currency on every call; no caching.
src/gui/simulator_tab/nuclear_sim_exchange.py,215,NuclearSimExchange.get_balance,O(1),O(1),-,per-candle,optimal,
src/gui/simulator_tab/nuclear_sim_exchange.py,223,NuclearSimExchange.place_order,O(t log t),"O(1) per call, O(orders) cumulative",t = wired tapes,per-trade,O(1),_orders and _trades grow unbounded for the life of the sim run; nothing ever prunes them.
src/gui/simulator_tab/nuclear_sim_exchange.py,280,NuclearSimExchange.cancel_order,O(1),O(1),-,rare,optimal,Dict lookup; orders are always already FILLED so nothing is actually cancelled.
src/gui/simulator_tab/nuclear_sim_exchange.py,289,NuclearSimExchange.get_order,O(1),O(1),-,rare,optimal,
src/gui/simulator_tab/nuclear_sim_exchange.py,298,NuclearSimExchange.get_open_orders,O(1),O(1),-,per-candle,optimal,Always returns an empty list — sim fills are instantaneous.
src/gui/simulator_tab/nuclear_sim_exchange.py,303,NuclearSimExchange.get_my_trades,O(T),O(T),T = total trades recorded on the exchange,rare,O(k) with a per-symbol index and a bisect on timestamp,"Full scan of the ever-growing trade log, then up to two more list copies for the since/limit filters."
src/gui/simulator_tab/nuclear_sim_exchange.py,315,NuclearSimExchange.get_markets,O(t log t),O(t),t = wired tapes,startup,optimal,"AssetInfo objects are memoized in _asset_meta, so repeat calls only pay the sort plus list rebuild."
src/gui/simulator_tab/nuclear_sim_exchange.py,337,NuclearSimExchange.get_asset_logo_url,O(1),O(1),-,rare,optimal,
src/gui/simulator_tab/nuclear_sim_exchange.py,343,NuclearSimExchange._adjust_balance,O(1),O(1),-,per-trade,optimal,Float accumulation with no quantization; drift compounds across a long tape run.
src/gui/simulator_tab/nuclear_sim_exchange.py,346,NuclearSimExchange.snapshot,O(c + D),O(c + D),"c = ledger currencies, D = tapes discovered by the candle source",periodic,optimal,"dict(self._balances) copies the ledger; _src.stats() builds a tape_info dict for every discovered tape, not just wired ones."
src/gui/simulator_tab/populate_nuclear_cache.py,56,_load_raintsimbat,O(size of RAIntSimBat.py),O(module),bytes of the RAIntSimBat source module,startup,optimal,exec_module runs the whole RAIntSimBat top level on every call; no sys.modules reuse.
src/gui/simulator_tab/populate_nuclear_cache.py,74,populate,O(Y * (C + E)),O(Y * (C + E)),years x (crypto symbols + equity symbols),rare,optimal,One network fetch plus a throttle_seconds sleep per pair; the sleep dominates wall time (~2s x pairs).
src/gui/simulator_tab/populate_nuclear_cache.py,92,populate._already_cached,O(size of cache file),O(size of cache file),bytes in the cached tape,rare,O(1),"Calls ri._load_cache, which reads and JSON-parses the entire tape just to answer an existence question; a stat + mtime check would do."
src/gui/simulator_tab/populate_nuclear_cache.py,139,main,O(Y * (C + E)),O(Y * (C + E)),years x (crypto symbols + equity symbols),startup,optimal,argparse and the comma splits are O(1); all cost is the delegated populate() call.
src/gui/simulator_tab/sim_stat_strip.py,33,_StatCell.__init__,O(1),O(1),-,startup,optimal,
src/gui/simulator_tab/sim_stat_strip.py,51,_StatCell.set_value,O(1),O(1),-,periodic,optimal,
src/gui/simulator_tab/sim_stat_strip.py,73,SimStatStrip.__init__,O(F),O(F),10 fixed fields,startup,optimal,One _StatCell widget plus one addWidget per field.
src/gui/simulator_tab/sim_stat_strip.py,93,SimStatStrip.set,O(1),O(1),-,periodic,optimal,"Dict lookup, not a scan over FIELDS; unknown field names are silently dropped."
src/gui/simulator_tab/sim_stat_strip.py,101,SimStatStrip.clear,O(F),O(1),10 fixed fields,rare,optimal,
src/gui/simulator_tab/simulator_tab.py,49,_section_label,O(1),O(1),-,startup,optimal,
src/gui/simulator_tab/simulator_tab.py,70,SimulatorTab.__init__,O(1),O(1),-,startup,optimal,Fixed widget tree; telemetry declare() takes a constant 8-name list.
src/gui/simulator_tab/simulator_tab.py,209,SimulatorTab.__init__._scrolled,O(1),O(1),-,startup,optimal,
src/gui/simulator_tab/simulator_tab.py,336,SimulatorTab._on_activity_paused,O(1),O(1),-,rare,optimal,
src/gui/simulator_tab/simulator_tab.py,341,SimulatorTab._on_perf_paused,O(1),O(1),-,rare,optimal,
src/gui/simulator_tab/simulator_tab.py,348,SimulatorTab.log_activity,O(L),O(1),len(line),per-tick,optimal,"maxBlockCount=5000 bounds the document, so appends are amortised O(L) not O(total log)."
src/gui/simulator_tab/simulator_tab.py,356,SimulatorTab.log_performance,O(L),O(1),len(line),per-tick,optimal,Same 5000-block cap as the activity log.
src/gui/simulator_tab/simulator_tab.py,369,SimulatorTab._tel_call,O(1),O(1),-,per-tick,optimal,Function-local import resolves via a sys.modules dict hit after the first call.
src/gui/simulator_tab/simulator_tab.py,377,SimulatorTab._tel_skip,O(1),O(1),-,per-tick,optimal,
src/gui/simulator_tab/simulator_tab.py,386,SimulatorTab.set_async_loop,O(1),O(1),-,startup,optimal,
src/gui/simulator_tab/simulator_tab.py,394,SimulatorTab.set_connectors_getter,O(1),O(1),-,startup,optimal,
src/gui/simulator_tab/simulator_tab.py,404,SimulatorTab.set_bot_manager,O(1),O(1),-,startup,optimal,
src/gui/start_all_progress_dialog.py,29,StartAllProgressDialog.__init__,O(1),O(1),-,rare,optimal,fixed widget tree; the stylesheet is a compile-time constant string concatenation
src/gui/start_all_progress_dialog.py,104,StartAllProgressDialog._on_progress_event,O(1),O(1),-,rare,optimal,runs on the emitting thread; only re-emits a Qt signal
src/gui/start_all_progress_dialog.py,117,StartAllProgressDialog._handle_progress_main_thread,O(R),O(1),R = rows currently in the list widget,rare,O(1),clear() on 'begin' and _replace_last_matching on bot_started/bot_timeout each walk all rows
src/gui/start_all_progress_dialog.py,165,StartAllProgressDialog._replace_last_matching,O(R*t),O(1),"R = rows in the list, t = length of each row's text",rare,O(1),reverse scan with a substring test per row; a bot_id -> QListWidgetItem dict would make it constant
src/gui/start_all_progress_dialog.py,180,StartAllProgressDialog._on_cancel,O(1),O(1),-,rare,optimal,cost sits in BotManager.cancel_start_all
src/gui/start_all_progress_dialog.py,188,StartAllProgressDialog.closeEvent,O(1),O(1),-,rare,optimal,
src/gui/start_balance_check.py,47,check_start_balance,O(1),O(1),-,startup,optimal,Pure arithmetic plus bounded f-string formatting; _USD_LIKE membership is a frozenset lookup.
src/gui/stock_main_window.py,39,StockStatCard.__init__,O(1),O(1),-,startup,optimal,
src/gui/stock_main_window.py,57,StockStatCard.set_value,O(1),O(1),-,periodic,optimal,re-parses a fresh QSS string every 2s refresh even when the colour is unchanged
src/gui/stock_main_window.py,71,StockBotTable.__init__,O(1),O(1),-,startup,optimal,COLUMNS is a fixed 10-element list
src/gui/stock_main_window.py,82,StockBotTable.update_bots,O(rows * cols),O(rows * cols),len(bot_statuses) x 10 columns,periodic,O(changed cells) by reusing existing QTableWidgetItems and setText only on diffs,full rebuild every 2s: allocates a brand-new QTableWidgetItem for all 10 cells of every row
src/gui/stock_main_window.py,112,StockMainWindow.__init__,O(1),O(1),-,startup,optimal,"entire cost is the four _setup_* calls, dominated by _setup_ui"
src/gui/stock_main_window.py,139,StockMainWindow._setup_menu,O(1),O(1),-,startup,optimal,
src/gui/stock_main_window.py,150,StockMainWindow._setup_ui,O(1),O(1),-,startup,optimal,constant but a very large constant — builds every tab eagerly including the TradingView WebEngine view
src/gui/stock_main_window.py,401,StockMainWindow._setup_ui._StockLogHandler.__init__,O(1),O(1),-,startup,optimal,
src/gui/stock_main_window.py,408,StockMainWindow._setup_ui._StockLogHandler.emit,O(len(msg)),O(len(msg)),length of the formatted log record,per-tick,optimal,"attached to the ROOT logger, so it fires on every log record emitted anywhere in the app"
src/gui/stock_main_window.py,418,StockMainWindow._setup_ui._StockLogHandler._append_to_widget,O(len(html)),O(total text ever logged),length of the appended html block,per-tick,O(1) bounded memory via QTextEdit.document().setMaximumBlockCount(N),console QTextEdit has no block cap — the document grows unbounded for the whole process lifetime
src/gui/stock_main_window.py,436,StockMainWindow._setup_status_bar,O(1),O(1),-,startup,optimal,
src/gui/stock_main_window.py,441,StockMainWindow._setup_refresh_timer,O(1),O(1),-,startup,optimal,
src/gui/stock_main_window.py,447,StockMainWindow._refresh_dashboard,O(rows * cols),O(rows * cols),number of stock bots x 10 table columns,periodic,O(changed cells) — diff-driven table update plus a single fold over statuses,_stat_signals never exists (not built in _setup_ui) so line 495 raises and the swallowed except kills the rest each pass
src/gui/stock_main_window.py,548,StockMainWindow._log,O(len(message)),O(total text ever logged),len(message),periodic,O(1) bounded memory via setMaximumBlockCount on _status_log,"_status_log QTextEdit is unbounded; setMaximumHeight caps the view, not the document"
src/gui/stock_main_window.py,558,StockMainWindow._create_bot,O(1),O(1),-,rare,optimal,blocks on a modal dialog; cost is dominated by StockAccumulationBot construction + registry check
src/gui/stock_main_window.py,595,StockMainWindow._start_bot,O(1),O(1),-,rare,optimal,stub — only logs a warning
src/gui/stock_main_window.py,598,StockMainWindow._stop_bot,O(1),O(1),-,rare,optimal,stub — only logs a warning
src/gui/stock_main_window.py,601,StockMainWindow._delete_bot,O(1),O(1),-,rare,optimal,stub — only logs a warning
src/gui/stock_main_window.py,604,StockMainWindow._toggle_webhook,O(1),O(1),-,rare,optimal,schedules the async start/stop with ensure_future and returns immediately
src/gui/stock_main_window.py,629,StockMainWindow._open_settings,O(1),O(1),-,rare,optimal,stub
src/gui/stock_main_window.py,632,StockMainWindow._back_to_launcher,O(1),O(1),-,rare,optimal,
src/gui/stock_main_window.py,639,StockMainWindow._show_about,O(1),O(1),-,rare,optimal,
src/gui/stock_main_window.py,648,StockMainWindow.set_launcher_callback,O(1),O(1),-,startup,optimal,
src/gui/testnet_tab.py,52,_section,O(1),O(1),-,startup,optimal,
src/gui/testnet_tab.py,66,_lbl,O(1),O(1),-,startup,optimal,
src/gui/testnet_tab.py,72,_table,O(C),O(C),C = len(cols),startup,optimal,
src/gui/testnet_tab.py,93,_add_row,O(C),O(C),C = columns in the row,periodic,optimal,One QTableWidgetItem allocation + setItem per column; scrollToBottom forces a Qt relayout each call.
src/gui/testnet_tab.py,108,TestnetTab.__init__,O(1),O(1),-,startup,optimal,"Delegates to _setup_ui, which builds a fixed widget tree."
src/gui/testnet_tab.py,146,TestnetTab._refresh_all,O(T + H log H),O(T + H),"T = total chain transactions, H = token holders",periodic,O(15 + H log 15) by tailing txs and using nlargest for holders,Runs on a 3s QTimer; cost is entirely _refresh_blocks (full tx materialization) and _refresh_holders (full balance sort).
src/gui/testnet_tab.py,181,TestnetTab._setup_ui,O(1),O(1),-,startup,optimal,Fixed number of widgets and stylesheet strings; the six stat columns are a literal list.
src/gui/testnet_tab.py,335,TestnetTab._msg,O(1),O(len(text)),-,periodic,optimal,"QTextEdit append is amortized O(1), but the log document has no line cap — retained text grows unbounded for the session."
src/gui/testnet_tab.py,341,TestnetTab._refresh_stats,O(H),O(1),H = token holders,periodic,optimal,"Local mapping is 6 fixed entries; cost is get_competition_stats -> supply_summary, which walks all holder balances."
src/gui/testnet_tab.py,355,TestnetTab._reset_chain,O(T + H log H),O(1),"T = chain transactions, H = holders",rare,optimal,Modal dialog blocks; the measurable cost is the trailing _refresh_all.
src/gui/testnet_tab.py,379,TestnetTab._run_competition,O(n_bots * ticks),O(n_bots),"n_bots = spinbox value, ticks = simulated competition length",rare,optimal,Bridge path is O(1) enqueue; inline path runs run_demo_competition synchronously on the GUI thread.
src/gui/testnet_tab.py,425,TestnetTab._on_bridge_competition,O(T + H log H),O(1),"T = chain transactions, H = holders",rare,optimal,Constant local work; the explicit _refresh_all call dominates.
src/gui/testnet_tab.py,453,TestnetTab._stress_test,O(10 * n_bots * ticks),O(n_bots),10 fixed competitions x simulated ticks,rare,optimal,"Inline path runs all 10 competitions synchronously on the GUI thread, freezing the UI."
src/gui/testnet_tab.py,493,TestnetTab._refresh_blocks,O(T),O(T),T = total transactions on the chain,periodic,O(15) by keeping txs in a deque and slicing the tail,list(reversed(list(chain._txs.values())))[:15] materializes EVERY tx twice per 3s refresh just to show 15; latest_blocks is already capped at 20.
src/gui/testnet_tab.py,508,TestnetTab._refresh_events,O(1),O(1),-,periodic,optimal,chain.latest_events is capped at 50 by the property and only 20 are rendered; list(evt.args.items())[:3] is per-event bounded.
src/gui/testnet_tab.py,525,TestnetTab._refresh_holders,O(H log H + L),O(H + L),"H = ACRV holders, L = mint-log entries",periodic,"O(H log 15 + L) via heapq.nlargest(15, ...)",Full balance sort every 3s to display 15 rows; the mint-log walk rebuilds holder_tiers from scratch each refresh.
src/gui/theme_engine.py,228,generate_qss,O(1),O(1),-,rare,O(1) lookup with a per-theme memo cache,"fixed-size template, but each call formats and allocates a fresh ~10 KB stylesheet string; nothing is cached"
src/gui/theme_engine.py,609,ThemeManager.__init__,O(1),O(1),-,startup,optimal,
src/gui/theme_engine.py,612,ThemeManager.list_themes,O(T),O(T),"len(THEMES) — 5, fixed",rare,optimal,
src/gui/theme_engine.py,619,ThemeManager.get_theme,O(1),O(1),-,rare,optimal,the O(T) list(THEMES.keys()) only materialises on the error path
src/gui/theme_engine.py,625,ThemeManager.get_qss,O(1),O(1),-,rare,"O(1) with no re-formatting, via a cached QSS string per theme name",regenerates the whole stylesheet each call — generate_qss is not memoised
src/gui/theme_engine.py,629,ThemeManager.apply_theme,O(W),O(1),number of live widgets in the QApplication,rare,optimal,setStyleSheet forces Qt to re-polish and repaint every widget in the app; the QSS build itself is O(1)
src/gui/theme_engine.py,641,ThemeManager.current,O(1),O(1),-,rare,optimal,
src/gui/tradingview_chart.py,251,TradingViewChart.__init__,O(1),O(1),-,rare,optimal,Cost is _setup_ui: one fixed-size HTML render plus a WebEngine page load.
src/gui/tradingview_chart.py,263,TradingViewChart._setup_ui,O(1),O(1),-,rare,optimal,"CHART_HTML % colors copies a fixed ~6 KB template; colors is the SHARED CHART_THEMES entry, mutated in place with ""symbol""."
src/gui/tradingview_chart.py,275,TradingViewChart.set_candles,O(C),O(C),len(ohlcv),rare,optimal,"json.dumps then f-string interpolation each copy the whole payload, so the candle set is serialised twice before crossing the JS bridge."
src/gui/tradingview_chart.py,279,TradingViewChart.update_candle,O(1),O(1),-,per-candle,optimal,Single-candle dict; still pays a json.dumps + f-string + async JS eval per candle.
src/gui/tradingview_chart.py,283,TradingViewChart.set_bollinger_bands,O(B),O(B),len(data) BB points,rare,optimal,Same double-copy (json.dumps then f-string) as set_candles.
src/gui/tradingview_chart.py,287,TradingViewChart.add_trade_marker,O(1),O(1),-,per-trade,optimal,
src/gui/tradingview_chart.py,292,TradingViewChart.set_grid_levels,O(L),O(L),len(levels),rare,optimal,Same double-copy serialisation shape.
src/gui/tradingview_chart.py,296,TradingViewChart.set_theme,O(1),O(1),-,rare,optimal,"Fixed template re-render, but setHtml reloads the whole page — every previously pushed candle/marker is discarded."
src/gui/tradingview_chart.py,304,TradingViewChart._run_js,O(1),O(1),-,per-candle,optimal,Own code O(1); actual work is the asynchronous WebEngine runJavaScript evaluation.
src/gui/tradingview_chart.py,311,TradingViewChart.__init__,O(1),O(1),-,rare,optimal,No-WebEngine stub class (else-branch at L310); logs a warning and does nothing.
src/gui/usb_auth_widget.py,53,_USBWorker.scan,O(1),O(1),-,rare,optimal,Spawns a daemon thread and returns; the scan cost is in _do_scan on that thread.
src/gui/usb_auth_widget.py,56,_USBWorker.export,O(1),O(1),-,rare,optimal,Thread spawn only; export cost is in _do_export.
src/gui/usb_auth_widget.py,63,_USBWorker._do_scan,O(V),O(V),mounted volumes enumerated by list_usb_volumes(),rare,optimal,Cost is entirely in the callee list_usb_volumes(); wrapper only emits the list.
src/gui/usb_auth_widget.py,71,_USBWorker._do_export,O(C),O(C),bytes of credential material written,rare,optimal,Cost is in export_credentials_to_usb (encrypt + disk write).
src/gui/usb_auth_widget.py,92,USBStatusIndicator.__init__,O(1),O(1),-,rare,optimal,
src/gui/usb_auth_widget.py,99,USBStatusIndicator.set_state,O(1),O(1),-,rare,optimal,Rebuilds a 3-entry f-string dict on every call just to pick one tooltip.
src/gui/usb_auth_widget.py,110,USBStatusIndicator.paintEvent,O(1),O(1),-,per-paint,optimal,"QPainter/QPen/QBrush are never imported (only QColor,QFont) - this raises NameError on first paint."
src/gui/usb_auth_widget.py,132,_ExchangeHWRow.__init__,O(1),O(1),-,rare,optimal,Fixed widget count; volume_serial[:8] copies at most 8 chars.
src/gui/usb_auth_widget.py,180,_ExchangeHWRow._apply_toggle_style,O(1),O(1),-,rare,optimal,Qt reparses a constant-size stylesheet string.
src/gui/usb_auth_widget.py,198,_ExchangeHWRow._on_toggle,O(1),O(1),-,rare,optimal,
src/gui/usb_auth_widget.py,216,_ExchangeHWRow.update_serial,O(1),O(1),-,rare,optimal,
src/gui/usb_auth_widget.py,234,USBAuthWidget.__init__,O(E),O(E),number of configured exchanges,rare,optimal,"Cost is in _build_ui, which ends by calling _rebuild_exchange_rows."
src/gui/usb_auth_widget.py,251,USBAuthWidget._build_ui,O(E),O(E),number of configured exchanges,rare,optimal,Constant widget construction plus one _rebuild_exchange_rows pass.
src/gui/usb_auth_widget.py,377,USBAuthWidget._rebuild_exchange_rows,O(E),O(E),number of configured exchanges,rare,optimal,takeAt-drain loop then one row widget per exchange; full teardown/rebuild rather than diff.
src/gui/usb_auth_widget.py,402,USBAuthWidget._on_mode_changed,O(E + S),O(S),"E=exchanges scanned, S=settings JSON bytes written",rare,O(1 + S),Linear scan to find the exchange (a dict keyed by exchange_id would be O(1)); full settings save dominates.
src/gui/usb_auth_widget.py,418,USBAuthWidget._on_refresh,O(1),O(1),-,rare,optimal,
src/gui/usb_auth_widget.py,424,USBAuthWidget._on_scan_complete,O(V),O(V),USB volumes found,rare,optimal,One combobox addItem per volume; combo holds a reference to each volume object.
src/gui/usb_auth_widget.py,442,USBAuthWidget._update_drive_info,O(1),O(1),-,rare,optimal,
src/gui/usb_auth_widget.py,458,USBAuthWidget._selected_volume,O(1),O(1),-,rare,optimal,
src/gui/usb_auth_widget.py,466,USBAuthWidget._on_export,O(1),O(1),-,rare,optimal,Blocks on a modal QMessageBox; the export itself is handed to the worker thread.
src/gui/usb_auth_widget.py,497,USBAuthWidget._on_export_complete,O(E + S),O(E),"E=exchanges, S=settings JSON bytes",rare,optimal,"Loop over exchanges, then settings.save(), then a full _rebuild_exchange_rows."
src/gui/usb_auth_widget.py,523,USBAuthWidget._on_verify,O(F),O(F),bytes in the .acervator_auth file,rare,optimal,Cost is in verify_auth_file (read + decrypt); runs synchronously on the GUI thread unlike export.
src/gui/usb_auth_widget.py,556,USBAuthWidget._btn_style,O(1),O(1),-,rare,optimal,
src/gui/usb_auth_widget.py,570,USBAuthWidget.set_vault,O(1),O(1),-,rare,optimal,
src/gui/usb_auth_widget.py,574,USBAuthWidget.refresh_exchanges,O(E),O(E),number of configured exchanges,rare,optimal,Pure delegation to _rebuild_exchange_rows.
src/stocks/alpaca_connector.py,59,AlpacaConnector.__init__,O(1),O(1),-,rare,optimal,
src/stocks/alpaca_connector.py,68,AlpacaConnector.connect,O(1),O(1),-,rare,optimal,All cost is the awaited get_account round-trip.
src/stocks/alpaca_connector.py,89,AlpacaConnector.disconnect,O(1),O(1),-,rare,optimal,
src/stocks/alpaca_connector.py,99,AlpacaConnector.get_account,O(1),O(1),-,periodic,optimal,Fixed-field extraction; the HTTP round-trip dominates wall clock.
src/stocks/alpaca_connector.py,114,AlpacaConnector.get_positions,O(p),O(p),number of open positions returned,periodic,optimal,
src/stocks/alpaca_connector.py,132,AlpacaConnector.get_position,O(1),O(1),-,per-request,optimal,
src/stocks/alpaca_connector.py,150,AlpacaConnector.place_order,O(1),O(1),-,per-trade,optimal,Fixed body dict plus one _parse_order; the HTTP call dominates.
src/stocks/alpaca_connector.py,171,AlpacaConnector.cancel_order,O(1),O(1),-,per-trade,optimal,
src/stocks/alpaca_connector.py,179,AlpacaConnector.get_order,O(1),O(1),-,per-request,optimal,
src/stocks/alpaca_connector.py,184,AlpacaConnector.get_open_orders,O(o),O(o),number of open orders returned,per-request,optimal,
src/stocks/alpaca_connector.py,189,AlpacaConnector.get_quote,O(1),O(1),-,per-request,optimal,
src/stocks/alpaca_connector.py,204,AlpacaConnector.get_bars,O(k),O(k),number of bars returned (limit),per-request,optimal,The 12-entry tf_map literal is rebuilt on every call; it is constant and belongs at module level.
src/stocks/alpaca_connector.py,229,AlpacaConnector.get_market_status,O(1),O(1),-,periodic,optimal,
src/stocks/alpaca_connector.py,238,AlpacaConnector._parse_order,O(1),O(1),-,per-trade,optimal,
src/stocks/alpaca_connector.py,254,AlpacaConnector._request,O(r),O(r),size of the JSON response body,per-request,optimal,Local work is constant; import aiohttp runs per call (sys.modules-cached) and the session is created lazily.
src/stocks/broker_base.py,107,BrokerBase.__init__,O(1),O(1),-,startup,optimal,Assigns two attributes.
src/stocks/broker_base.py,112,BrokerBase.connected,O(1),O(1),-,rare,optimal,Property returning a bool field.
src/stocks/broker_base.py,116,BrokerBase.connect,O(1),O(1),-,rare,optimal,"@abstractmethod, body is `...`; real cost belongs to the concrete broker's network handshake."
src/stocks/broker_base.py,121,BrokerBase.disconnect,O(1),O(1),-,rare,optimal,"@abstractmethod, body is `...`."
src/stocks/broker_base.py,126,BrokerBase.get_account,O(1),O(1),-,rare,optimal,"@abstractmethod, body is `...`; concrete impl is a network round trip."
src/stocks/broker_base.py,131,BrokerBase.get_positions,O(1),O(1),-,rare,optimal,"@abstractmethod, body is `...`; concrete impl returns O(positions)."
src/stocks/broker_base.py,136,BrokerBase.get_position,O(1),O(1),-,rare,optimal,"@abstractmethod, body is `...`."
src/stocks/broker_base.py,141,BrokerBase.place_order,O(1),O(1),-,rare,optimal,"@abstractmethod, body is `...`; concrete impl is a per-trade network call."
src/stocks/broker_base.py,150,BrokerBase.cancel_order,O(1),O(1),-,rare,optimal,"@abstractmethod, body is `...`."
src/stocks/broker_base.py,155,BrokerBase.get_order,O(1),O(1),-,rare,optimal,"@abstractmethod, body is `...`."
src/stocks/broker_base.py,160,BrokerBase.get_open_orders,O(1),O(1),-,rare,optimal,"@abstractmethod, body is `...`; concrete impl returns O(open orders)."
src/stocks/broker_base.py,165,BrokerBase.get_quote,O(1),O(1),-,rare,optimal,"@abstractmethod, body is `...`."
src/stocks/broker_base.py,170,BrokerBase.get_bars,O(1),O(1),-,rare,optimal,"@abstractmethod, body is `...`; concrete impl returns O(limit) bars."
src/stocks/broker_base.py,176,BrokerBase.get_market_status,O(1),O(1),-,rare,optimal,"@abstractmethod, body is `...`."
src/stocks/market_hours.py,66,MarketHours.__init__,O(1),O(1),-,startup,optimal,Timezone offset is computed once and cached for the object's lifetime.
src/stocks/market_hours.py,69,MarketHours.get_session,O(1),O(1),-,periodic,optimal,"Holiday lookup is a dict membership test, not a list scan."
src/stocks/market_hours.py,96,MarketHours.is_market_open,O(1),O(1),-,periodic,optimal,
src/stocks/market_hours.py,100,MarketHours.is_trading_allowed,O(1),O(1),-,periodic,optimal,
src/stocks/market_hours.py,111,MarketHours.next_open,O(1),O(1),-,periodic,optimal,"Forward search is hard-bounded at 10 days, so the loop is a constant not a growth term."
src/stocks/market_hours.py,132,MarketHours.next_close,O(1),O(1),-,periodic,optimal,"May fall through to next_open, which is itself constant-bounded."
src/stocks/market_hours.py,147,MarketHours.time_to_open,O(1),O(1),-,periodic,optimal,"Recomputes the session twice — once via is_market_open, once inside next_open."
src/stocks/market_hours.py,156,MarketHours.time_to_close,O(1),O(1),-,periodic,optimal,
src/stocks/market_hours.py,166,MarketHours.get_status_string,O(1),O(1),-,periodic,optimal,"The HOLIDAY entry's f-string calls _to_eastern and a dict lookup on every call, holiday or not."
src/stocks/market_hours.py,195,MarketHours._to_eastern,O(1),O(1),-,periodic,optimal,
src/stocks/market_hours.py,199,MarketHours._detect_et_offset,O(1),O(1),-,startup,optimal,
src/stocks/stock_accumulation_bot.py,103,StockAccumulationBot.__init__,O(1),O(1),-,startup,optimal,constructs VotingEngine and MRInspector but does no candle work
src/stocks/stock_accumulation_bot.py,162,StockAccumulationBot._check_market_hours,O(1),O(1),-,per-tick,optimal,placeholder; returns the cached _market_open flag
src/stocks/stock_accumulation_bot.py,176,StockAccumulationBot._check_pdt,O(D),O(D),D = len(self._day_trades),per-tick,O(1) with a deque pruned at the cutoff plus a running count,_day_trades is never pruned so D grows for the bot's life; `recent` is built only to read its len
src/stocks/stock_accumulation_bot.py,188,StockAccumulationBot._record_day_trade,O(1),O(1),-,per-trade,optimal,amortized append; list is never trimmed
src/stocks/stock_accumulation_bot.py,194,StockAccumulationBot._track_settlement,O(P),O(P),P = len(self._pending_settlement),per-trade,O(1) amortized with a deque popped from the front (entries settle FIFO),rebuilds the entire pending list on every trade just to drop settled entries
src/stocks/stock_accumulation_bot.py,211,StockAccumulationBot.unsettled_amount,O(P),O(1),P = len(self._pending_settlement),periodic,O(1) with a running total maintained on insert and expiry,generator sum over the pending list
src/stocks/stock_accumulation_bot.py,219,StockAccumulationBot.tick,O(len(candles)),O(1),len(candles),per-tick,O(1) amortized with incremental indicators over a rolling window,compute_all and MRInspector.scan re-scan every candle each tick; candles[-20:] copies 20 items
src/stocks/stock_accumulation_bot.py,337,StockAccumulationBot.set_smart_wire,O(1),O(1),-,startup,optimal,
src/stocks/stock_accumulation_bot.py,340,StockAccumulationBot.report_profit,O(1),O(1),-,per-trade,optimal,cost is SmartWireManager.record_profit()
src/stocks/stock_accumulation_bot.py,347,StockAccumulationBot.start,O(1),O(1),-,startup,optimal,
src/stocks/stock_accumulation_bot.py,353,StockAccumulationBot.stop,O(1),O(1),-,rare,optimal,
src/stocks/stock_accumulation_bot.py,358,StockAccumulationBot.set_market_open,O(1),O(1),-,periodic,optimal,
src/stocks/stock_accumulation_bot.py,366,StockAccumulationBot.set_halted,O(1),O(1),-,rare,optimal,
src/stocks/stock_accumulation_bot.py,370,StockAccumulationBot.record_dividend,O(1),O(1),-,rare,optimal,
src/stocks/stock_accumulation_bot.py,376,StockAccumulationBot.get_status,O(P + D),O(D),"P = pending settlements, D = recorded day trades",periodic,O(1) with running counters,"len([...]) materializes a list just to count it, and time.time() is re-called per element"
src/stocks/stock_assets.py,113,get_stocks_by_sector,O(U),O(k),stocks in STOCK_UNIVERSE (51),rare,O(k) with a prebuilt sector -> list index,Full linear scan of the universe on every call; no sector index exists despite SECTORS being precomputed.
src/stocks/stock_assets.py,118,get_stocks_by_tier,O(U),O(k),stocks in STOCK_UNIVERSE (51),rare,O(k) with a prebuilt tier -> list index,Full linear scan of the universe on every call.
src/stocks/stock_assets.py,123,search_stocks,O(U*m),O(k),stocks x len(name),rare,optimal without an inverted index,s.name.upper() is recomputed for every stock on every call rather than being precomputed once.
src/stocks/stock_bot.py,100,StockBot.__init__,O(1),O(1),-,startup,optimal,
src/stocks/stock_bot.py,112,StockBot.get_status,O(1),O(1),-,periodic,optimal,Fixed-shape dict; no iteration over trade history
src/stocks/stock_bot.py,141,StockBot.start,O(1),O(1),-,rare,optimal,
src/stocks/stock_bot.py,151,StockBot.stop,O(1),O(1),-,rare,optimal,
src/stocks/stock_bot.py,156,StockBot.pause,O(1),O(1),-,rare,optimal,
src/stocks/stock_bot.py,160,StockBot.resume,O(1),O(1),-,rare,optimal,
src/stocks/stock_bot.py,165,StockBot.handle_signal,O(1),O(1),-,per-request,optimal,"Membership tests are against 2-3 element literal tuples, so constant"
src/stocks/stock_bot.py,193,StockBot._queue_buy,O(1),O(1),-,per-request,optimal,"Amortized O(1) append, but _trade_history is never trimmed — unbounded growth over uptime"
src/stocks/stock_bot.py,212,StockBot._queue_sell,O(1),O(1),-,per-request,optimal,Amortized O(1) append into the same untrimmed _trade_history list
src/stocks/stock_bot.py,240,StockBot.get_full_state,O(1),O(1),-,periodic,optimal,Builds the whole get_status() dict just to read ['stats'] and discard the rest
src/stocks/stock_bot.py,262,StockBotManager.__init__,O(1),O(1),-,startup,optimal,
src/stocks/stock_bot.py,265,StockBotManager.register,O(1),O(1),-,startup,optimal,
src/stocks/stock_bot.py,271,StockBotManager.unregister,O(1),O(1),-,rare,optimal,
src/stocks/stock_bot.py,275,StockBotManager.get_bot,O(1),O(1),-,per-request,optimal,
src/stocks/stock_bot.py,278,StockBotManager.list_bots,O(B),O(B),B = registered stock bots,periodic,optimal,"Each get_status() is O(1), so the list comp is linear in bot count"
src/stocks/stock_bot.py,282,StockBotManager.get_aggregate_stats,O(B),O(1),B = registered stock bots,periodic,optimal,"Reads stats fields directly rather than via get_status(), so no per-bot dict is built"
src/stocks/stock_bot.py,305,StockBotManager.stop_all,O(B),O(1),B = registered stock bots,rare,optimal,Awaits sequentially; each bot.stop() is O(1)
src/stocks/tradingview_bridge.py,58,TradingViewBridge.__init__,O(1),O(1),-,startup,optimal,
src/stocks/tradingview_bridge.py,83,TradingViewBridge.port,O(1),O(1),-,rare,optimal,
src/stocks/tradingview_bridge.py,87,TradingViewBridge.running,O(1),O(1),-,rare,optimal,
src/stocks/tradingview_bridge.py,91,TradingViewBridge.alert_history,O(h),O(h),"len(self._alert_history), capped at 1000",periodic,optimal,list(...) makes a full defensive copy on every property read.
src/stocks/tradingview_bridge.py,94,TradingViewBridge.set_auth_token,O(1),O(1),-,startup,optimal,
src/stocks/tradingview_bridge.py,98,TradingViewBridge._check_auth,O(t),O(t),len(auth token),per-request,optimal,"compare_digest is deliberately constant-time — no early exit is the point, not a defect."
src/stocks/tradingview_bridge.py,131,TradingViewBridge.register_handler,O(1),O(1),-,startup,optimal,Amortised list append.
src/stocks/tradingview_bridge.py,135,TradingViewBridge.unregister_handler,O(h),O(h),number of registered handlers,rare,optimal,Rebuilds the whole handler list rather than removing in place.
src/stocks/tradingview_bridge.py,139,TradingViewBridge.start,O(1),O(1),-,startup,optimal,Fixed route registration; falls through to _start_basic_server when aiohttp is absent.
src/stocks/tradingview_bridge.py,197,TradingViewBridge.stop,O(1),O(1),-,rare,optimal,Only cleans up the aiohttp runner; the basic-server thread path is never stopped.
src/stocks/tradingview_bridge.py,207,TradingViewBridge._handle_webhook,O(L + M + H),O(L + M),"L=len(body), M=1000 history cap, H=handlers",per-request,O(L+H) using collections.deque(maxlen=1000),"Once history saturates, every alert slices a 1000-element list — an O(M) copy per request."
src/stocks/tradingview_bridge.py,243,TradingViewBridge._handle_health,O(1),O(1),-,per-request,optimal,No auth check — health is intentionally open.
src/stocks/tradingview_bridge.py,248,TradingViewBridge._handle_status,O(1),O(1),-,per-request,optimal,len() on list/history is O(1); no auth check on this endpoint.
src/stocks/tradingview_bridge.py,260,TradingViewBridge._start_basic_server,O(1),O(1),-,startup,optimal,Defines the handler class and spawns a daemon thread; returns immediately.
src/stocks/tradingview_bridge.py,268,TradingViewBridge._start_basic_server.WebhookHandler.do_POST,O(L + H),O(L),"L=len(body), H=handlers",per-request,optimal,Unlike the aiohttp path this never trims _alert_history — unbounded memory growth.
src/stocks/tradingview_bridge.py,292,TradingViewBridge._start_basic_server.WebhookHandler.log_message,O(1),O(1),-,per-request,optimal,
src/stocks/tradingview_bridge.py,295,TradingViewBridge._start_basic_server.run_server,O(R),O(1),requests served over the process lifetime,startup,optimal,serve_forever blocks for the life of the daemon thread; no shutdown path exists.
src/stocks/tradingview_bridge.py,305,TradingViewBridge._parse_alert,O(L),O(L),len(body),per-request,optimal,Text fallback does '@' in parts then parts.index('@') — two separate linear token scans.
src/stocks/tradingview_bridge.py,347,TradingViewBridge.get_chart_url,O(1),O(1),-,rare,optimal,
src/stocks/tradingview_bridge.py,357,TradingViewBridge.get_summary,O(h),O(h),"len(self._alert_history), capped at 1000",periodic,optimal,Comprehension calls time.time() once per alert and materialises the filtered list.
src/trading/analytics_engine.py,82,AnalyticsEngine.__init__,O(1),O(1),-,startup,optimal,
src/trading/analytics_engine.py,88,AnalyticsEngine.record_trade,O(M),O(M),"M = _max_trades (50,000)",per-trade,O(1) with collections.deque(maxlen=50000),"at the cap every call re-slices the whole list back to 50k - O(50000) per trade, not amortized O(1)"
src/trading/analytics_engine.py,98,AnalyticsEngine.record_trade_from_dict,O(M),O(M),"M = _max_trades (50,000)",per-trade,O(1) once record_trade uses a bounded deque,construction is O(1); the whole cost is the inherited record_trade re-slice at cap
src/trading/analytics_engine.py,122,AnalyticsEngine.snapshot_equity,O(E + B),O(E),"E = equity points (cap 17,280), B = bots",periodic,O(B) with a running peak and a bounded deque,"peak is recomputed by a full max() scan of the curve, and the cap slice copies 17,280 points each call"
src/trading/analytics_engine.py,153,AnalyticsEngine.get_equity_curve,O(E),O(W),"E = stored equity points, W = points inside the window",periodic,O(log E + W) via bisect on the time-sorted curve,filters the whole curve linearly and builds a fresh dict per surviving point
src/trading/analytics_engine.py,163,AnalyticsEngine.get_bot_performance,O(T + B log B),O(T),"T = len(self._trades), B = distinct bots",periodic,optimal,grouping copies every trade into by_bot; the single-bot_id case still scans all T trades
src/trading/analytics_engine.py,182,AnalyticsEngine.get_timeframe_comparison,O(T),O(T),T = len(self._trades),periodic,optimal,"three extra passes per group (wins, losses, sum) on top of the grouping pass"
src/trading/analytics_engine.py,203,AnalyticsEngine.get_portfolio_summary,O(T + E),O(T),"T = len(self._trades), E = equity points",periodic,O(1) with counters maintained incrementally in record_trade,about ten separate full passes over _trades plus two set() builds; also scans the equity curve twice
src/trading/analytics_engine.py,253,AnalyticsEngine._compute_performance,O(k),O(k),k = trades for this bot,periodic,optimal,"roughly a dozen passes plus three full-size lists (wins, losses, pnl_series) held at once"
src/trading/analytics_engine.py,316,AnalyticsEngine._compute_daily_returns,O(E),O(E),"E = equity points (cap 17,280)",periodic,O(D) space by keeping only the last point per day,by_day retains every equity point although only the last one per day is ever read
src/trading/analytics_engine.py,338,AnalyticsEngine._sharpe_ratio,O(R),O(1),R = len(returns),periodic,optimal,two passes (mean then variance); returns list is not copied
src/trading/analytics_engine.py,348,AnalyticsEngine._format_duration,O(1),O(1),-,periodic,optimal,
src/trading/analytics_engine.py,359,AnalyticsEngine.trade_count,O(1),O(1),-,periodic,optimal,
src/trading/analytics_engine.py,363,AnalyticsEngine.trades,O(T),O(T),T = len(self._trades),periodic,O(1) returning a read-only view if callers do not mutate,"list() copies all 50k references on every access; defensive copy, not a view"
src/trading/arbitrage.py,54,ArbitrageMonitor.__init__,O(1),O(1),-,startup,optimal,
src/trading/arbitrage.py,60,ArbitrageMonitor.update_price,O(1),O(1),-,per-tick,optimal,
src/trading/arbitrage.py,72,ArbitrageMonitor.set_exchange_fee,O(1),O(1),-,rare,optimal,
src/trading/arbitrage.py,76,ArbitrageMonitor.get_best_buy_exchange,O(E),O(E),exchanges quoting this symbol,per-trade,optimal,Materialises a filtered dict copy just to run min(); a single guarded loop would drop the O(E) allocation.
src/trading/arbitrage.py,89,ArbitrageMonitor.get_best_sell_exchange,O(E),O(E),exchanges quoting this symbol,per-trade,optimal,Same filtered-dict-then-max pattern as get_best_buy_exchange.
src/trading/arbitrage.py,101,ArbitrageMonitor.get_price_comparison,O(E log E),O(E),exchanges quoting this symbol,periodic,O(E),time.time() is re-read inside the loop per exchange; sort dominates. Full order only needed if UI shows all rows.
src/trading/arbitrage.py,119,ArbitrageMonitor.detect_spreads,O(S*E^2),O(S*E),S symbols x E exchanges per symbol,periodic,O(S*E),"All-pairs nested loop, but only min-ask vs max-bid can ever win — one pass per symbol suffices. Trim slice copies 5000."
src/trading/arbitrage.py,175,ArbitrageMonitor.get_routing_recommendation,O(E),O(E),exchanges quoting this symbol,per-trade,optimal,"Three passes: get_best_* builds one filtered dict, then `others` builds another, then sum() walks it."
src/trading/arbitrage.py,217,ArbitrageMonitor.get_spread_history,O(K),O(K),"len(self._spreads), capped at 5000",per-request,O(log K + m),Full scan though _spreads is append-ordered by timestamp; bisect on the cutoff would skip the prefix.
src/trading/arbitrage.py,228,ArbitrageMonitor.get_monitored_symbols,O(S log S),O(S),symbols monitored,per-request,optimal,
src/trading/arbitrage.py,232,ArbitrageMonitor.get_summary,O(S*E + K),O(K),"S symbols x E exchanges, K = len(self._spreads)",periodic,optimal,recent_opps is materialised then walked twice more (max then sum); sorted(active_exchanges) adds E log E.
src/trading/bot_container.py,448,BotConfig.__post_init__,O(1),O(1),-,rare,optimal,
src/trading/bot_container.py,468,BotConfig.validate_mode_shape,O(1),O(1),-,rare,optimal,Fixed set of invariant checks; the violations list is bounded at 3 entries.
src/trading/bot_container.py,647,_sanitize_deprecated_kwargs,O(k),O(k),len(kwargs),rare,optimal,Comprehension copies the whole dict; each deprecated-key test is O(1) against a frozenset.
src/trading/bot_container.py,663,make_bot_config,O(k),O(k),len(kwargs),rare,optimal,Walks kwargs once against the mode frozensets after _sanitize_deprecated_kwargs already copied the dict.
src/trading/bot_container.py,855,BotContainer.__init__,O(1),O(1),-,rare,optimal,
src/trading/bot_container.py,882,BotContainer.force_fire,O(1),O(1),-,rare,optimal,Base implementation is a bare return; ScrummingBot overrides it.
src/trading/bot_container.py,899,BotContainer._get_market_limits,O(m),O(1),"len(markets), only on a cache miss",per-trade,O(1) per call if get_markets were indexed into a symbol->limits dict once,Cache hit is O(1); a miss linearly scans every market. Lookup failures are negative-cached.
src/trading/bot_container.py,943,BotContainer.guarded_place_order,O(1),O(1),-,per-trade,optimal,Pre-flight truncation math is constant; the awaited exchange round-trip dominates wall clock.
src/trading/bot_container.py,1094,BotContainer.start,O(1),O(1),-,rare,optimal,
src/trading/bot_container.py,1121,BotContainer.stop,O(1),O(1),-,rare,optimal,"Awaits the cancelled task, so wall clock is bounded by the task's cancellation handling."
src/trading/bot_container.py,1141,BotContainer.pause,O(s),O(1),subscribers on bot.paused,rare,optimal,Entire body is an EventBus emit; the cost is the topic's subscriber fan-out.
src/trading/bot_container.py,1147,BotContainer.resume,O(s),O(1),subscribers on bot.resumed,rare,optimal,Entire body is an EventBus emit; the cost is the topic's subscriber fan-out.
src/trading/bot_container.py,1154,BotContainer._run_with_guard,O(T * cost(tick)),O(1),T = ticks until stop_event is set,startup,optimal,Unbounded loop for the bot's lifetime; all per-iteration cost is the subclass tick().
src/trading/bot_container.py,1226,BotContainer.tick_interval,O(1),O(1),-,per-tick,optimal,
src/trading/bot_container.py,1232,BotContainer.tick,O(1),O(1),-,per-tick,optimal,Base class only raises NotImplementedError.
src/trading/bot_container.py,1242,BotContainer.get_status,O(1),O(1),-,per-request,optimal,dict(...) copies _last_gate_state on every call; that dict has a fixed 5 keys so it stays constant.
src/trading/bot_container.py,1345,BotContainer.get_full_state,O(F + L),O(F + L),"F = config+stats fields, L = exported lots/tranches/positions",periodic,optimal,asdict() deep-copies both dataclasses recursively; export_scrumming_state dominates on lot-heavy bots.
src/trading/bot_container.py,1421,BotManager.__init__,O(1),O(1),-,startup,optimal,
src/trading/bot_container.py,1468,BotManager.smart_wire_manager,O(1),O(1),-,rare,optimal,
src/trading/bot_container.py,1474,BotManager._on_wire_created_mgr,O(1),O(1),-,rare,optimal,Local work is three dict gets; real cost is SmartWireManager.register_wire.
src/trading/bot_container.py,1487,BotManager._on_wire_removed_mgr,O(1),O(1),-,rare,optimal,Local work is two dict gets; real cost is SmartWireManager.unregister_wire.
src/trading/bot_container.py,1498,BotManager._on_cross_bot_profit,O(1),O(1),-,rare,optimal,Single dict lookup plus one bus emit.
src/trading/bot_container.py,1533,BotManager.set_state_manager,O(1),O(1),-,startup,optimal,
src/trading/bot_container.py,1537,BotManager.force_fire,O(1),O(1),-,rare,optimal,Dict lookup then delegate; the TypeError fallback re-calls force_fire at most once.
src/trading/bot_container.py,1571,BotManager.set_volume_guard,O(B),O(1),number of bots,startup,optimal,
src/trading/bot_container.py,1579,BotManager.set_data_pool,O(B),O(1),number of bots,startup,optimal,
src/trading/bot_container.py,1587,BotManager.set_async_loop,O(1),O(1),-,startup,optimal,
src/trading/bot_container.py,1603,BotManager._dispatch_bootstrap,O(1),O(1),-,startup,optimal,Fire-and-forget scheduling; bootstrap_exchange_state's own cost is off this call's critical path.
src/trading/bot_container.py,1637,BotManager._dispatch_bootstrap._on_done,O(1),O(1),-,startup,optimal,Nested done-callback; probes the future's exception and logs.
src/trading/bot_container.py,1667,BotManager._dispatch_bootstrap._boot,O(cost of bootstrap_exchange_state),O(1),-,startup,optimal,Nested thread body; runs the whole bootstrap coroutine on a throwaway event loop.
src/trading/bot_container.py,1683,BotManager.set_live_monitor,O(1),O(1),-,startup,optimal,
src/trading/bot_container.py,1689,BotManager.configure_live_monitor,O(1),O(1),-,rare,optimal,
src/trading/bot_container.py,1712,BotManager.check_live_monitor,O(B),O(B),number of bots,periodic,O(B) with a two-field accessor instead of get_status,Builds a full get_status dict per bot just to read two keys that get_status never populates.
src/trading/bot_container.py,1735,BotManager.live_monitor_info,O(1),O(1),-,per-request,optimal,
src/trading/bot_container.py,1742,BotManager.set_connector,O(B),O(1),number of bots,startup,optimal,Per bot: add_scan_symbol plus a fire-and-forget bootstrap dispatch.
src/trading/bot_container.py,1782,BotManager.set_capital_registry,O(1),O(1),-,startup,optimal,
src/trading/bot_container.py,1790,BotManager.capital_registry,O(1),O(1),-,rare,optimal,
src/trading/bot_container.py,1795,BotManager.reconcile_capital_registry,O(R),O(1),"reservations in the (exchange, base) pool",periodic,optimal,"Two blocking sync ccxt calls (fetch_balance, fetch_ticker) execute on the caller's thread."
src/trading/bot_container.py,1864,BotManager.reconcile_all_capital,O(P*R + P log P),O(R),"P distinct (exchange,base) pools, R reservations",periodic,one fetch_balance per exchange rather than per pool,Each pool triggers its own blocking fetch_balance; no batching across pools on the same exchange.
src/trading/bot_container.py,1891,BotManager.notify_bot_profit,O(1),O(1),-,per-trade,optimal,Cost is registry.grow_reservation.
src/trading/bot_container.py,1924,BotManager._reservation_usd_and_mode,O(1),O(1),-,rare,optimal,
src/trading/bot_container.py,1942,BotManager._usd_per_base_for,O(1),O(1),-,periodic,O(1) with a short-TTL rate cache,Stable bases short-circuit on a set test; every other base does a fresh blocking fetch_ticker.
src/trading/bot_container.py,1962,BotManager.register,O(1),O(1),-,rare,optimal,"All lookups are dict/hasattr, including the SmartWire ledger membership test."
src/trading/bot_container.py,2098,BotManager.unregister,O(B),O(1),number of bots,rare,O(1) with a symbol->refcount map,any() scans every remaining bot to decide whether the symbol is still in use.
src/trading/bot_container.py,2131,BotManager.get_trade_history,O(1),O(1),-,per-request,optimal,Cost is connector.get_history.
src/trading/bot_container.py,2140,BotManager.refresh_trade_history,O(1),O(1),-,rare,optimal,Cost is connector.refresh_history.
src/trading/bot_container.py,2150,BotManager.get_bot,O(1),O(1),-,per-request,optimal,
src/trading/bot_container.py,2156,BotManager.has_sibling_target_bots,O(B),O(1),number of bots,rare,O(1) with a target_asset->bot_ids index,Linear scan; multi-base sibling attribution is retired so no production caller remains.
src/trading/bot_container.py,2191,BotManager.sum_sibling_tracked_units,O(B*L),O(1),bots x lots per bot,rare,optimal,Nested scan over every sibling's _main_lots list.
src/trading/bot_container.py,2218,BotManager.sum_sibling_base_currency_claims,O(B),O(1),number of bots,rare,"O(1) with an (exchange, base_currency) index",Full scan of every bot per call; no index by exchange/base.
src/trading/bot_container.py,2312,BotManager.list_bots,O(B),O(B),number of bots,per-request,optimal,Materialises a full nested status dict per bot on every 2s dashboard refresh.
src/trading/bot_container.py,2316,BotManager.list_bots_by_exchange,O(B),O(M),"B bots scanned, M matching",per-request,optimal,"Filter runs before get_status, so only matching bots pay the dict build."
src/trading/bot_container.py,2325,BotManager.save_all_state,O(B*(F+L)),O(B*(F+L)),bots x per-bot state size,periodic,optimal,"Dominant term is get_full_state per bot, i.e. two asdict deep-copies plus the lot/tranche export."
src/trading/bot_container.py,2358,BotManager.restore_smart_wires_from_state,O(W + Lg),O(W + Lg),saved wires W + ledgers Lg,startup,optimal,"Wires are walked twice: once inside import_wires, again by the re-emit loop."
src/trading/bot_container.py,2412,BotManager.get_saved_state,O(S),O(S),size of the saved-state file,startup,optimal,Cost is StateManager.load_state (JSON parse of the whole file).
src/trading/bot_container.py,2418,BotManager.restore_bots_from_state,O(B*(F+S)),O(B*(F+S)),saved bots x per-bot state size,startup,optimal,"Per bot: fixed kwarg dicts, a setattr pass over saved stats, then a full import_scrumming/extractor_state."
src/trading/bot_container.py,2811,BotManager.start_all,O(E*V),O(E),"E eligible bots, V = verify_timeout/0.25 poll steps",startup,optimal,Polling is deliberate: up to 10s verify wait plus a 0.6s gap per bot dominates wall clock.
src/trading/bot_container.py,2911,BotManager.cancel_start_all,O(1),O(1),-,rare,optimal,
src/trading/bot_container.py,2916,BotManager.stop_all,O(B),O(B),number of bots,rare,optimal,"Builds a coroutine list then gathers, so the stops run concurrently."
src/trading/bot_container.py,2920,BotManager.pause_all,O(B),O(1),number of bots,rare,optimal,Sequential awaits rather than a gather.
src/trading/bot_container.py,2925,BotManager.resume_all,O(B),O(1),number of bots,rare,optimal,Sequential awaits rather than a gather.
src/trading/bot_container.py,2931,BotManager.get_aggregate_stats,O(B),O(1),number of bots,per-request,optimal,"Single pass, ~15 getattr per bot, on every 2s dashboard refresh."
src/trading/bot_container.py,3049,_PlaceholderExchangeForRestore.__init__,O(1),O(1),-,startup,optimal,
src/trading/buy_safety.py,78,verify_buy_safe_or_refuse,O(1),O(1),-,per-trade,optimal,Local work is a handful of getattr/float comparisons; wall-clock is dominated by the awaited network get_balance.
src/trading/capital_arbiter_bridge.py,50,rank_for_pool,O(C log C),O(C),C = number of opportunity candidates,rare,O(C log n) with a bounded heap when n << C,Cost is the arbiter's rank_candidates sort inside select_top_n_within_pool; the call-time import is sys.modules-cached.
src/trading/capital_registry.py,75,Reservation.to_dict,O(1),O(1),-,per-trade,optimal,"asdict() deep-copies recursively, but all 9 fields are scalars so the recursion bottoms out immediately."
src/trading/capital_registry.py,79,Reservation.from_dict,O(1),O(1),-,startup,optimal,
src/trading/capital_registry.py,128,CapitalRegistry.__init__,O(k),O(k),len(initial_reservations),startup,optimal,
src/trading/capital_registry.py,178,CapitalRegistry._check_loop,O(1),O(1),-,per-tick,optimal,Guarded by a try/except on get_running_loop; the RuntimeError path is the common sync case.
src/trading/capital_registry.py,197,CapitalRegistry.request_reservation,O(R),O(R),total reservations in the registry,rare,O(R_eb),"Scans ALL reservations to sum one (exchange,base); a dict keyed by (exchange,base) would touch only that group."
src/trading/capital_registry.py,279,CapitalRegistry.release_reservation,O(R),O(R),total reservations in the registry,rare,optimal,The pop is O(1); the O(R) comes from _persist_locked re-serialising every reservation.
src/trading/capital_registry.py,287,CapitalRegistry.grow_reservation,O(R),O(R),total reservations in the registry,per-trade,optimal,Lookup and mutation are O(1); the O(R) is _persist_locked re-serialising the whole registry on every profit growth.
src/trading/capital_registry.py,354,CapitalRegistry.update_reservation,O(R),O(R),total reservations in the registry,rare,optimal,"Delegates to request_reservation while already holding the RLock (re-entrant, so safe)."
src/trading/capital_registry.py,383,CapitalRegistry.refresh_rate,O(R),O(R),total reservations in the registry,per-tick,optimal,Per-tick full scan plus a full re-serialise via _persist_locked whenever any row matched.
src/trading/capital_registry.py,409,CapitalRegistry.get_free,O(R),O(1),total reservations in the registry,per-tick,optimal,Two separate generator passes over the same filtered set; one loop accumulating both sums would halve it.
src/trading/capital_registry.py,437,CapitalRegistry.reconcile_with_exchange,O(R),O(R),total reservations in the registry,periodic,optimal,Three full scans plus refresh_rate's: drift_usd recomputes the identical sum as reserved_usd and equals free_usd.
src/trading/capital_registry.py,488,CapitalRegistry.get_reservations,O(R),O(R),total reservations in the registry,periodic,optimal,asdict() per row then re-constructs Reservation(**d); dataclasses.replace(r) avoids the dict round-trip.
src/trading/capital_registry.py,507,CapitalRegistry.serialize,O(R),O(R),total reservations in the registry,rare,optimal,Each to_dict() is an asdict() deep-copy.
src/trading/capital_registry.py,516,CapitalRegistry._wallet_usd,O(1),O(1),-,per-tick,optimal,O(1) in this frame only; the injected wallet provider callback may itself be an exchange/network call.
src/trading/capital_registry.py,536,CapitalRegistry._persist_locked,O(R),O(R),total reservations in the registry,per-trade,optimal,"Rebuilds the full payload (asdict per row) on EVERY mutation, including single-field rate refreshes."
src/trading/capital_registry.py,557,settings_key,O(1),O(1),-,rare,optimal,
src/trading/capital_reservation.py,129,Reservation.to_dict,O(1),O(1),-,per-trade,optimal,"asdict() deep-recurses, but all 8 fields are scalars so the recursion is fixed-depth."
src/trading/capital_reservation.py,133,Reservation.from_dict,O(1),O(1),-,per-trade,optimal,Rebuilds the 8-element `known` field set from __dataclass_fields__ on every single call.
src/trading/capital_reservation.py,139,Reservation.is_expired,O(1),O(1),-,periodic,optimal,
src/trading/capital_reservation.py,181,CapitalReservationRegistry.__init__,O(R),O(R),reservations in the persisted state file,startup,optimal,Own work O(1); cost is the _load() call parsing the whole state file.
src/trading/capital_reservation.py,217,CapitalReservationRegistry._save,O(R),O(R),reservations currently in the registry,per-trade,optimal,"Full-table rewrite on EVERY mutation: asdict per reservation, json.dumps(indent=2), temp file, rename."
src/trading/capital_reservation.py,239,CapitalReservationRegistry._load,O(R),O(R),reservations in the persisted state file,startup,optimal,
src/trading/capital_reservation.py,265,CapitalReservationRegistry.reserve,O(R),O(R),reservations currently in the registry,per-trade,O(1) amortized,"Over-commit sum scans all reservations, then _save rewrites the whole table; a per-asset running total would fix both."
src/trading/capital_reservation.py,345,CapitalReservationRegistry.release,O(R),O(R),reservations currently in the registry,per-trade,O(1) amortized,Lookup and delete are O(1); the O(R) is entirely _save's full-table rewrite.
src/trading/capital_reservation.py,371,CapitalReservationRegistry.update,O(R),O(R),reservations currently in the registry,per-trade,O(1) amortized,"Over-commit sum scans all reservations excluding this token, then _save rewrites the whole table."
src/trading/capital_reservation.py,419,CapitalReservationRegistry.force_release,O(R),O(R),reservations currently in the registry,rare,O(1) amortized,O(R) comes only from _save.
src/trading/capital_reservation.py,438,CapitalReservationRegistry.force_release_all,O(R),O(R),reservations currently in the registry,rare,optimal,"One comprehension scan to collect the bot's tokens, then _save."
src/trading/capital_reservation.py,464,CapitalReservationRegistry.effective_available,O(R),O(1),reservations currently in the registry,per-candle,O(1),"Hot path: every bot calls this each tick and it re-sums the entire table; per-asset and per-(asset,bot) running totals give O(1)."
src/trading/capital_reservation.py,499,CapitalReservationRegistry.reservations_for,O(R),O(k),reservations in registry (R); k = matches,periodic,optimal,"Each match is copied via a to_dict/from_dict round-trip, so k dict allocations on top of the scan."
src/trading/capital_reservation.py,528,CapitalReservationRegistry.snapshot,O(R),O(R),reservations currently in the registry,periodic,optimal,"Two passes over the table (totals, then to_dict list) plus a full heartbeat dict copy."
src/trading/capital_reservation.py,556,CapitalReservationRegistry.heartbeat,O(1),O(1),-,periodic,optimal,Deliberately skips _save to avoid per-ping disk churn.
src/trading/capital_reservation.py,567,CapitalReservationRegistry.prune_expired,O(R),O(R),reservations currently in the registry,periodic,optimal,list(self._reservations.items()) copies the whole table so it can delete while iterating.
src/trading/capital_reservation.py,620,CapitalReservationRegistry.reset,O(R),O(1),reservations currently in the registry,rare,optimal,dict.clear() is O(R); _save afterwards writes an empty table so it costs O(1).
src/trading/capital_reservation.py,637,get_registry,O(1),O(1),-,per-candle,optimal,Amortized O(1); the very first call pays the constructor's O(R) state-file load.
src/trading/capital_reservation.py,646,set_registry,O(1),O(1),-,rare,optimal,
src/trading/cross_pool.py,106,CrossPoolSpreadModel.__init__,O(P),O(P),n_pools,rare,optimal,"random.seed() mutates the global RNG, not a per-model stream"
src/trading/cross_pool.py,134,CrossPoolSpreadModel.step,O(P),O(P),n_pools,per-candle,optimal,"returns list(self._prices), a fresh copy each candle"
src/trading/cross_pool.py,159,CrossPoolSpreadModel.get_quotes,O(P),O(P),n_pools,per-candle,optimal,allocates P new PoolQuote dataclasses every candle
src/trading/cross_pool.py,174,CrossPoolSpreadModel.spread_pct,O(P),O(1),n_pools,per-candle,optimal,three separate max/min passes over the price list
src/trading/cross_pool.py,181,CrossPoolSpreadModel.midpoint,O(1),O(1),-,per-candle,optimal,
src/trading/cross_pool.py,185,route_to_best_pool,O(Q),O(1),len(quotes) = pools checked,per-candle,optimal,two max/min pairs = 2 full passes; a single pass would halve the constant
src/trading/cross_pool.py,232,run_cross_pool_sim,O(C*(P+w)),O(C),"C=len(candles), P=n_pools, w=BB window 20",rare,O(C*P),BB re-sums a 20-wide window twice per candle and close_buf.pop(0) shifts the list; rolling mean/variance removes both
src/trading/cross_pool.py,466,run_cross_pool_benchmark,O(C*sum(P_i)),O(C*k),"C=len(candles), k=len(pool_counts)",rare,optimal,keeps every sim's full cycle_results and spread_captures lists alive in the returned dicts
src/trading/cross_pool.py,517,analyze_pool_configuration,O(S*C*sum(P_i)),O(S),"S=assets, C=candles per asset",rare,optimal,runs the full 5-configuration benchmark per asset; seed comes from hash(symbol) so runs are not reproducible across processes
src/trading/cross_pool.py,621,CrossPoolSwarm.__init__,O(B),O(B),n_bots,rare,optimal,
src/trading/cross_pool.py,629,CrossPoolSwarm.assign_pools,O(Q log Q),O(Q),len(quotes),rare,O(Q + B),two full sorts but only element [0] of each is read; max()/min() would be linear and allocation-free
src/trading/cross_pool.py,649,CrossPoolSwarm.route_wire,O(1),O(1),-,rare,optimal,
src/trading/cross_pool.py,657,CrossPoolSwarm.settle_wires,O(W),O(1),pending wires in _wire_queue,rare,optimal,
src/trading/cross_pool.py,663,CrossPoolSwarm.total_spread_captured,O(1),O(1),-,rare,optimal,
src/trading/cross_pool.py,667,CrossPoolSwarm.get_summary,O(1),O(1),-,rare,optimal,
src/trading/extractor_bot.py,136,ExtractorBot.__init__,O(1),O(1),-,startup,optimal,Fixed attribute assignments plus one TASignalProvider construction.
src/trading/extractor_bot.py,234,ExtractorBot.set_initial_chunk_rate,O(R),O(R),R = reservations held in CapitalReservationRegistry,startup,optimal,"Local math is O(1); cost is registry.reserve(), which _save()s the whole reservation table to disk."
src/trading/extractor_bot.py,389,ExtractorBot.set_chunk_size_usd,O(R),O(R),R = reservations in CapitalReservationRegistry,rare,optimal,O(1) arithmetic; registry.update() rewrites the persisted reservation table.
src/trading/extractor_bot.py,482,ExtractorBot.stop,O(R),O(R),R = reservations in registry,rare,optimal,Cost is registry.release() (full _save()) plus BotContainer.stop().
src/trading/extractor_bot.py,517,ExtractorBot._has_chunk_capacity,O(1),O(1),-,per-candle,optimal,
src/trading/extractor_bot.py,538,ExtractorBot.pool_color,O(P),O(1),P = open positions,periodic,O(1) with a maintained drawdown counter,"Early-returns on the first drawdown position, so O(P) is the worst case."
src/trading/extractor_bot.py,555,ExtractorBot._refresh_watch_list,O(M + C log C),O(M + C),"M = markets on exchange, C = base-matching candidate pairs",periodic,O(M + C log C) with ONE batched fetch_tickers instead of C round-trips,"Mode B awaits get_ticker once per candidate sequentially; those C network round-trips dominate wall-clock, not the sort."
src/trading/extractor_bot.py,685,ExtractorBot._watch_list_due_for_refresh,O(1),O(1),-,per-candle,optimal,
src/trading/extractor_bot.py,695,ExtractorBot._usd_to_base,O(1),O(1),-,per-candle,optimal,
src/trading/extractor_bot.py,701,ExtractorBot._base_to_usd,O(1),O(1),-,per-candle,optimal,
src/trading/extractor_bot.py,708,ExtractorBot._is_inverted,O(1),O(1),-,per-candle,optimal,"Property; getattr + .lower() on a short config string, recomputed on every call rather than cached."
src/trading/extractor_bot.py,718,ExtractorBot._pair_filter_matches,O(1),O(1),-,periodic,optimal,Called once per market inside _refresh_watch_list; re-reads _is_inverted each time.
src/trading/extractor_bot.py,745,ExtractorBot._entry_signal_matched,O(1),O(1),-,per-candle,optimal,
src/trading/extractor_bot.py,760,ExtractorBot._exit_signal_matched,O(1),O(1),-,per-candle,optimal,
src/trading/extractor_bot.py,774,ExtractorBot._entry_order_side,O(1),O(1),-,per-trade,optimal,Function-local import resolves from sys.modules cache after first call.
src/trading/extractor_bot.py,780,ExtractorBot._exit_order_side,O(1),O(1),-,per-trade,optimal,Function-local import resolves from sys.modules cache after first call.
src/trading/extractor_bot.py,786,ExtractorBot.set_bot_manager,O(1),O(1),-,startup,optimal,
src/trading/extractor_bot.py,794,ExtractorBot.update_base_usd_rate,O(1),O(1),-,per-candle,optimal,"sorted() and the [-3:] slice both run on a window hard-capped at _rate_spike_window = 3, so they are constant."
src/trading/extractor_bot.py,872,ExtractorBot._position_value_usd,O(1),O(1),-,per-candle,optimal,
src/trading/extractor_bot.py,881,ExtractorBot._is_in_drawdown,O(1),O(1),-,per-candle,optimal,
src/trading/extractor_bot.py,896,ExtractorBot._exit_is_profitable_in_base,O(1),O(1),-,per-candle,optimal,
src/trading/extractor_bot.py,921,ExtractorBot._evaluate_open_position,O(1),O(1),-,per-candle,optimal,Local work is constant; real cost is the delegated _maybe_fire_correction / _execute_bullish_exit network round-trips.
src/trading/extractor_bot.py,951,ExtractorBot._maybe_fire_correction,O(1),O(1),-,per-trade,optimal,Constant arithmetic; dominated by verify_buy_safe_or_refuse + guarded_place_order network calls.
src/trading/extractor_bot.py,1075,ExtractorBot.manual_fire_position,O(1),O(1),-,rare,optimal,Dict lookup + one get_ticker + delegated _execute_bullish_exit; all constant local work.
src/trading/extractor_bot.py,1204,ExtractorBot._execute_bullish_exit,O(1),O(1),-,per-trade,optimal,"Closed-log trim slice [-200:] copies at most _closed_log_max entries, so it stays constant."
src/trading/extractor_bot.py,1336,ExtractorBot._fire_artillery,O(1),O(1),-,per-trade,optimal,Constant local work; dominated by verify_buy_safe_or_refuse + guarded_place_order.
src/trading/extractor_bot.py,1438,ExtractorBot.tick,O((P + W) * K),O(P + W),"P = open positions, W = watch-list pairs, K = candles per TA evaluate",per-candle,O(P + W) network round-trips collapsed to 1 via batched ticker fetch,list(self._positions.items()) copies P; each of the P+W pairs costs one TASignalProvider.evaluate plus a get_ticker await.
src/trading/extractor_bot.py,1527,ExtractorBot.positions_for_gui,O(P),O(P),P = open positions,periodic,optimal,
src/trading/extractor_bot.py,1573,ExtractorBot.get_status,O(P + W),O(W),"P = open positions, W = watch-list length",periodic,optimal,sum() over positions is O(P); list(self._watch_list) copies W. Base-class get_status cost added on top.
src/trading/extractor_bot.py,1598,ExtractorBot.export_state,O(P + L + W),O(P + L + W),"P = positions, L = closed-log entries (<=200), W = watch list",periodic,optimal,"list(self._closed_position_log) is a shallow copy — inner dicts are shared, not deep-copied."
src/trading/extractor_bot.py,1635,ExtractorBot.import_state,O(P + L + W),O(P + L + W),"P = persisted positions, L = closed-log entries, W = watch list",rare,optimal,
src/trading/gate_chain.py,212,Gate.evaluate,O(1),O(1),-,per-candle,optimal,Abstract stub; body is `...`. Cost is entirely in the concrete subclass.
src/trading/gate_chain.py,228,DeltaPositiveGate.evaluate,O(1),O(1),-,per-candle,optimal,
src/trading/gate_chain.py,241,IntervalGate.evaluate,O(1),O(1),-,per-candle,optimal,f-string blocker message is built only on the failing branch.
src/trading/gate_chain.py,253,TranchesQueuedGate.evaluate,O(1),O(1),-,per-candle,optimal,
src/trading/gate_chain.py,265,TADirectionGate.__init__,O(1),O(1),-,startup,optimal,
src/trading/gate_chain.py,269,TADirectionGate.evaluate,O(1),O(1),-,per-candle,optimal,
src/trading/gate_chain.py,287,TrendHoldGate.evaluate,O(1),O(1),-,per-candle,optimal,
src/trading/gate_chain.py,304,MidlineGate.__init__,O(1),O(1),-,startup,optimal,
src/trading/gate_chain.py,308,MidlineGate.evaluate,O(1),O(1),-,per-candle,optimal,
src/trading/gate_chain.py,322,TargetFiresGate.evaluate,O(1),O(1),-,per-candle,optimal,
src/trading/gate_chain.py,334,BBProximityGate.__init__,O(1),O(1),-,startup,optimal,
src/trading/gate_chain.py,338,BBProximityGate.evaluate,O(1),O(1),-,per-candle,optimal,
src/trading/gate_chain.py,357,CircuitBreakerGate.__init__,O(1),O(1),-,startup,optimal,
src/trading/gate_chain.py,361,CircuitBreakerGate.evaluate,O(1),O(1),-,per-candle,optimal,
src/trading/gate_chain.py,374,HTFDeferGate.__init__,O(1),O(1),-,startup,optimal,
src/trading/gate_chain.py,378,HTFDeferGate.evaluate,O(1),O(1),-,per-candle,optimal,
src/trading/gate_chain.py,394,HysteresisGate.__init__,O(1),O(1),-,startup,optimal,
src/trading/gate_chain.py,398,HysteresisGate.evaluate,O(1),O(1),-,per-candle,optimal,Pivot-distance arithmetic and the 8-decimal message are built only on the failing branch.
src/trading/gate_chain.py,432,SmartCeilingGate.evaluate,O(1),O(1),-,per-candle,optimal,
src/trading/gate_chain.py,461,RipeHarvestScrumOverride.evaluate,O(1),O(1),-,per-candle,optimal,Returns the class-level overrides tuple by reference; no copy.
src/trading/gate_chain.py,480,DeepFoldOverride.evaluate,O(1),O(1),-,per-candle,optimal,
src/trading/gate_chain.py,551,ADXTrendSuppressionGate.__init__,O(1),O(1),-,startup,optimal,
src/trading/gate_chain.py,554,ADXTrendSuppressionGate.evaluate,O(1),O(1),-,per-candle,optimal,
src/trading/gate_chain.py,611,EfficiencyRatioRegimeGate.__init__,O(1),O(1),-,startup,optimal,
src/trading/gate_chain.py,616,EfficiencyRatioRegimeGate.evaluate,O(1),O(1),-,per-candle,optimal,
src/trading/gate_chain.py,694,ZScoreExtremityGate.__init__,O(1),O(1),-,startup,optimal,"Validates side and raises ValueError at construction, not per evaluate call."
src/trading/gate_chain.py,705,ZScoreExtremityGate.evaluate,O(1),O(1),-,per-candle,optimal,
src/trading/gate_chain.py,746,GateChain.__init__,O(g),O(g),len(gates),startup,optimal,"Four separate passes over gates (filter, dict, overrides, regulars); one pass would do but g<=14."
src/trading/gate_chain.py,757,GateChain.evaluate,O(g),O(g),number of gates in the chain,per-candle,optimal,Deliberately no short-circuit; every gate runs. Final pass does startswith('OVERRIDDEN_BY:') per blocked row.
src/trading/gate_chain.py,809,GateChain.side,O(1),O(1),-,rare,optimal,
src/trading/gate_chain.py,813,GateChain.gate_names,O(g),O(g),number of gates in the chain,rare,optimal,
src/trading/gate_chain.py,823,build_scrumming_scrum_chain,O(1),O(1),-,startup,optimal,Fixed 14-gate literal list; constant despite the GateChain.__init__ O(g) passes.
src/trading/gate_chain.py,859,build_scrumming_fold_chain,O(1),O(1),-,startup,optimal,Fixed 10-gate literal list.
src/trading/gate_coverage.py,98,TradeGatePairing.has_gate,O(1),O(1),-,periodic,optimal,
src/trading/gate_coverage.py,102,TradeGatePairing.scrum_armed,O(1),O(1),-,periodic,optimal,
src/trading/gate_coverage.py,109,TradeGatePairing.fold_armed,O(1),O(1),-,periodic,optimal,
src/trading/gate_coverage.py,115,TradeGatePairing.blockers,O(B),O(B),blockers recorded on this side,periodic,optimal,list(...) copies the blocker list on every access; not cached.
src/trading/gate_coverage.py,133,GateCoverageReport.by_status,O(P),O(1),pairings in the report,periodic,optimal,Output dict is bounded at 5 status keys.
src/trading/gate_coverage.py,140,GateCoverageReport.total,O(1),O(1),-,periodic,optimal,
src/trading/gate_coverage.py,144,GateCoverageReport.covered,O(P),O(1),pairings in the report,periodic,optimal,Full scan recomputed on every property access; no memoisation.
src/trading/gate_coverage.py,148,GateCoverageReport.coverage_pct,O(P),O(1),pairings in the report,periodic,optimal,"Delegates to covered, so each access is another full scan of pairings."
src/trading/gate_coverage.py,152,_ts_of,O(1),O(1),-,periodic,optimal,fromisoformat parses a fixed-length timestamp string.
src/trading/gate_coverage.py,165,build_gate_index,O(G log G),O(G),gate log entries,periodic,optimal,Bucket pass is O(G); the per-bot sorts total O(G log G) since the reader yields the current file before the rotated ones.
src/trading/gate_coverage.py,203,_nearest,O(E),O(1),gate entries for this bot,periodic,O(log E),"List is already sorted by build_gate_index, so bisect would locate the nearest neighbour without a full scan."
src/trading/gate_coverage.py,220,_in_log_gap,O(E),O(1),gate entries for this bot,periodic,O(log E),Linear walk to find the bracketing pair; bisect on the sorted list gives the same answer in log time.
src/trading/gate_coverage.py,237,classify_trades,O(T * E),O(T),trades x gate entries per bot,periodic,O((T + G) log G),_nearest and _in_log_gap each rescan the whole per-bot entry list for every single trade.
src/trading/gate_coverage.py,307,format_coverage_lines,O(P log P),O(P),pairings in the report,periodic,O(P),sorted() over the distinct NO_GATE_FOR_BOT bot ids runs before the [:max_examples] slice; heapq.nsmallest would avoid the full sort.
src/trading/gate_coverage.py,320,format_coverage_lines._fmt,O(1),O(1),-,periodic,optimal,
src/trading/gate_coverage.py,407,ValidationWindow.has_cap,O(1),O(1),-,rare,optimal,
src/trading/gate_coverage.py,411,compute_validation_window,O(P),O(P),pairings in the coverage report,rare,optimal,"Five separate full passes (filter, min, filter, min, max) build two intermediate lists."
src/trading/gate_coverage.py,459,_fmt_ts,O(1),O(1),-,rare,optimal,
src/trading/gate_coverage.py,466,format_window_lines,O(1),O(1),-,rare,optimal,Emits at most 7 lines regardless of window size.
src/trading/gate_healer.py,125,ReconstructedGate.to_dict,O(v),O(v),entries in indicator_votes,per-trade,optimal,asdict() recurses into the indicator_votes dict and deep-copies it; the other ~30 fields are scalars.
src/trading/gate_healer.py,129,ReconstructedGate.has_market_data,O(1),O(1),-,per-trade,optimal,
src/trading/gate_healer.py,133,_direction_name,O(1),O(1),-,per-trade,optimal,
src/trading/gate_healer.py,146,_indicator_votes,O(s),O(s),len(summary.signals),per-trade,optimal,
src/trading/gate_healer.py,171,_safe_float,O(1),O(1),-,per-trade,optimal,
src/trading/gate_healer.py,180,reconstruct_market_gate,O(W*I),O(W),"W = window (<=100 candles), I = indicators",per-trade,optimal,index_for_ts is O(log C) bisect; candles[start:idx+1] copies up to 100 rows; a fresh VotingEngine is built per call.
src/trading/gate_healer.py,280,HealReport.total_attempted,O(1),O(1),-,rare,optimal,
src/trading/gate_healer.py,284,HealReport.with_market_data,O(r),O(1),len(report.reconstructed),rare,optimal,
src/trading/gate_healer.py,287,HealReport.notes_histogram,O(r),O(h),len(report.reconstructed),rare,optimal,str.split(';') copies the whole note per row before taking [0][:60]; partition(';') would avoid the full split.
src/trading/gate_healer.py,295,heal_gate_gaps,O(P*W*I),O(P),P = pairings needing a gate row,rare,optimal,candle_lookup is invoked per pairing — without a caller-side cache each call re-reads the whole tablet.
src/trading/gate_healer.py,335,split_by_provenance,O(n),O(n),len(rows),rare,optimal,
src/trading/gate_healer.py,354,format_heal_lines,O(r),O(h),len(report.reconstructed),rare,optimal,notes_histogram O(r) dominates the sorted(h log h) over distinct notes.
src/trading/live_log_reader.py,88,_validate_gate_entry,O(1),O(1),-,rare,optimal,Fixed 4+5 field checks; dict membership is O(1). list(entry.keys()) only allocates on the raise path.
src/trading/live_log_reader.py,119,_validate_trade_entry,O(1),O(1),-,rare,optimal,
src/trading/live_log_reader.py,141,_parse_ts,O(s),O(s),len(timestamp string),rare,optimal,
src/trading/live_log_reader.py,155,_iter_ndjson,O(B),O(l),"bytes in the file B, longest line l",rare,optimal,Streaming generator — only one parsed line is resident at a time.
src/trading/live_log_reader.py,176,_rotated_files_for,O(D + r log r),O(r),"dir entries D, rotated copies r",rare,optimal,Sort key does int(p.suffix.lstrip('.')) — raises ValueError on any non-numeric suffix the glob happens to match.
src/trading/live_log_reader.py,203,live_gate_decisions,O(B),O(l),total bytes across gate.log + rotations,rare,optimal,"The `since` filter is applied after parsing every entry — no seek or early exit, so a 50 MB rotation set is fully read."
src/trading/live_log_reader.py,233,live_voting_panel_snapshots,O(B),O(l),total bytes across voting.log + rotations,rare,optimal,"No schema validator, so the per-entry cost is just json.loads plus the optional timestamp parse."
src/trading/live_log_reader.py,263,live_trades,O(B),O(l),total bytes across trade.log + rotations,rare,optimal,
src/trading/live_log_reader.py,288,live_autonomous_trades,O(B),O(l),total bytes across trade.log + rotations,rare,optimal,Pure filter over live_trades(); every entry is still parsed and validated before being discarded.
src/trading/live_log_reader.py,311,autonomous_fire_count_by_bot,O(B),O(b),"log bytes B, distinct bot_ids b",rare,optimal,Counter dict is O(1) per entry.
src/trading/live_log_reader.py,328,gate_decision_count_by_bot,O(B),O(b),"log bytes B, distinct bot_ids b",rare,optimal,setdefault allocates a fresh 4-key dict per entry even when the bucket already exists.
src/trading/live_log_reader.py,365,layout_summary,O(1),O(1),-,rare,optimal,Four stat/is_file syscalls; gate.log and trade.log are each stat'd twice.
src/trading/live_monitor.py,27,TradeRecord.record_hash,O(1),O(1),-,per-trade,optimal,asdict() deep-copies + json.dumps(sort_keys) + sha256 on every access; 18 fixed fields so constant but heavy
src/trading/live_monitor.py,32,TradeJournal.__init__,O(R*M),O(M),R = lines in the existing journal file; M = bytes per line,startup,O(M) by seeking to the file tail,constructor silently performs a full-file replay via _resume when the journal exists
src/trading/live_monitor.py,37,TradeJournal._resume,O(R*M),O(M),R = lines in the journal; M = bytes per line,startup,O(M) — only the last line's hash and seq are actually needed,json.loads every line just to keep the final chain_hash/seq and a trade count
src/trading/live_monitor.py,44,TradeJournal.record,O(1),O(1),-,per-trade,optimal,asdict+json.dumps run twice per call (once inside record_hash); file is opened and closed per record
src/trading/live_monitor.py,61,TradeJournal.verify,O(R),O(1),R = lines in the journal file,rare,optimal,"despite the name it only counts lines — no hash-chain recomputation, hence no per-line parse cost"
src/trading/live_monitor.py,69,TradeJournal.stats,O(1),O(1),-,per-paint,optimal,shallow-copies the 11-key stats dict on each access
src/trading/live_monitor.py,71,TradeJournal.chain_hash,O(1),O(1),-,per-trade,optimal,
src/trading/live_monitor.py,73,TradeJournal.record_count,O(1),O(1),-,per-paint,optimal,
src/trading/live_monitor.py,77,ReportGenerator.__init__,O(G log G),O(G),G = existing acervator_report_*.json files in the reports dir,startup,O(G) — delegate to a max() instead of a sort,cost is _find_last's full glob + sort; mkdir is O(1)
src/trading/live_monitor.py,80,ReportGenerator._find_last,O(G log G),O(G),G = report files matching the glob,startup,O(G) using max() over the glob,materializes and sorts the whole glob to read only the last element
src/trading/live_monitor.py,86,ReportGenerator.generate,O(1),O(1),-,rare,optimal,journal.stats copies 11 keys; the activity comprehension is over a fixed 8-key list
src/trading/live_monitor.py,111,ReportGenerator.save,O(1),O(1),-,rare,optimal,"serializes the fixed-shape report twice — once canonically for the hash, once to disk"
src/trading/live_monitor.py,155,LiveMonitor.__init__,O(R*M),O(M),R = lines in the default journal when no journal is passed,startup,optimal,the `journal or TradeJournal()` default constructs a journal that replays the whole file
src/trading/live_monitor.py,168,LiveMonitor.enabled,O(1),O(1),-,per-paint,optimal,
src/trading/live_monitor.py,170,LiveMonitor.authenticated,O(1),O(1),-,per-paint,optimal,
src/trading/live_monitor.py,172,LiveMonitor.should_check,O(1),O(1),-,periodic,optimal,
src/trading/live_monitor.py,174,LiveMonitor._prompt,O(1),O(1),-,periodic,optimal,str.format over a fixed template; the [:12] slice copies 12 chars
src/trading/live_monitor.py,180,LiveMonitor._call,O(B),O(B),B = bytes in the Anthropic API response body,periodic,optimal,"builds a new httpx.AsyncClient (fresh connection pool, new TLS handshake) on every call; no reuse"
src/trading/live_monitor.py,191,LiveMonitor.handshake,O(B),O(B),B = bytes in the API response body,rare,optimal,cost is entirely _call's network round-trip and JSON parse
src/trading/live_monitor.py,208,LiveMonitor.analyze,O(B),O(B),B = bytes in the API response body,periodic,optimal,"cost is _call (may be two round-trips if a handshake is needed); _history grows unbounded, one entry per success"
src/trading/live_monitor.py,232,LiveMonitor.feedback_history,O(1),O(1),-,per-paint,optimal,returns the live list by reference — callers can mutate the monitor's history
src/trading/live_monitor.py,235,LiveMonitor.connection_info,O(1),O(1),-,per-paint,optimal,len() on a list is O(1)
src/trading/market_inspector.py,100,MarketInspector.__init__,O(1),O(1),-,startup,optimal,
src/trading/market_inspector.py,118,MarketInspector.last_signals,O(s),O(s),markets in the last scan,periodic,optimal,Defensive list() copy on every property read; the MarketSignal objects themselves are shared.
src/trading/market_inspector.py,122,MarketInspector.last_pairs,O(p),O(p),pairs stored (capped at 5),periodic,optimal,
src/trading/market_inspector.py,126,MarketInspector.last_scan_ts,O(1),O(1),-,periodic,optimal,
src/trading/market_inspector.py,129,MarketInspector._analyze_tf,O(n*20),O(n),len(candles) for that symbol/timeframe,periodic,O(n),Local BB/z math is only O(20); the cost is detect_landing_strip_v2 over the FULL candle list.
src/trading/market_inspector.py,174,MarketInspector._score_market,O(t),O(t),timeframes analyzed (<= 3),periodic,optimal,"Five separate passes over per_tf, but t is bounded by 3."
src/trading/market_inspector.py,248,MarketInspector._pearson,O(n),O(1),len(xs),periodic,optimal,Three generator-expression passes; no intermediate lists materialized.
src/trading/market_inspector.py,263,MarketInspector._returns,O(n),O(n),len(closes),periodic,optimal,
src/trading/market_inspector.py,272,MarketInspector._find_opposing_pairs,O(s^2*w),O(s^2),"s = signals, w = 30-day return window",periodic,optimal,r_l is recomputed for every short inside the inner loop; hoisting it saves a |shorts| factor.
src/trading/market_inspector.py,308,MarketInspector.scan_universe,O(m*t*n*20),O(m),m markets x t timeframes x n candles,periodic,O(m*t*n),"m*3 calls into _analyze_tf, then a full all-pairs O(m^2*30) correlation sweep in _find_opposing_pairs."
src/trading/market_inspector.py,343,MarketInspector.get_signal,O(s),O(1),markets in the last scan,periodic,O(1),Linear scan per lookup; a symbol -> MarketSignal dict built during scan_universe would be O(1).
src/trading/market_inspector.py,359,get_shared_inspector,O(1),O(1),-,startup,optimal,"Lazy global singleton; not thread-guarded, so a race could construct two instances."
src/trading/mr_inspector.py,101,MRInspector.__init__,O(1),O(1),-,startup,optimal,
src/trading/mr_inspector.py,111,MRInspector.scan,O(len(candles)),O(len(candles)),len(candles),per-candle,O(1) amortized,"Layer 1 is a fixed 20-window, but detect_landing_strip_v2 walks the FULL list (Heikin-Ashi + norm arrays) — the dominant term."
src/trading/mr_inspector.py,221,MRInspector.get_state,O(1),O(1),-,periodic,optimal,
src/trading/mr_inspector.py,224,MRInspector.stats,O(1),O(1),-,periodic,optimal,@property; len() on a dict is O(1).
src/trading/opportunity_arbiter.py,131,score_candidate,O(1),O(1),-,rare,optimal,Pure arithmetic plus a <=4-element rationale join. No production caller: only capital_arbiter_bridge imports this module.
src/trading/opportunity_arbiter.py,223,rank_candidates,O(C log C),O(C),len(candidates),rare,optimal,Score comprehension is O(C); the sort dominates. key=-score keeps Timsort stability so ties hold input order.
src/trading/opportunity_arbiter.py,263,select_top_n_within_pool,O(C log C),O(C),len(candidates),rare,optimal,"Greedy loop `continue`s past over-capacity candidates instead of breaking, so it always scans the full ranked list."
src/trading/phantom_balance.py,82,tf_rank,O(1),O(1),-,per-candle,optimal,"list.index() scans TIMEFRAME_ORDER, but that list is a fixed 11 entries, so constant"
src/trading/phantom_balance.py,90,is_higher_tf,O(1),O(1),-,per-candle,optimal,
src/trading/phantom_balance.py,112,TradeLock.is_expired,O(1),O(1),-,per-candle,optimal,
src/trading/phantom_balance.py,130,PhantomBalanceBot.__init__,O(1),O(1),-,rare,optimal,VotingEngine() builds a fixed 12-indicator list plus a weights dict copy; constant
src/trading/phantom_balance.py,161,PhantomBalanceBot.rank,O(1),O(1),-,per-candle,optimal,recomputes tf_rank on every access; no cached rank field
src/trading/phantom_balance.py,165,PhantomBalanceBot.candle_seconds,O(1),O(1),-,per-candle,optimal,
src/trading/phantom_balance.py,169,PhantomBalanceBot.start,O(S),O(1),S = registered event-bus subscriber patterns,rare,optimal,bus.emit walks every subscriber pattern under a lock; task creation itself is O(1)
src/trading/phantom_balance.py,180,PhantomBalanceBot.stop,O(1),O(1),-,rare,optimal,"awaits cancellation; the unwind cost belongs to _run_loop, not this frame"
src/trading/phantom_balance.py,191,PhantomBalanceBot._run_loop,O(k*I*n),O(n),k = loop iterations until stop; I = 12 indicators; n = 100 candles per tick,periodic,optimal,"cost is k repetitions of _tick; sleeps min(candle_seconds,60) so k ~= runtime/60s"
src/trading/phantom_balance.py,208,PhantomBalanceBot._tick,O(I*n),O(n),"n = len(candles), capped at 100 by limit=100; I = 12 indicators",per-candle,optimal,"compute_all runs 12 indicators, each a full pass over the window; candles_from_raw allocates n Candles"
src/trading/phantom_balance.py,271,PhantomBalanceBot.get_status,O(1),O(1),-,per-paint,optimal,
src/trading/phantom_balance.py,309,TimeframeCoordinator.__init__,O(1),O(1),-,startup,optimal,
src/trading/phantom_balance.py,316,TimeframeCoordinator.register_phantom,O(1),O(1),-,rare,optimal,
src/trading/phantom_balance.py,319,TimeframeCoordinator.unregister_phantom,O(1),O(1),-,rare,optimal,
src/trading/phantom_balance.py,322,TimeframeCoordinator.get_phantoms_for_parent,O(P),O(H),P = all registered phantoms globally; H = phantoms for this parent,per-candle,O(H) with a parent_bot_id -> phantom-list index,full scan of the global registry to answer a per-parent question; 35 bots x 5 TFs = 175 entries scanned
src/trading/phantom_balance.py,328,TimeframeCoordinator.get_phantom_by_timeframe,O(P),O(1),P = all registered phantoms globally,rare,"O(1) with a (parent_bot_id, timeframe) keyed dict",
src/trading/phantom_balance.py,337,TimeframeCoordinator.create_lock,O(S),O(1),S = registered event-bus subscriber patterns,rare,optimal,list append is amortized O(1); the dominant cost is bus.emit's subscriber scan
src/trading/phantom_balance.py,370,TimeframeCoordinator.is_locked,O(L),O(L),L = len(self._locks),per-candle,O(1) amortized with locks bucketed by direction and lazy expiry,"_cleanup_expired reallocates the entire lock list on every check, even when nothing expired"
src/trading/phantom_balance.py,385,TimeframeCoordinator.get_active_locks,O(L),O(L),L = len(self._locks),per-paint,optimal,_cleanup_expired allocates a second list before the dict comprehension allocates a third
src/trading/phantom_balance.py,398,TimeframeCoordinator.tick_candle,O(L),O(L),L = len(self._locks),per-candle,optimal,"space comes from _cleanup_expired's list rebuild, not from the decrement loop"
src/trading/phantom_balance.py,409,TimeframeCoordinator._cleanup_expired,O(L),O(L),L = len(self._locks),per-candle,O(1) amortized with lazy expiry checked at read time,builds a fresh list every call regardless of whether anything expired
src/trading/phantom_balance.py,422,TimeframeCoordinator.get_higher_tf_bias,O(P),O(H),P = all registered phantoms globally; H = higher-TF phantoms for this parent,per-candle,O(H) with a parent-indexed registry,the weighting pass is O(H); the O(P) term is get_phantoms_for_parent's global scan
src/trading/phantom_balance.py,502,TimeframeCoordinator.get_multi_tf_summary,O(P + H*(L + G)),O(H*G),H = phantoms for parent; L = active locks; G = signals per summary (12),per-paint,O(P + H*G + L) by hoisting get_active_locks() out of the loop,"get_active_locks() is re-called once per phantom, re-running expiry cleanup and rebuilding the lock list H times"
src/trading/phantom_balance.py,558,PhantomBalanceManager.__init__,O(1),O(1),-,startup,optimal,
src/trading/phantom_balance.py,562,PhantomBalanceManager.create_phantom_set,O(T log T),O(T),T = len(timeframes),rare,optimal,sorted(key=tf_rank) does T list.index calls; max_rank reads timeframes[-1] of the UNSORTED input
src/trading/phantom_balance.py,606,PhantomBalanceManager.start_all,O(T*S),O(T),T = phantoms in the set; S = event-bus subscriber patterns,rare,O(T*S) wall-clock reducible via asyncio.gather,sequential awaits; each start() creates a task and emits a bus event
src/trading/phantom_balance.py,610,PhantomBalanceManager.stop_all,O(T),O(1),T = phantoms in the set,rare,O(T) wall-clock reducible via asyncio.gather,"sequential awaits, each blocking on one task cancellation"
src/trading/phantom_balance.py,614,PhantomBalanceManager.get_phantoms,O(1),O(1),-,rare,optimal,"returns the internal list by reference, not a copy"
src/trading/phantom_balance.py,617,PhantomBalanceManager.remove_set,O(T),O(1),T = phantoms in the set,rare,optimal,
src/trading/poa_tournament.py,168,DynamicEventScheduler.__init__,O(1),O(1),-,rare,optimal,
src/trading/poa_tournament.py,174,DynamicEventScheduler.schedule,O(C),O(1),C = n_candles,rare,optimal,Event count is a fixed <=5; the C term is only pick_tick's worst-case fallback scan. Final sort is over <=5 items.
src/trading/poa_tournament.py,189,DynamicEventScheduler.schedule.pick_tick,O(C),O(1),C = n_candles,rare,optimal,"20 random retries, then a linear scan of range(lo,hi+1) for an unused tick; used_ticks is a set so membership is O(1)."
src/trading/poa_tournament.py,295,SettlementAdapter.settle,O(1),O(1),-,rare,optimal,"Protocol declaration; body is Ellipsis, never executed."
src/trading/poa_tournament.py,304,LocalACRVAdapter.__init__,O(1),O(1),-,rare,optimal,
src/trading/poa_tournament.py,307,LocalACRVAdapter.settle,O(1),O(1),-,rare,optimal,Both branches build a fixed-size dict; the ledger path is currently a stub with no ledger call.
src/trading/poa_tournament.py,341,Tournament.ttype,O(1),O(1),-,rare,optimal,
src/trading/poa_tournament.py,344,Tournament.to_dict,O(R*P + E),O(R*P + E),"R = rounds, P = participants, E = events",rare,optimal,"asdict() deep-copies recursively; each RoundResult holds a full P-entry standings list, so rounds dominate."
src/trading/poa_tournament.py,382,TournamentEngine.__init__,O(1),O(1),-,startup,optimal,"mkdir(parents=True) is a syscall, not free, but constant in the inputs."
src/trading/poa_tournament.py,394,TournamentEngine.build_duel,O(C),O(1),C = n_candles (60),rare,optimal,Entire cost is _build -> DynamicEventScheduler.schedule.
src/trading/poa_tournament.py,408,TournamentEngine.build_melee,O(C),O(P),C = n_candles (120),rare,optimal,_hash_seed joins P+1 strings (O(P)); C dominates since P is capped at 8.
src/trading/poa_tournament.py,425,TournamentEngine.build_gauntlet,O(N),O(N),N = len(npc_sequence),rare,optimal,"n_candles is derived as 40*N, so the scheduler's O(C) is itself O(N); the any() validation is a second O(N) pass."
src/trading/poa_tournament.py,448,TournamentEngine._build,O(C),O(P + E),C = n_candles,rare,optimal,"Cost is entirely the scheduler; participants list is stored by reference, not copied."
src/trading/poa_tournament.py,464,TournamentEngine.run,O(C*P),O(R*P),"C = n_candles, P = participants",rare,optimal,Cost is the dispatched format runner; _compute_outcome adds O(P log P) and _persist writes the whole to_dict().
src/trading/poa_tournament.py,529,TournamentEngine._run_duel,O(C*P),O(P),"C = n_candles, P = participants (2)",rare,optimal,"_tick_participant fires verify_hit on ~15% of ticks; final standings sort is O(P log P), negligible at P=2."
src/trading/poa_tournament.py,554,TournamentEngine._run_melee,O(C*P),O(R*P),"C = n_candles, P = participants",rare,optimal,Iterates all participants every tick even after elimination; each of the C/round_size boundaries re-sorts all P twice.
src/trading/poa_tournament.py,600,TournamentEngine._run_gauntlet,O(C),O(N),C = n_candles (= 40*N),rare,optimal,"Only two participants tick per candle regardless of N, so no P factor; next() scan for the challenger is O(P) once."
src/trading/poa_tournament.py,637,TournamentEngine._tick_participant,O(1),O(1),-,per-candle,optimal,Function-local import of verify_hit on trade ticks (sys.modules-cached after first); verify_hit's own cost is attributed to it.
src/trading/poa_tournament.py,668,TournamentEngine._tick_npc,O(1),O(1),-,per-candle,optimal,Constructs a fresh seeded random.Random every call; seeding is constant but not free.
src/trading/poa_tournament.py,679,TournamentEngine._apply_event,O(P),O(P),P = participants,per-candle,optimal,"MARKET_SHOCK re-seeds random.Random(ev.event_id) INSIDE the participant loop, so every participant draws the identical gauss."
src/trading/poa_tournament.py,737,TournamentEngine._compute_outcome,O(P log P),O(P + E),"P = participants, E = events",rare,optimal,asdict() on config/season plus json.dumps(sort_keys) + sha256 over the full event list and standings.
src/trading/poa_tournament.py,783,TournamentEngine._persist,O(R*P + E),O(R*P + E),"R = rounds, P = participants",rare,optimal,Cost is to_dict()'s recursive asdict plus a json.dump of the same size; wrapped so disk failure never raises.
src/trading/poa_tournament.py,795,TournamentEngine.stats,O(1),O(1),-,rare,optimal,
src/trading/poa_tournament.py,806,_events_by_tick,O(E),O(E),E = len(events),rare,optimal,
src/trading/poa_tournament.py,813,_hash_seed,O(k),O(k),k = total characters across the item labels,rare,optimal,parts list plus the '|'.join both hold the full material before hashing.
src/trading/poa_tournament.py,827,_synthetic_candles,O(C),O(C),C = n_candles,rare,optimal,Materialises the whole price series up front and closes over it.
src/trading/poa_tournament.py,837,_synthetic_candles.provider,O(1),O(1),-,per-candle,optimal,"Advances the shared closure rng on each call, so re-asking for the same tick yields different high/low values."
src/trading/poa_tournament.py,853,make_bot_participant,O(1),O(1),-,rare,optimal,
src/trading/poa_tournament.py,867,make_npc_participant,O(1),O(1),-,rare,optimal,
src/trading/profit_fold.py,45,apply_profit_fold,O(1),O(1),-,per-candle,optimal,Pure scalar arithmetic; no allocation beyond the returned 2-tuple
src/trading/reconciliation.py,87,TradeJournal.__init__,O(B),O(E),bytes in the last 3 journal files,startup,optimal,Cost is _load_recent(); mkdir is constant.
src/trading/reconciliation.py,94,TradeJournal.record,O(M),O(M),M = self._max_memory (10000),per-trade,O(1) amortized,"Once at cap, self._entries[-M:] copies all 10000 entries on EVERY record; a collections.deque(maxlen=M) is O(1)."
src/trading/reconciliation.py,106,TradeJournal.record_from_trade,O(M + G),O(M),"M = memory cap, G = ta_summary signals",per-trade,O(G),Dominated by record()'s trim-slice; the signal loop itself is O(G) over a handful of indicators.
src/trading/reconciliation.py,151,TradeJournal.get_entries,O(E + R*f),O(R*f),"entries scanned E, rows returned R, fields f",per-request,optimal,asdict() deep-copies each matched entry including its ta_signals dict; the time cutoff does break early.
src/trading/reconciliation.py,168,TradeJournal.get_statistics,O(E),O(E),len(self._entries),per-request,optimal,"Four separate full passes (action counts, two set() builds, pnl sum); the two sets can each hold E elements."
src/trading/reconciliation.py,188,TradeJournal._write_entry,O(f),O(f),fields on JournalEntry,per-trade,optimal,asdict() recursively deep-copies the entry; opens and closes the daily file on every single write.
src/trading/reconciliation.py,200,TradeJournal._load_recent,O(B),O(E),bytes across the last 3 journal files,startup,optimal,Field filter uses __dataclass_fields__ dict membership — O(1) per key; glob+sort is over the whole journal dir.
src/trading/reconciliation.py,231,ReconciliationEngine.__init__,O(1),O(1),-,startup,optimal,
src/trading/reconciliation.py,234,ReconciliationEngine.reconcile,O(K),O(K),open orders on the exchange,periodic,optimal,"local_order_ids is always empty (v3.20.4 removal), so every open order becomes an OrphanedOrder — O(K) space, not O(1)."
src/trading/reconciliation.py,300,ReconciliationEngine.cancel_orphaned,O(1),O(1),-,rare,optimal,One network round-trip; no local iteration.
src/trading/reconciliation.py,311,ReconciliationEngine._recommend_action,O(1),O(1),-,periodic,optimal,
src/trading/reconciliation.py,326,ReconciliationEngine.get_latest_result,O(R + P),O(P),"results scanned R, orphans in match P",per-request,optimal,Builds a fresh dict per orphan; _results is never trimmed so R grows unbounded over a session.
src/trading/reconciliation.py,352,CrashRecovery.__init__,O(1),O(1),-,startup,optimal,
src/trading/reconciliation.py,358,CrashRecovery.save_snapshot,O(B*f),O(B*f),"number of bots B, status fields f",periodic,optimal,"30 s interval gate makes the common call O(1); on a real save, list_bots() + json.dump serialize every bot."
src/trading/reconciliation.py,378,CrashRecovery.load_snapshot,O(Z),O(Z),bytes of last_snapshot.json,startup,optimal,
src/trading/reconciliation.py,390,CrashRecovery.get_recovery_info,O(Z + J),O(Z + J),"snapshot bytes Z, journal files J",per-request,optimal,glob is materialized into a list purely to take len().
src/trading/risk_manager.py,95,get_correlation,O(1),O(1),-,periodic,optimal,sorted() is over a 2-element list; lookup is a dict hit on a tuple key
src/trading/risk_manager.py,168,RiskManager.__init__,O(1),O(1),-,startup,optimal,replace() over the fixed 7-entry DEFAULT_RULES gives per-instance rule copies
src/trading/risk_manager.py,190,RiskManager.rules,O(1),O(1),-,periodic,optimal,Returns the live dict by reference — callers can mutate rule state
src/trading/risk_manager.py,194,RiskManager.alerts,O(A),O(A),A = stored alerts (capped at 1000),periodic,optimal,list() makes a defensive shallow copy of up to 1000 entries on every access
src/trading/risk_manager.py,198,RiskManager.snapshots,O(S),O(S),S = stored snapshots (capped at 8640),periodic,optimal,Defensive copy of up to 8640 snapshot objects per access
src/trading/risk_manager.py,202,RiskManager.enabled,O(1),O(1),-,periodic,optimal,
src/trading/risk_manager.py,206,RiskManager.enabled,O(1),O(1),-,rare,optimal,Property setter
src/trading/risk_manager.py,209,RiskManager.set_rule,O(1),O(1),-,rare,optimal,
src/trading/risk_manager.py,223,RiskManager.evaluate,O(S + A^2 + B),O(S),"S = stored snapshots (<=8640), A = distinct assets, B = bots",periodic,O(B + A^2),"Rapid-loss rescans and copies all snapshots each call, and the cap trim reslices 8640 entries; a deque + running index fixes both"
src/trading/risk_manager.py,341,RiskManager._build_snapshot,O(B),O(A + E),"B = bots, A = distinct assets, E = distinct exchanges",periodic,optimal,bm.list_bots() itself materializes a B-element list of status dicts before this loop runs
src/trading/risk_manager.py,387,RiskManager._find_correlated_groups,O(A^2),O(A^2),A = distinct assets with exposure,periodic,optimal,Output is per-pair so quadratic is inherent; the i>=j guard already halves the work but both loops still run fully
src/trading/risk_manager.py,408,RiskManager._trigger_rule,O(A),O(A),A = stored alerts (capped at 1000),periodic,O(1),"Once at the cap, self._alerts[-1000:] reslices 1000 entries on every trigger; a deque(maxlen) would be O(1)"
src/trading/risk_manager.py,443,RiskManager.get_status,O(A),O(A),A = stored alerts (capped at 1000),periodic,optimal,Two passes over recent alerts (list comp then sum); rules dict comp is over a fixed 7 rules
src/trading/scrumming_bot.py,102,is_usd_stable_quote,O(1),O(1),-,per-candle,optimal,frozenset membership; .upper() on a 3-5 char currency code
src/trading/scrumming_bot.py,137,_build_panel_snapshot,O(S),O(S),len(summary.signals) - 7-8 indicators,per-trade,optimal,"inner loop over 3 fixed detail keys is O(1) dict lookups, not a hidden scan"
src/trading/scrumming_bot.py,176,_extract_signal_detail,O(S),O(1),len(summary.signals),per-candle,O(1),linear scan per call; tick() calls it 4x per tick - an indicator->Signal dict would make it O(1)
src/trading/scrumming_bot.py,253,ScrummingBot.__init__,O(1),O(1),-,startup,optimal,TF list-comp filters a fixed 6-element list; both GateChains are fixed-size constructions
src/trading/scrumming_bot.py,771,ScrummingBot.set_smart_wire,O(1),O(1),-,startup,optimal,
src/trading/scrumming_bot.py,775,ScrummingBot.get_swos_inputs,O(1),O(1),-,per-trade,optimal,
src/trading/scrumming_bot.py,825,ScrummingBot.note_scrum_retention_usd,O(1),O(1),-,per-trade,optimal,
src/trading/scrumming_bot.py,834,ScrummingBot.reset_swos_cycle,O(1),O(1),-,per-trade,optimal,
src/trading/scrumming_bot.py,839,ScrummingBot.set_market_pairs_scout,O(1),O(1),-,startup,optimal,
src/trading/scrumming_bot.py,857,ScrummingBot.get_target_asset_pairs,O(P),O(P),pairs the scout tracks for this asset,rare,optimal,all cost is in MarketPairsScout.pairs_for; no call sites found in src/ - currently dead
src/trading/scrumming_bot.py,885,ScrummingBot._compute_reservation_qty,O(1),O(1),-,per-candle,optimal,
src/trading/scrumming_bot.py,924,ScrummingBot._get_cached_exchange_balance,O(1),O(1),-,per-candle,optimal,"dict-cached with 60s TTL; a miss costs one exchange round-trip (network, not CPU)"
src/trading/scrumming_bot.py,956,ScrummingBot._ensure_capital_reservation,O(1),O(1),-,per-candle,optimal,"local work O(1); real cost is the CapitalReservationRegistry reserve/update/heartbeat call, every tick"
src/trading/scrumming_bot.py,1052,ScrummingBot._release_capital_reservation,O(1),O(1),-,rare,optimal,
src/trading/scrumming_bot.py,1075,ScrummingBot.set_bot_manager,O(1),O(1),-,startup,optimal,
src/trading/scrumming_bot.py,1086,ScrummingBot.set_target_balance_live,O(1),O(1),-,rare,optimal,
src/trading/scrumming_bot.py,1238,ScrummingBot._apply_fold_target_growth,O(1),O(1),-,per-trade,optimal,
src/trading/scrumming_bot.py,1349,ScrummingBot.set_visibility_live,O(1),O(1),-,rare,optimal,
src/trading/scrumming_bot.py,1383,ScrummingBot.set_aggressive_live,O(1),O(1),-,rare,optimal,
src/trading/scrumming_bot.py,1408,ScrummingBot.set_hedge_balance_live,O(1),O(1),-,rare,optimal,
src/trading/scrumming_bot.py,1480,ScrummingBot._route_scrum_proceeds_via_wires,O(W*T),O(W),"W = outgoing wires, T = tranches on each target bot",per-trade,optimal,per-wire apply_wire_income walks the target's tranche list; also appends one WireTransaction per wire
src/trading/scrumming_bot.py,1633,ScrummingBot.apply_wire_income,O(T),O(T),len(_fold_tranches),per-trade,optimal,appends a wire_credits dict to EVERY tranche; that provenance list grows unbounded across wire events
src/trading/scrumming_bot.py,1835,ScrummingBot._emit_trade_notification,O(1),O(1),-,per-trade,optimal,
src/trading/scrumming_bot.py,1911,ScrummingBot.manual_fire_tranche,O(T),O(1),len(_fold_tranches),rare,optimal,list.remove plus a full sum over tranches; dominant wall cost is _execute_buy's exchange round-trips
src/trading/scrumming_bot.py,1960,ScrummingBot.manual_fire_tranche._ManualTrancheSummary.__repr__,O(1),O(1),-,rare,optimal,returns a constant string
src/trading/scrumming_bot.py,2059,ScrummingBot._absorb_pending_wire_credits_into,O(L),O(L),len(_pending_wire_ledger),per-trade,optimal,list.extend copies the whole pending ledger into the new tranche
src/trading/scrumming_bot.py,2086,ScrummingBot.update_phantom_config,O(F),O(F),len(phantom_timeframes) - 6 by default,rare,optimal,rebuilds the _EXCHANGE_UNSUPPORTED_TFS dict literal on each call (constant size)
src/trading/scrumming_bot.py,2160,ScrummingBot.tick_interval,O(1),O(1),-,per-candle,optimal,property returning a literal
src/trading/scrumming_bot.py,2164,ScrummingBot.coordinator,O(1),O(1),-,per-candle,optimal,
src/trading/scrumming_bot.py,2168,ScrummingBot.last_voting_summary,O(1),O(1),-,per-paint,optimal,"returns the live reference, not a copy"
src/trading/scrumming_bot.py,2175,ScrummingBot.scrum_target_mode,O(1),O(1),-,per-paint,optimal,
src/trading/scrumming_bot.py,2181,ScrummingBot._get_ticker,O(1),O(1),-,per-candle,optimal,MarketDataPool coalesces on a 5s TTL; a miss is one exchange round-trip
src/trading/scrumming_bot.py,2213,ScrummingBot._get_ohlcv,O(limit),O(limit),"limit - candles requested, 100 at every call site",per-candle,optimal,"pool-coalesced per (exchange,symbol,TF); a miss transfers and parses `limit` candles"
src/trading/scrumming_bot.py,2242,ScrummingBot._get_balance,O(1),O(1),-,per-candle,optimal,pool-coalesced on a 10s window; fallback calls the exchange directly (v3.23.96 self-recursion fix)
src/trading/scrumming_bot.py,2263,ScrummingBot._invalidate_balance,O(1),O(1),-,per-trade,optimal,
src/trading/scrumming_bot.py,2283,ScrummingBot._refresh_quote_to_usd,O(1),O(1),-,per-candle,optimal,returns at once for USD-stable quotes; crypto quotes throttle the ticker fetch to once per 30s
src/trading/scrumming_bot.py,2334,ScrummingBot._to_usd,O(1),O(1),-,per-candle,optimal,
src/trading/scrumming_bot.py,2345,ScrummingBot._from_usd,O(1),O(1),-,per-candle,optimal,
src/trading/scrumming_bot.py,2367,ScrummingBot._check_circuit_breakers,O(1),O(1),-,per-candle,optimal,receives the full candle list but only reads candles[-1]; no scan
src/trading/scrumming_bot.py,2503,ScrummingBot.self_destruct,O(1),O(1),-,rare,optimal,list rebinds free O(L+T) of dicts; wall cost is the balance fetch plus the market-sell round-trip
src/trading/scrumming_bot.py,2790,ScrummingBot.reset_circuit_breaker,O(1),O(1),-,rare,optimal,applied list holds at most 3 strings
src/trading/scrumming_bot.py,2845,ScrummingBot._bb_detect_thresholds,O(1),O(1),-,per-candle,optimal,"called twice per tick (pre-skew and ripe-harvest); recomputed, not cached"
src/trading/scrumming_bot.py,2881,ScrummingBot._update_opposing_hysteresis_state,O(1),O(1),-,per-candle,optimal,"emits only on arm/disarm transitions, so the bus write is not paid every tick"
src/trading/scrumming_bot.py,2999,ScrummingBot._reset_opposing_hysteresis_after_fill,O(1),O(1),-,per-trade,optimal,
src/trading/scrumming_bot.py,3015,ScrummingBot.position_value_usd,O(1),O(1),-,per-paint,optimal,
src/trading/scrumming_bot.py,3031,ScrummingBot.armed_action,O(1),O(1),-,per-paint,optimal,
src/trading/scrumming_bot.py,3112,ScrummingBot.position_ceiling_usd,O(1),O(1),-,per-candle,optimal,
src/trading/scrumming_bot.py,3128,ScrummingBot.ceiling_ratio,O(1),O(1),-,per-candle,optimal,"delegates to position_ceiling_usd, itself O(1)"
src/trading/scrumming_bot.py,3150,ScrummingBot.fold_rate_taper,O(1),O(1),-,per-candle,optimal,each read re-evaluates ceiling_ratio -> position_ceiling_usd; the fold path reads it up to 3x
src/trading/scrumming_bot.py,3213,ScrummingBot.export_scrumming_state,O(L+T),O(L+T),"L = len(_main_lots), T = len(_fold_tranches)",periodic,optimal,"dict(lot)/dict(t) shallow-copy every entry; nested wire_credits lists are shared, not copied"
src/trading/scrumming_bot.py,3329,ScrummingBot.import_scrumming_state,O(L+T),O(L+T),"L = restored main_lots, T = restored fold_tranches",startup,optimal,two copy list-comps plus two full sums over the restored collections
src/trading/scrumming_bot.py,3607,ScrummingBot.force_fire,O(1),O(1),-,rare,optimal,
src/trading/scrumming_bot.py,3654,ScrummingBot.refresh_exchange_position_health,O(M+Y+K),O(M+Y),"M = fills in one 500-page, Y = YTD fills, K = open orders",periodic,optimal,throttled to 1 per 300s; the nested sync_ytd_trade_count (up to 12 pages of 500) dominates
src/trading/scrumming_bot.py,3781,ScrummingBot.sync_ytd_trade_count,O(Y),O(Y),Y = YTD fills scanned (<=12 windows x 500),periodic,optimal,holds a set of every YTD trade id for dedup - memory grows with the bot's lifetime fill count
src/trading/scrumming_bot.py,3917,ScrummingBot.bootstrap_exchange_state,O(L+Y),O(Y),"L = len(_main_lots), Y = YTD fills",startup,optimal,forces refresh_exchange_position_health + sync_ytd_trade_count; those dominate the O(L) lot sum
src/trading/scrumming_bot.py,4054,ScrummingBot._pre_buy_allowed,O(1),O(1),-,rare,optimal,no call sites remain in src/ - the Layer-1/Layer-2 checks now live inline in _execute_buy
src/trading/scrumming_bot.py,4160,ScrummingBot._emit_risk_gate_snapshot,O(G+S),O(G+S),"G = gates in the chain result, S = signals in summary",per-candle,optimal,"returns before building the panel when no risk gate blocked, so O(S) is paid only on risk-blocked ticks"
src/trading/scrumming_bot.py,4237,ScrummingBot._emit_trade_fire_snapshot,O(S),O(S),S = signals in summary,per-trade,optimal,sorted() over decision_extra is a 3-key sort
src/trading/scrumming_bot.py,4294,ScrummingBot._emit_voting_panel_snapshot_at_fire,O(S*D),O(S*D),"S = signals, D = keys in each signal's details dict",per-trade,optimal,dataclasses.asdict recursively deep-copies the whole VotingSummary including every per-signal details dict
src/trading/scrumming_bot.py,4340,ScrummingBot._emit_gate_decision_at_fire,O(T+K+B),O(T+K+B),"T = fold tranches, K = stack tranches, B = blocker strings",per-trade,optimal,copies both blocker lists and calls _tranche_snapshot (O(T+K)) and _compounding_snapshot (O(1))
src/trading/scrumming_bot.py,4415,ScrummingBot._tranche_snapshot,O(T+K),O(T+K),"T = len(_fold_tranches), K = len(_stack_tranches)",per-trade,optimal,"list() copies both lists, then five separate passes over fold (2 sums, refs comp, min, max)"
src/trading/scrumming_bot.py,4464,ScrummingBot._compounding_snapshot,O(1),O(1),-,per-trade,optimal,
src/trading/scrumming_bot.py,4500,ScrummingBot.tick,O(C*I),O(C),"C = candles fetched (100), I = indicators (~8); also T tranches, L main lots",per-candle,optimal,TA over 100 candles dominates; fold path adds O(T log T) tranche sort + O(L log L) lot sort; slices copy
src/trading/scrumming_bot.py,8544,ScrummingBot._reconcile_holdings,O(L),O(L),len(_main_lots),periodic,optimal,drift-down path rescales every lot then rebuilds the list; drift-up path is O(1)
src/trading/scrumming_bot.py,8682,ScrummingBot._execute_manual_rebalance,O(L^2 + T^2),O(L+T),"L = len(_main_lots), T = len(_fold_tranches)",rare,O(L log L + T log T),list.remove(lot) in the SCRUM loop and list.remove(t) over `consumed` in the FOLD loop are both quadratic
src/trading/scrumming_bot.py,8800,ScrummingBot._execute_manual_rebalance._ManualSummary.__repr__,O(1),O(1),-,rare,optimal,returns a constant string
src/trading/scrumming_bot.py,9246,ScrummingBot._check_detonation_trigger,O(C*I),O(C),"C = higher-TF candles fetched (100), I = indicators",periodic,optimal,rate-limited to one full higher-TF TA pass per hour; builds a fresh VotingEngine each call
src/trading/scrumming_bot.py,9340,ScrummingBot._execute_detonation,O(W*T),O(1),"W = outgoing wires, T = tranches on each target bot",rare,optimal,cost is _route_scrum_proceeds_via_wires; the local clear/rebuild of lots and tranches is O(L+T)
src/trading/scrumming_bot.py,9539,ScrummingBot._open_stack_from_scrum,O(N),O(N),N = stack_tranche_count_target,per-trade,optimal,"Visible mode issues one sequential exchange order per tranche - N round-trips, not one"
src/trading/scrumming_bot.py,9648,ScrummingBot._reconcile_stack_tranches_visible,O(K+O),O(K+O),"K = stack tranches, O = open orders returned",per-candle,optimal,open_ids is a set so membership is O(1); one get_order round-trip per tranche that left the book
src/trading/scrumming_bot.py,9722,ScrummingBot._reconcile_stack_tranches_invisible,O(K),O(1),K = len(_stack_tranches),per-candle,optimal,each crossed tranche triggers a full _execute_sell inside the loop
src/trading/scrumming_bot.py,9769,ScrummingBot._execute_sell,O(O),O(1),O = open orders returned by the P0b guard fetch,per-trade,optimal,appends to _memorised_trades on every fill and nothing prunes it - unbounded lifetime growth
src/trading/scrumming_bot.py,10127,ScrummingBot._verify_buy_safe_or_refuse,O(L),O(1),len(_main_lots),per-trade,optimal,O(L) sum locally; the delegated buy_safety helper does the exchange balance fetch
src/trading/scrumming_bot.py,10179,ScrummingBot._execute_buy,O(L+O),O(1),"L = len(_main_lots), O = open orders returned",per-trade,optimal,two full lot sums (verify helper + ceiling units); same unbounded _memorised_trades append as _execute_sell
src/trading/scrumming_bot.py,10725,ScrummingBot.memorize_to_grid,O(B*S),O(B+S),"B = buys, S = sells in _memorised_trades",rare,O((B+S) log(B+S)),"nested nearest-higher-sell scan; _memorised_trades never prunes, so this degrades over bot lifetime"
src/trading/scrumming_bot.py,10769,ScrummingBot._main_lots_invariant_ok,O(L),O(1),len(_main_lots),rare,optimal,
src/trading/scrumming_bot.py,10783,ScrummingBot._main_lots_summary,O(L+T),O(1),"L = len(_main_lots), T = len(_fold_tranches)",rare,optimal,"four separate passes over lots (sum, min, max, invariant) and three over tranches"
src/trading/scrumming_bot.py,10802,ScrummingBot.get_multi_tf_summary,O(P),O(P),P = phantom bots registered for this parent,per-paint,optimal,cost is TimeframeCoordinator.get_multi_tf_summary
src/trading/scrumming_bot.py,10806,ScrummingBot.get_phantom_statuses,O(P),O(P),P = phantom bots for this parent (<=6),per-paint,optimal,"one get_status() dict built per phantom, per call"
src/trading/scrumming_bot.py,10816,ScrummingBot.stop,O(P),O(1),P = phantom bots for this parent,rare,optimal,stop_all + remove_set each walk the phantom set
src/trading/sim_run_log.py,76,_default_sim_log_root,O(1),O(1),-,startup,optimal,
src/trading/sim_run_log.py,93,_utc_iso,O(1),O(1),-,per-candle,optimal,Called once per logged row (trade and gate paths both).
src/trading/sim_run_log.py,123,SimRunLog.start_run,O(c),O(c),len(config) serialized size,rare,optimal,Cost is _write_meta's json.dumps of the copied config dict; mkdir/uuid are O(1).
src/trading/sim_run_log.py,160,SimRunLog.finish_run,O(b + e),O(b + e),"b = buffered rows, e = runs in index.json",rare,optimal,Cost is flush() plus _append_index rewriting the whole index file.
src/trading/sim_run_log.py,182,SimRunLog.record_trade,O(1),O(1),-,per-trade,optimal,"Amortized: json.dumps per row in _push, disk write only every flush_every rows. +O(len(extra)) when extra given."
src/trading/sim_run_log.py,220,SimRunLog.record_gate,O(k),O(k),len(scrum_blockers)+len(fold_blockers),per-candle,optimal,"list(...) defensively copies both blocker lists, then _push json-serialises the whole row."
src/trading/sim_run_log.py,250,SimRunLog.attach_to_bot_bus,O(1),O(1),-,startup,optimal,
src/trading/sim_run_log.py,277,SimRunLog._on_bus_gate,O(k),O(k),blockers in the event payload,per-candle,optimal,Cost is the record_gate call it delegates to.
src/trading/sim_run_log.py,286,SimRunLog._push,O(r),O(r),serialized size of one row,per-candle,optimal,"json.dumps per row; flush() triggered once per flush_every pushes, so disk cost is amortized."
src/trading/sim_run_log.py,309,SimRunLog.flush,O(B),O(B),total chars buffered,periodic,optimal,'\n'.join materialises a full second copy of the buffer before writing; writelines(buf) would avoid it.
src/trading/sim_run_log.py,329,SimRunLog._write_meta,O(m),O(m),serialized size of _meta,rare,optimal,
src/trading/sim_run_log.py,339,SimRunLog._append_index,O(e),O(e),runs already in index.json,rare,optimal,"Read-filter-rewrite of the whole index; insert(0,..) shifts every entry and entries[:500] copies."
src/trading/sim_run_log.py,373,SimRunLog.directory,O(1),O(1),-,rare,optimal,
src/trading/sim_run_log.py,378,SimRunLog.is_open,O(1),O(1),-,rare,optimal,
src/trading/sim_run_log.py,382,SimRunLog.trade_count,O(1),O(1),-,rare,optimal,
src/trading/sim_run_log.py,386,SimRunLog.gate_count,O(1),O(1),-,rare,optimal,
src/trading/sim_run_log.py,390,list_runs,O(e),O(e),entries in index.json,per-request,optimal,Parses the entire index then rebuilds a filtered list copy.
src/trading/sim_run_log.py,400,load_run_trades,O(L),O(L),lines in trades.log,per-request,optimal,Cost is _read_ndjson; loads the whole run into memory.
src/trading/sim_run_log.py,408,load_run_gates,O(L),O(L),lines in gates.log,per-request,optimal,Cost is _read_ndjson; loads the whole run into memory.
src/trading/sim_run_log.py,415,_read_ndjson,O(L),O(L),lines in the file,per-request,optimal,Streams line-by-line but accumulates every parsed dict; a generator would make space O(1).
src/trading/sim_validation_guard.py,86,ValidationIssue.describe,O(1),O(1),-,per-trade,optimal,three short string builds; `who +=` rebinds a new string but the count is fixed
src/trading/sim_validation_guard.py,106,ValidationPolicy.strict,O(1),O(1),-,startup,optimal,
src/trading/sim_validation_guard.py,113,ValidationPolicy.permissive,O(1),O(1),-,startup,optimal,
src/trading/sim_validation_guard.py,134,SimValidationGuard.record,O(I),O(1),len(self.issues) accumulated so far,per-trade,O(1) with running tolerated/integrity counters updated on append,"the tolerated_count property re-scans every prior issue, making a full run O(I^2) in the number of recorded issues"
src/trading/sim_validation_guard.py,163,SimValidationGuard._halt,O(1),O(1),-,rare,optimal,
src/trading/sim_validation_guard.py,173,SimValidationGuard.tolerated_count,O(I),O(1),len(self.issues),per-trade,O(1) with a counter maintained by record(),INTEGRITY_ISSUES is a frozenset so each membership test is O(1); the scan itself is the cost
src/trading/sim_validation_guard.py,179,SimValidationGuard.integrity_count,O(I),O(1),len(self.issues),rare,O(1) with a counter maintained by record(),
src/trading/sim_validation_guard.py,184,SimValidationGuard.should_halt,O(1),O(1),-,per-trade,optimal,
src/trading/sim_validation_guard.py,187,SimValidationGuard.counts_by_type,O(I),O(U),len(self.issues); U = distinct issue types (max 5),rare,optimal,
src/trading/sim_validation_guard.py,193,SimValidationGuard.report_lines,O(I),O(U + max_examples),len(self.issues),rare,one O(I) pass instead of three,"three separate full scans (integrity_count, tolerated_count, counts_by_type); the example loop breaks at max_examples"
src/trading/sim_validation_guard.py,231,ScopeResult.total,O(1),O(1),-,rare,optimal,len() on a list is O(1)
src/trading/sim_validation_guard.py,234,ScopeResult.describe,O(1),O(1),-,rare,optimal,
src/trading/sim_validation_guard.py,244,scope_to_validatable_window,O(T),O(T),"len(trades) — ~4,040 for the YTD exchange set",rare,optimal,"every trade is retained in one of the two output lists, so peak memory holds the whole input twice by reference"
src/trading/sim_validation_guard.py,290,validate_trade_event,O(log C),O(1),len(candles) in the Stone Tablet (up to ~61k),per-trade,optimal,"cost is index_for_ts, a bisect over the tablet; the addressing import is module-cached after the first call"
src/trading/sim_validation_guard.py,351,validate_gate_entry,O(1),O(1),"5 required fields, fixed",per-trade,optimal,"`f not in data` is a dict probe, not a list scan; the missing-list comprehension is over 5 fixed names"
src/trading/smart_orders.py,24,_extract_base_asset,O(1),O(1),-,per-trade,optimal,"split(sep, 1) on a short symbol string."
src/trading/smart_orders.py,91,SmartOrderEngine.__init__,O(1),O(1),-,startup,optimal,
src/trading/smart_orders.py,95,SmartOrderEngine.execute,O(cost(strategy)),O(cost(strategy)),slices of the dispatched strategy,per-trade,optimal,"Own work is O(1): reservation pre-flight, one fetch_ticker, one dispatch. All scaling comes from the chosen strategy."
src/trading/smart_orders.py,243,SmartOrderEngine._execute_market,O(1),O(1),-,per-trade,optimal,One create_order round-trip.
src/trading/smart_orders.py,264,SmartOrderEngine._execute_iceberg,O(K),O(K),cfg.iceberg_slices,per-trade,optimal,K network round-trips plus K-1 sleeps of iceberg_delay_ms; wall time is K x (RTT + delay).
src/trading/smart_orders.py,306,SmartOrderEngine._execute_twap,O(K),O(K),cfg.twap_slices,per-trade,optimal,"K orders spread over a fixed twap_duration_seconds window; wall time is constant, work is linear in slices."
src/trading/smart_orders.py,346,SmartOrderEngine._execute_limit_timeout,O(W/2),O(1),cfg.limit_timeout_seconds (poll every 2s),per-trade,O(1) network calls,Polls fetch_order every 2s until the deadline; a fill-notification stream would replace the polling loop entirely.
src/trading/smart_orders.py,413,SmartOrderEngine._choose_strategy,O(1),O(1),-,per-trade,optimal,One fetch_ticker plus fixed-threshold comparisons.
src/trading/smart_wire.py,55,compute_safe_outflow_pct,O(1),O(1),-,per-trade,optimal,"Pure arithmetic, no I/O; recomputed once per scrum event by distribute_fold_profit."
src/trading/smart_wire.py,163,BotLedger.predominant_source,O(P),O(P),provenance entries,periodic,O(P) time / O(1) space,The dict comprehension materializes a filtered copy before max(); a generator into max would drop the copy.
src/trading/smart_wire.py,172,BotLedger.mature_profit_total,O(1),O(1),-,periodic,optimal,
src/trading/smart_wire.py,185,BotLedger.mature_profit_available,O(1),O(1),-,periodic,optimal,
src/trading/smart_wire.py,214,SmartWireManager.__init__,O(1),O(1),-,startup,optimal,
src/trading/smart_wire.py,246,SmartWireManager.attach_bot,O(1),O(1),-,rare,optimal,
src/trading/smart_wire.py,253,SmartWireManager.detach_bot,O(S),O(S),source bots holding wires,rare,O(1) with a reverse target->sources index,list(self._wires.keys()) copies the key set so the map can be mutated while scanning for inbound wires.
src/trading/smart_wire.py,266,SmartWireManager.register_wire,O(1),O(1),-,rare,optimal,
src/trading/smart_wire.py,291,SmartWireManager.unregister_wire,O(1),O(1),-,rare,optimal,"Both membership tests are against dicts, not lists."
src/trading/smart_wire.py,302,SmartWireManager.get_outgoing_wires,O(T),O(T),outgoing wires from source_id,periodic,optimal,dict() builds a defensive copy on every call.
src/trading/smart_wire.py,308,SmartWireManager.export_wires,O(W),O(W),total wires across all sources,periodic,optimal,
src/trading/smart_wire.py,329,SmartWireManager.export_ledgers,O(B*P),O(B*P),ledgers B x provenance entries P,periodic,optimal,dict(ledger.provenance) copies each provenance map; runs on the 60 s save timer.
src/trading/smart_wire.py,359,SmartWireManager.import_ledgers,O(N*P),O(N*P),snapshot rows N x provenance entries P,startup,optimal,The provenance dict comprehension rebuilds a new map per row.
src/trading/smart_wire.py,414,SmartWireManager.import_wires,O(W),O(W),wire rows in the snapshot,startup,optimal,
src/trading/smart_wire.py,439,SmartWireManager.distribute_fold_profit,O(T),O(T),outgoing wires from source_id,per-trade,optimal,Tail summary makes 4 extra full sum() passes over results; foldable into the main loop but still O(T).
src/trading/smart_wire.py,703,SmartWireManager.register_bot,O(1),O(1),-,rare,optimal,
src/trading/smart_wire.py,762,SmartWireManager.primary_provenance_starting_balance,O(P),O(P),provenance entries on the ledger,periodic,O(P) time / O(1) space,"Cost is entirely BotLedger.predominant_source, which copies the filtered provenance map."
src/trading/smart_wire.py,789,SmartWireManager.can_fund_new_bot,O(P),O(P),provenance entries on the ledger,periodic,O(P) time / O(1) space,Dominated by primary_provenance_starting_balance.
src/trading/smart_wire.py,813,SmartWireManager.execute_spawn_wire,O(P),O(P),provenance entries on the funder ledger,rare,O(P) time / O(1) space,Re-runs the can_fund_new_bot gate; the transaction append is amortized O(1).
src/trading/smart_wire.py,858,SmartWireManager.record_profit,O(1),O(1),-,per-trade,optimal,
src/trading/smart_wire.py,866,SmartWireManager.process_wires,O(B*U + B*P),O(W),"bots B, undervalued targets U, provenance entries P",periodic,O(B*P) by pre-filtering undervalued_bots to a set,Phase 1 breaks after one deploy but the target_id filters can scan all U first; Phase 2 pays predominant_source per bot.
src/trading/smart_wire.py,950,SmartWireManager.get_ledger,O(1),O(1),-,periodic,optimal,
src/trading/smart_wire.py,953,SmartWireManager.stats,O(T + B),O(1),"transactions T, ledgers B",periodic,O(1) with running totals,"_transactions is append-only and never pruned, so this scan grows without bound over a long run."
src/trading/stack_math.py,57,Tranche.to_dict,O(1),O(1),-,per-trade,optimal,"Explicit 3-key literal, not dataclasses.asdict."
src/trading/stack_math.py,64,_delta_multiplier,O(1),O(1),-,per-trade,optimal,"Called once per step; 2.0**(i-1) is a float pow, not an integer loop."
src/trading/stack_math.py,84,_apply_merge_rule,O(N),O(N),tranche count,per-trade,optimal,Single left-to-right pass plus a re-index pass; list(tranches) copies on the short-circuit path.
src/trading/stack_math.py,118,_apply_min_order_size,O(N),O(N),tranche count,per-trade,optimal,"tranches[:max_viable_n] is a copying slice, then the comprehension rebuilds every kept Tranche."
src/trading/stack_math.py,146,split_scrum_into_tranches,O(N),O(N),n_target tranches,per-trade,optimal,"Build loop + merge pass + min-size pass + monotonicity assert loop, all linear; asserts vanish under python -O."
src/trading/stone_tablets/addressing.py,92,CandleAddress.__str__,O(1),O(1),-,per-trade,optimal,Delegates to format_address; re-formats on every call rather than caching on the frozen dataclass.
src/trading/stone_tablets/addressing.py,96,CandleAddress.text,O(1),O(1),-,per-trade,optimal,Cost is __str__ -> format_address.
src/trading/stone_tablets/addressing.py,100,format_address,O(1),O(1),-,per-trade,optimal,"Ticker is a short token, so upper()/strip() are effectively constant."
src/trading/stone_tablets/addressing.py,115,parse_address,O(L),O(1),L = len(address string),per-trade,optimal,Anchored regex over a precompiled pattern; no backtracking risk.
src/trading/stone_tablets/addressing.py,125,ticker_from_symbol,O(L),O(L),L = len(symbol),per-trade,optimal,"strip/upper/split each allocate a new string, but symbols are a handful of chars."
src/trading/stone_tablets/addressing.py,131,index_for_ts,O(log R),O(1),"R = rows (candles) in the tablet, up to ~61k",per-trade,optimal,"Hand-rolled rightmost-<= bisect; no slicing, so no copies."
src/trading/stone_tablets/addressing.py,162,address_for_ts,O(log R),O(1),R = rows in the tablet,per-trade,optimal,Cost is index_for_ts; format_address and ticker_from_symbol are O(1).
src/trading/stone_tablets/addressing.py,173,ts_for_index,O(1),O(1),-,per-trade,optimal,
src/trading/stone_tablets/addressing.py,184,verify_addressing_stable,O(1),O(1),-,rare,optimal,Only compares the first row's timestamp; a mid-tablet insertion would go undetected.
src/trading/stone_tablets/fetcher.py,91,ExchangeAdapter.__init__,O(1),O(1),-,startup,optimal,
src/trading/stone_tablets/fetcher.py,94,ExchangeAdapter.fetch_chunk,O(1),O(1),-,rare,optimal,Abstract; raises NotImplementedError immediately.
src/trading/stone_tablets/fetcher.py,104,ExchangeAdapter.chunk_span_ms,O(1),O(1),-,periodic,optimal,
src/trading/stone_tablets/fetcher.py,119,CoinbaseAdapter.fetch_chunk,O(R),O(R),rows returned (<= chunk_limit = 350),periodic,optimal,Network-bound; up to retry_max=4 attempts with exponential backoff sleeps of 2/4/8/16 s.
src/trading/stone_tablets/fetcher.py,180,CoinGeckoAdapter.fetch_chunk,O(1),O(1),-,rare,optimal,Placeholder — returns an error FetchAttempt without making any call.
src/trading/stone_tablets/fetcher.py,216,GapFiller.__init__,O(1),O(1),-,startup,optimal,
src/trading/stone_tablets/fetcher.py,225,GapFiller.fill_asset,O(N),O(chunk_limit),"missing candles in [since_ms, until_ms]",rare,optimal,Wall clock is ceil(N/chunk_limit) x chunk_sleep_s; ingest happens per chunk so a crash loses one chunk.
src/trading/stone_tablets/fetcher.py,292,_parse_bot_state_targets,O(B log B),O(F),bots in bot_state.json,rare,optimal,json.loads parses the entire file into memory before the scan; sorted() on the result set at the end.
src/trading/stone_tablets/fetcher.py,321,_parse_bot_manager_targets,O(B log B),O(B),bots in bot_manager._bots,rare,optimal,"list() snapshots the bot dict, then sorted() over the (asset, exchange) set."
src/trading/stone_tablets/fetcher.py,359,TargetAssetDiscovery.__init__,O(1),O(1),-,startup,optimal,
src/trading/stone_tablets/fetcher.py,366,TargetAssetDiscovery.enumerate,O(B log B),O(B),bots discovered,rare,optimal,Cost is entirely the _parse_* helper it delegates to; may run the live path then fall through to the file path.
src/trading/stone_tablets/fetcher.py,386,BuildReport.total_candles,O(R),O(1),fill reports collected,rare,optimal,Recomputed on every property read; not cached.
src/trading/stone_tablets/fetcher.py,390,BuildReport.total_errors,O(R),O(1),fill reports collected,rare,optimal,Recomputed on every property read; not cached.
src/trading/stone_tablets/fetcher.py,394,BuildReport.duration_s,O(1),O(1),-,rare,optimal,
src/trading/stone_tablets/fetcher.py,400,discover_all_exchange_markets,O(M log M),O(M),markets returned by the connector,rare,optimal,sorted() dominates the single filter pass; `quote not in quote_filter` is a 2-element tuple scan.
src/trading/stone_tablets/fetcher.py,446,BuildOrchestrator.__init__,O(1),O(1),-,startup,optimal,
src/trading/stone_tablets/fetcher.py,457,BuildOrchestrator.build_universe,O(M*N),O(M),markets x missing candles per market,rare,optimal,Sequential per-asset by design (shared exchange rate limit); ~4.3 h for a 300-symbol first build.
src/trading/stone_tablets/fetcher.py,503,BuildOrchestrator.build_ytd,O(T*N),O(T),target assets x missing candles each,rare,optimal,"Allocates a fresh GapFiller per asset; subsequent runs only fill gaps, so N collapses to near zero."
src/trading/stone_tablets/fetcher.py,538,ensure_asset_coverage,O(N),O(chunk_limit),missing candles for the asset,rare,optimal,Cost is entirely GapFiller.fill_asset.
src/trading/stone_tablets/fetcher.py,568,_build_adapter,O(1),O(1),-,rare,optimal,
src/trading/stone_tablets/fetcher.py,583,_cli_status,O(P),O(P),"(asset, exchange) coverage pairs",rare,optimal,coverage_summary() and stale_assets() each walk the registry once before the print loop.
src/trading/stone_tablets/fetcher.py,610,_cli_discover,O(B log B),O(B),bots in bot_state.json,rare,optimal,Cost is TargetAssetDiscovery().enumerate().
src/trading/stone_tablets/fetcher.py,619,main,O(1),O(1),-,startup,optimal,argparse construction only; build/ensure paths print an instruction and return 1 without fetching.
src/trading/stone_tablets/parity_harness.py,82,ParityReport.total_live,O(1),O(1),-,rare,optimal,
src/trading/stone_tablets/parity_harness.py,86,ParityReport.total_sim,O(1),O(1),-,rare,optimal,
src/trading/stone_tablets/parity_harness.py,90,ParityReport.match_rate,O(1),O(1),-,rare,optimal,total_live is evaluated twice but each is a pair of len() calls
src/trading/stone_tablets/parity_harness.py,96,ParityReport.per_symbol_counts,O(M + L + S),O(Y),"M/L/S = matched, live_only, sim_only counts; Y = distinct symbols",rare,optimal,single pass per bucket into a setdefault dict
src/trading/stone_tablets/parity_harness.py,115,_live_side_str,O(1),O(1),-,rare,optimal,substring scans over a side string of a few chars
src/trading/stone_tablets/parity_harness.py,120,_sim_side_str,O(1),O(1),-,rare,optimal,unwraps OrderSide.value then does the same short substring scans
src/trading/stone_tablets/parity_harness.py,128,compare_trades,O(L * S),O(L + S),"L = live trades, S = sim trades",rare,O((L+S) log S) via bisect into the already-sorted per-key bucket,"docstring concedes O(L*S); each live trade fully scans its (symbol,side) bucket though it is sorted"
src/trading/stone_tablets/parity_harness.py,212,format_report_lines,O(M + L + S),O(Y),M/L/S = matched/live_only/sim_only counts; Y = distinct symbols,rare,optimal,per_symbol_counts re-walks every trade; `import time` sits inside the example loop
src/trading/stone_tablets/registry.py,54,_rollup_factor,O(1),O(1),-,per-request,optimal,
src/trading/stone_tablets/registry.py,119,AvailabilityInfo.listed_at_iso,O(1),O(1),-,rare,optimal,
src/trading/stone_tablets/registry.py,126,AvailabilityInfo.is_listed_before,O(1),O(1),-,rare,optimal,
src/trading/stone_tablets/registry.py,131,AvailabilityInfo.listing_notice,O(1),O(1),-,rare,optimal,
src/trading/stone_tablets/registry.py,153,StoneTabletsRegistry.__init__,O(M),O(M),M = total candles on disk (~7.2M / 385 MB),startup,O(1) with lazy per-tablet load,_load_from_manifest reads and parses the entire archive into RAM before the constructor returns.
src/trading/stone_tablets/registry.py,167,StoneTabletsRegistry._load_from_manifest,O(M),O(M),M = total candles across all tablets,startup,O(candles actually queried) with lazy per-tablet load,One read_tablet (JSON parse + checksum verify) per manifest entry; every tablet is loaded even if never queried.
src/trading/stone_tablets/registry.py,192,StoneTabletsRegistry._persist_manifest,O(M),O(M),M = total candles across all tablets,rare,O(changed candles) by caching per-tablet checksums,"entry_from_tablet re-serialises and SHA-256s EVERY tablet's candles, not just the one just ingested."
src/trading/stone_tablets/registry.py,200,StoneTabletsRegistry.has_coverage,O(K),O(Y),"K = tablets in the registry, Y = years spanned",rare,"O(1) with a per-(asset,exchange) bounds index","Dominated by _native_ts_bounds, which scans every tablet key regardless of asset."
src/trading/stone_tablets/registry.py,225,StoneTabletsRegistry._native_ts_bounds,O(K),O(1),K = tablets in the registry (406 assets x years),rare,"O(1) with a per-(asset,exchange) bounds index","Full dict scan; per tablet first_ts_ms/last_ts_ms are O(1) index reads, so the scan is the whole cost."
src/trading/stone_tablets/registry.py,241,StoneTabletsRegistry.missing_ranges,O(C + W),O(C),"C = candles for the asset, W = 5m slots in the window",rare,optimal,"Builds a full timestamp set per call (no cache), then walks the window one 300s step at a time."
src/trading/stone_tablets/registry.py,271,StoneTabletsRegistry._native_ts_set,O(K + C),O(C),"K = tablets scanned, C = candles for (asset, exchange)",rare,optimal,Allocates a fresh int set over every candle timestamp on each call; nothing is memoised.
src/trading/stone_tablets/registry.py,284,StoneTabletsRegistry.get_candles,O(C),O(R),"C = candles for the asset, R = rows in the window",rare,O(log C + R) via bisect on the already-sorted tablet arrays,"Holds the registry RLock for the whole scan; _native_slice is the dominant term, _rollup adds O(R) on non-5m reads."
src/trading/stone_tablets/registry.py,305,StoneTabletsRegistry._native_slice,O(C + R log R),O(R),"C = candles for the asset, R = rows in the window",rare,O(log C + R) via bisect,"Tablet candles are already ts-sorted, so the linear filter plus final out.sort() is redundant; list(row) copies each hit."
src/trading/stone_tablets/registry.py,322,StoneTabletsRegistry.ingest_candles,O(M),O(C + N),"M = total candles in registry, N = rows ingested, C = target-year candles",rare,O((C+N) log(C+N)) by checksumming only the touched tablet,Local merge is O((C+N)log(C+N)); the O(M) term is the trailing _persist_manifest re-hash of every tablet.
src/trading/stone_tablets/registry.py,378,StoneTabletsRegistry.coverage_summary,O(P * K),O(P),"P = (asset,exchange) pairs, K = tablets",rare,O(K) with one grouped pass,"Three separate full _tablets scans per pair: _native_ts_bounds, the candle sum, and the tablet_count generator."
src/trading/stone_tablets/registry.py,405,StoneTabletsRegistry.get_asset_availability,O(K),O(k),"K = tablets in the registry, k = matching tablets",rare,"O(1) with a per-(asset,exchange) index",Full _tablets scan per call; the fleet panel invokes it once per symbol at Start Replay.
src/trading/stone_tablets/registry.py,440,StoneTabletsRegistry.check_window_availability,O(K),O(k),K = tablets in the registry,rare,"O(1) with a per-(asset,exchange) index",All cost is the get_asset_availability scan; the status classification itself is O(1).
src/trading/stone_tablets/registry.py,472,StoneTabletsRegistry.stale_assets,O(P * K),O(P),"P = (asset,exchange) pairs, K = tablets",rare,O(K) with one grouped pass,Calls _native_ts_bounds (a full tablet scan) once per pair.
src/trading/stone_tablets/registry.py,499,_rollup,O(N + B log B),O(N),"N = native 5m rows, B = output buckets (N/factor)",rare,"O(N) — input is already ts-ascending, so buckets emerge sorted",sorted(buckets.keys()) is the only non-linear step; max/min/sum per bucket total O(N) across all buckets.
src/trading/stone_tablets/registry.py,535,get_registry,O(1),O(1),-,rare,optimal,Amortised O(1); the FIRST call constructs StoneTabletsRegistry and pays O(M) to load the whole archive.
src/trading/stone_tablets/registry.py,544,reset_registry_for_tests,O(1),O(1),-,rare,optimal,
src/trading/stone_tablets/storage.py,82,TabletEntry.listed_at_iso,O(1),O(1),-,rare,optimal,
src/trading/stone_tablets/storage.py,106,Tablet.candle_count,O(1),O(1),-,rare,optimal,len() on a list is O(1).
src/trading/stone_tablets/storage.py,110,Tablet.first_ts_ms,O(1),O(1),-,rare,optimal,
src/trading/stone_tablets/storage.py,114,Tablet.last_ts_ms,O(1),O(1),-,rare,optimal,
src/trading/stone_tablets/storage.py,118,Tablet.listed_at_ms,O(1),O(1),-,rare,optimal,Semantic alias delegating to first_ts_ms.
src/trading/stone_tablets/storage.py,126,Tablet.listed_at_iso,O(1),O(1),-,rare,optimal,
src/trading/stone_tablets/storage.py,133,Tablet.compute_checksum,O(C),O(C),C = len(self.candles),rare,optimal in time; O(1) peak space with incremental hashing,json.dumps materialises the whole candle list as one string before hashing — full second copy of the tablet in RAM.
src/trading/stone_tablets/storage.py,140,Tablet.to_dict,O(C),O(C),C = len(self.candles),rare,optimal,"asdict() deep-copies every candle row, then compute_checksum serialises them again: two full passes and two full copies."
src/trading/stone_tablets/storage.py,157,tablet_filename,O(1),O(1),-,rare,optimal,
src/trading/stone_tablets/storage.py,166,tablet_path,O(1),O(1),-,rare,optimal,
src/trading/stone_tablets/storage.py,180,ensure_root,O(1),O(1),-,rare,optimal,Two mkdir syscalls; called on every write_tablet/write_manifest.
src/trading/stone_tablets/storage.py,187,_atomic_write_text,O(L),O(1),L = len(text) in bytes,rare,optimal,Extra space is O(1) beyond the caller-supplied string; os.replace is the atomic swap.
src/trading/stone_tablets/storage.py,204,read_tablet,O(C),O(C),C = candles in the file,startup,optimal,"Three passes: json.load, list() copy of candles, then compute_checksum re-serialises the whole list for the drift audit."
src/trading/stone_tablets/storage.py,236,write_tablet,O(C),O(C),C = len(tab.candles),rare,optimal,"Three full passes over candles: asdict deep copy, checksum dump, output json.dumps."
src/trading/stone_tablets/storage.py,251,read_manifest,O(E),O(E),E = rows in MANIFEST.json,startup,optimal,Manifest rows only; the candle payloads live in separate files.
src/trading/stone_tablets/storage.py,295,write_manifest,O(E),O(E),E = len(entries),rare,optimal,"asdict() per entry is O(1) here — TabletEntry holds only scalars, no nested containers to deep-copy."
src/trading/stone_tablets/storage.py,311,entry_from_tablet,O(C),O(C),C = len(tab.candles),rare,O(1) if the tablet cached its checksum,Entirely dominated by compute_checksum; _persist_manifest calls this once per tablet on every ingest.
src/trading/strategy_compare.py,57,StrategyResult.adv_vs_passive,O(1),O(1),-,rare,optimal,
src/trading/strategy_compare.py,61,StrategyResult.label,O(1),O(1),-,rare,optimal,str.replace over a short bounded strategy name.
src/trading/strategy_compare.py,69,compute_risk_metrics,O(n),O(n),n = len(equity_curve),rare,optimal,"Five separate O(n) passes plus two O(n) intermediate lists (returns, neg_returns); one fused pass would be O(1) space."
src/trading/strategy_compare.py,138,_candle_closes,O(n),O(n),n = len(candles),rare,optimal,
src/trading/strategy_compare.py,151,run_passive,O(n),O(n),n = len(candles),rare,optimal,"Three O(n) passes: _candle_closes, the eq comprehension, compute_risk_metrics."
src/trading/strategy_compare.py,177,run_dca,O(n),O(n),n = len(candles),rare,optimal,
src/trading/strategy_compare.py,226,_compute_sma,O(n * period),O(n),"n = len(closes), period = window size",rare,O(n) with a rolling sum,"closes[i-period+1:i+1] COPIES a period-length slice, then sums it, on every index — quadratic-ish for period=200."
src/trading/strategy_compare.py,233,run_sma_crossover,O(n * slow),O(n),"n = len(candles), slow = 200",rare,O(n) with rolling sums in _compute_sma,Two _compute_sma calls (50 and 200) dominate; the trading loop itself is a single O(n) pass.
src/trading/strategy_compare.py,313,_compute_rsi,O(n),O(n),n = len(closes),rare,optimal,Wilder smoothing keeps the main loop O(1) per step; only the seed uses an O(period) slice.
src/trading/strategy_compare.py,330,run_rsi_reversion,O(n^2) worst case,O(n),n = len(candles),rare,O(n) by tracking a running sum/count for entry_log,sum(entry_log)/len(entry_log) recomputed on every sell signal over an ever-growing list — quadratic in signal count.
src/trading/strategy_compare.py,399,run_grid,O(n * L),O(n),"n = len(candles), L = n_levels (default 10)",rare,O(n) by tracking total holdings incrementally,Per candle: an inner scan of all levels plus sum(level_hld); both are O(L) and neither needs to be re-done fully.
src/trading/strategy_compare.py,480,run_comparison,O(n^2) worst case,O(n),n = len(candles),rare,O(n * slow),Dominated by run_rsi_reversion's quadratic entry_log sum; run_sma_crossover's O(n*200) is the next term.
src/trading/strategy_compare.py,539,print_comparison,O(R),O(1),R = number of strategies (7),rare,optimal,"Four separate linear scans (next, loop, next, max) over a 7-element list."
src/trading/ta_engine.py,88,Signal.weighted_score,O(1),O(1),-,per-candle,optimal,
src/trading/ta_engine.py,107,VotingSummary.consensus_direction,O(1),O(1),-,per-candle,optimal,
src/trading/ta_engine.py,129,candles_from_raw,O(n),O(n),len(raw) rows,per-candle,optimal,Allocates one Candle dataclass per row.
src/trading/ta_engine.py,140,_ema,O(n),O(n),len(values),per-candle,optimal,"Short-input path returns values[:] which is a full O(n) copy, not a view."
src/trading/ta_engine.py,156,_sma,O(n*period),O(n),len(values),per-candle,O(n),"Fresh slice+sum per index; a rolling sum (add new, drop old) makes the whole pass O(n)."
src/trading/ta_engine.py,167,_stdev,O(n*period),O(n),len(values),per-candle,O(n),"Window slice copies O(period) per index, then two more O(period) passes; Welford gives O(n)."
src/trading/ta_engine.py,181,_true_range,O(n),O(n),len(candles),per-candle,optimal,
src/trading/ta_engine.py,226,ADXIndicator.__init__,O(1),O(1),-,startup,optimal,
src/trading/ta_engine.py,231,ADXIndicator._wilder_smooth,O(n),O(n),len(values),per-candle,optimal,values[period:] copies the tail before iterating; enumerate over an index range avoids it.
src/trading/ta_engine.py,242,ADXIndicator.compute,O(n),O(n),len(candles),per-candle,optimal,"Builds DM+/DM-/TR, four Wilder series and a full DX series each call, but reads only the last 2."
src/trading/ta_engine.py,375,SupertrendIndicator.__init__,O(1),O(1),-,startup,optimal,
src/trading/ta_engine.py,381,SupertrendIndicator.compute,O(n),O(n),len(candles),per-candle,optimal,Sticky bands are path-dependent so the whole ub/lb/st series is rebuilt though only st[-1:-3] is read.
src/trading/ta_engine.py,506,ZScoreIndicator.__init__,O(1),O(1),-,startup,optimal,
src/trading/ta_engine.py,510,ZScoreIndicator.compute,O(period),O(period),self.period (50),per-candle,optimal,Two independent O(period) window builds (current and prev) for the z_reverting comparison.
src/trading/ta_engine.py,612,KaufmanERIndicator.__init__,O(1),O(1),-,startup,optimal,
src/trading/ta_engine.py,616,KaufmanERIndicator.compute,O(n),O(n),len(candles),per-candle,O(period),closes_all comprehends all n candles only to read 2 elements; rest of the body is O(period).
src/trading/ta_engine.py,697,BollingerBands.__init__,O(1),O(1),-,startup,optimal,
src/trading/ta_engine.py,702,BollingerBands.compute,O(n*period),O(n),len(candles),per-candle,O(n),Cost is _sma+_stdev; also builds a full widths list though only the last `period` entries are summed.
src/trading/ta_engine.py,779,VortexIndicator.__init__,O(1),O(1),-,startup,optimal,
src/trading/ta_engine.py,783,VortexIndicator.compute,O(n),O(n),len(candles),per-candle,O(period),VM+/VM-/TR built over all n candles; _true_range(candles)[1:] copies again. Only last period+1 used.
src/trading/ta_engine.py,905,MACD.__init__,O(1),O(1),-,startup,optimal,
src/trading/ta_engine.py,911,MACD.compute,O(n),O(n),len(candles),per-candle,optimal,"Divergence block slices at fixed depths 20/40, so it is constant, not n-dependent."
src/trading/ta_engine.py,989,MACD.compute_histogram_series,O(n),O(n),len(candles),rare,optimal,No caller in src/; duplicates the EMA pipeline of compute() rather than sharing it.
src/trading/ta_engine.py,1018,detect_macd_taper,O(lookback),O(lookback),lookback (default 8),rare,optimal,"Docstring claims it feeds the confidence gate, but no caller exists in src/."
src/trading/ta_engine.py,1059,detect_macd_taper._directional_taper,O(lookback),O(1),len(bars) == lookback,rare,optimal,"reversed() is a lazy iterator, so no window copy."
src/trading/ta_engine.py,1144,StochasticRSI.__init__,O(1),O(1),-,startup,optimal,
src/trading/ta_engine.py,1152,StochasticRSI.compute,O(n*stoch_period),O(n),len(candles),per-candle,O(n),Sliding min/max re-slices and re-scans a stoch_period window per bar; monotonic deques give O(n).
src/trading/ta_engine.py,1285,IchimokuCloud.__init__,O(1),O(1),-,startup,optimal,
src/trading/ta_engine.py,1293,IchimokuCloud._mid,O(period),O(period),period argument,per-candle,optimal,candles[start:start+period] copies the window before max/min; index iteration would be O(1) space.
src/trading/ta_engine.py,1301,IchimokuCloud.compute,O(senkou_b),O(senkou_b),self.senkou_b (52),per-candle,optimal,"11 _mid() calls, each copying its window; independent of total candle count."
src/trading/ta_engine.py,1574,VolumeAnalysis.__init__,O(1),O(1),-,startup,optimal,
src/trading/ta_engine.py,1586,VolumeAnalysis._mfi,O(period),O(1),period (14),per-candle,optimal,
src/trading/ta_engine.py,1604,VolumeAnalysis._cmf,O(period),O(period),period (20),per-candle,optimal,candles[-period:] copies the window.
src/trading/ta_engine.py,1621,VolumeAnalysis._obv,O(n),O(n),len(candles),per-candle,optimal,"Cumulative from candle 0, so the full history is rescanned every candle."
src/trading/ta_engine.py,1633,VolumeAnalysis._detect_divergence,O(lookback),O(lookback),lookback (20),per-candle,optimal,Rebuilds closes[-lookback:] four separate times and uses list.index() for the argmin/argmax.
src/trading/ta_engine.py,1666,VolumeAnalysis.compute,O(n),O(n),len(candles),per-candle,optimal,_mfi(candles[:-3]) deep-slices n-3 candles; OBV and A/D are cumulative so both rescan all history.
src/trading/ta_engine.py,1850,ATRIndicator.__init__,O(1),O(1),-,rare,optimal,Class is never instantiated anywhere in src/.
src/trading/ta_engine.py,1853,ATRIndicator.compute,O(n),O(n),len(candles),rare,optimal,true_ranges[self.period:] copies the tail; expanding/contracting compare fixed 5-bar windows.
src/trading/ta_engine.py,1908,RSIIndicator.__init__,O(1),O(1),-,startup,optimal,
src/trading/ta_engine.py,1912,RSIIndicator._compute_metrics,O(n),O(n),len(candles),per-candle,optimal,Wilder seeding is path-dependent so the full series is required; divergence slices are fixed-depth.
src/trading/ta_engine.py,1950,RSIIndicator.compute,O(n),O(n),len(candles),per-candle,optimal,All cost is the _compute_metrics() call; this body is O(1) arithmetic on the returned dict.
src/trading/ta_engine.py,2035,FVGIndicator.__init__,O(1),O(1),-,rare,optimal,Only instantiated in tests; not wired into VotingEngine.
src/trading/ta_engine.py,2040,FVGIndicator.compute,O(lookback),O(lookback),self.lookback (24),rare,optimal,Scan is windowed; the two zone loops are bounded by the number of gaps found (<= lookback).
src/trading/ta_engine.py,2130,SlingshotIndicator.__init__,O(1),O(1),-,startup,optimal,
src/trading/ta_engine.py,2141,SlingshotIndicator._bandwidth,O(1),O(1),-,per-candle,optimal,
src/trading/ta_engine.py,2145,SlingshotIndicator.compute,O(n*bb_period),O(n),len(candles),per-candle,O(n),_sma/_stdev run over full history though only the last squeeze_lookback+5 bars are consumed.
src/trading/ta_engine.py,2331,VotingEngine.__init__,O(1),O(1),-,startup,optimal,DEFAULT_WEIGHTS.copy() is a 12-key shallow copy; indicator count is fixed.
src/trading/ta_engine.py,2340,VotingEngine._create_indicators,O(1),O(1),-,startup,optimal,Fixed list of 12 indicator constructions.
src/trading/ta_engine.py,2375,VotingEngine.compute_all,O(n*period),O(n),len(candles),per-candle,O(n),"Hot path: 12 indicators over the same candles; BB, StochRSI and Slingshot each cost O(n*period)."
src/trading/ta_engine.py,2390,VotingEngine.aggregate_multi_timeframe,O(s),O(s),total signals across all summaries,rare,optimal,Reconstructs every Signal to apply the tf multiplier; details dicts are shared by reference.
src/trading/ta_engine.py,2426,VotingEngine._aggregate,O(s),O(1),len(signals),per-candle,optimal,"Two passes (loop + sum of weights); the signals list is stored by reference, not copied."
src/trading/ta_engine.py,2465,analyze,O(t*m*period),O(t*m),t timeframes x m candles each,rare,O(t*m),"No caller in src/. Constructs a fresh VotingEngine, then a full compute_all per timeframe."
src/trading/ta_engine.py,2509,compute_heikin_ashi,O(n),O(n),len(candles),per-candle,optimal,"HA open is recursive on the previous HA candle, so the full history must be walked."
src/trading/ta_engine.py,2551,detect_bb_proximity,O(n*bb_period),O(n),len(candles),per-candle,O(n),_sma/_stdev dominate; compute_heikin_ashi rebuilds the whole HA series though only the tail is read.
src/trading/ta_engine.py,2661,detect_landing_strip_v2,O(n*20),O(n),len(candles),per-candle,O(n),HA + bodies + norm arrays span all n candles though the shrink scan is capped at 12 tail bars.
src/trading/ta_engine.py,2801,detect_volume_confirmed_spring,O(s),O(s),len(voting_summary.signals) (12),rare,optimal,Two full list comprehensions over signals to find one element each; no caller in src/.
src/trading/ta_engine.py,2876,detect_w_bottom,O(t^2*lookback),O(lookback),t = lower-band tests inside the lookback window,rare,O(t^2),"Inner pair loop re-slices window_bb then max()+index(); never breaks, so it keeps the LAST match."
src/trading/ta_engine.py,2974,detect_m_top,O(t^2*lookback),O(lookback),t = upper-band tests inside the lookback window,rare,O(t^2),"Mirror of detect_w_bottom, same re-slice + min()+index() per pair and same last-match-wins loop."
src/trading/ta_signal_provider.py,179,TASignalProvider.__init__,O(1),O(1),-,startup,optimal,
src/trading/ta_signal_provider.py,203,TASignalProvider.timeframe,O(1),O(1),-,per-tick,optimal,
src/trading/ta_signal_provider.py,207,TASignalProvider.voting_engine,O(1),O(1),-,rare,optimal,
src/trading/ta_signal_provider.py,212,TASignalProvider.evaluate,O(k*C),O(C),"C = candles fetched (ohlcv_limit, default 100), k = indicators (12)",per-tick,optimal,Awaited get_ohlcv + compute_all dominate; candles[-20:] copies the trend window on every call.
src/trading/topology_proposals.py,72,load_sector_map,O(F),O(A),bytes in sector_map.json / assets in it,rare,optimal,Re-reads and re-parses the file on every call; no module-level cache.
src/trading/topology_proposals.py,92,load_target_defaults,O(F),O(D),bytes in asset_target_defaults.json / default entries,rare,optimal,Re-reads and re-parses the file on every call; no module-level cache.
src/trading/topology_proposals.py,123,suggested_target_usd,O(1),O(1),-,periodic,optimal,O(1) only when defaults+fallback are passed in; omitting either makes this a full disk read + JSON parse per asset.
src/trading/topology_proposals.py,147,make_proposal,O(A log A),O(A),assets in the proposal,periodic,optimal,sorted set of assets forms the stable id; bots/wires are shallow-copied with list().
src/trading/topology_proposals.py,180,_make_bot_entry,O(1),O(1),-,periodic,optimal,O(1) only if target_defaults is supplied; otherwise inherits suggested_target_usd's disk read.
src/trading/topology_proposals.py,197,_make_wire,O(1),O(1),-,periodic,optimal,
src/trading/topology_proposals.py,212,_pearson,O(n),O(n),len of the shorter series,periodic,"O(n) time, O(1) space",xs[:n] and ys[:n] each copy the whole series just to compute a mean; summing in the existing loop needs no slices.
src/trading/topology_proposals.py,238,detect_momentum_funnel,O(A^3),O(A^2),assets with a USD/USDC quote,periodic,O(A^2),"Seed-x-peer clustering is O(A^2); each surviving cluster then runs its own O(k^2) pairwise average, and there can be O(A) clusters."
src/trading/topology_proposals.py,344,detect_mean_reversion_pair,O(R),O(R),opposing-pair rows supplied,periodic,optimal,"Single pass; dedupe uses a frozenset set, so membership is O(1)."
src/trading/topology_proposals.py,423,detect_sector_cluster,O(A log A),O(A),assets in tickers_by_asset,periodic,O(A log max_cluster),Sorts every member of a sector by volume just to take the top max_cluster; heapq.nlargest would suffice.
src/trading/topology_proposals.py,501,detect_distance_to_band,O(B^2),O(B),bots in the snapshot,periodic,O(B),{**b} copies each bot dict; the deep-scrum x deep-fold nested loop scans all folds per scrum even though only same-asset pairs survive.
src/trading/topology_proposals.py,590,detect_all_topologies,O(A^3 + P^2 * A),O(P * A),universe assets; P proposals (capped at 20),periodic,O(A^3 + P^2),set(p['assets']) and set(k['assets']) are rebuilt inside the O(P^2) dedupe loop; detect_momentum_funnel dominates overall.
src/trading/trade_grader.py,114,_score_execution,O(1),O(1),-,rare,optimal,
src/trading/trade_grader.py,136,_score_timing,O(f),O(f),len(ctx.future_prices),rare,O(f) time with O(1) space via a single min/max pass,"Comprehension copies the window, then max() and min() each make another full pass over the copy."
src/trading/trade_grader.py,177,_score_strategic,O(1),O(1),-,rare,optimal,
src/trading/trade_grader.py,203,_score_outcome,O(1),O(1),-,rare,optimal,
src/trading/trade_grader.py,224,_letter_from_numeric,O(1),O(1),-,rare,optimal,
src/trading/trade_grader.py,244,grade_trade,O(f),O(f),len(ctx.future_prices),rare,optimal,All non-constant cost is _score_timing's window; the rationale join is over at most 5 parts.
src/trading/trade_grader.py,318,grade_trades,O(T*f),O(T),T trades x future window f,rare,optimal,zip avoids materialising a joined list; the length check is O(1).
src/trading/trade_grader.py,333,grade_distribution,O(G),O(G),len(grades),rare,O(G) with one Counter pass per asset instead of six,letter_counts rescans each asset group once per letter (6 passes) on top of 4 separate per-axis passes.
src/trading/triangular_swarm.py,149,score_arm_oscillation,O(w),O(w),window (default 50),periodic,O(w) time with O(1) space by indexing instead of slicing,"prices[-window:] copies the slice, then four separate O(w) passes run over that copy."
src/trading/triangular_swarm.py,189,score_triad,O(n),O(n),min length of the three price series,periodic,O(w) by passing only the trailing 50-candle window to the scorer,The three [-n:] slices copy whole series just so score_arm_oscillation can read the last 50 values.
src/trading/triangular_swarm.py,251,TriadSpawner.__init__,O(1),O(1),-,rare,optimal,"available_quotes is aliased, not copied."
src/trading/triangular_swarm.py,269,TriadSpawner.generate_all_triads,O(Q^2),O(Q^2),len(available_quotes),periodic,optimal,"Output is Q(Q-1)/2 triads, so quadratic is inherent in the result size."
src/trading/triangular_swarm.py,294,TriadSpawner.rank_triads,O(Q^2 * n),O(Q^2 + n),"Q quotes, n candles per pair",periodic,O(Q*n + Q^2 log Q) by scoring each arm once and reusing across triads,"score_triad rescores the same arm series once per triad, and the synthetic cross pc is rebuilt per triad."
src/trading/triangular_swarm.py,333,TriadSpawner.spawn_optimal_triads,O(Q^2 * n),O(Q^2),"Q quotes, n candles per pair",periodic,same bound as rank_triads once arm scores are cached,Cost is entirely rank_triads; the old_ids set is built and then never read.
src/trading/triangular_swarm.py,366,TriadSpawner.get_wire_topology,O(A),O(A),active triads,periodic,optimal,"Three canonical edges per triad into a set, then one list() materialisation."
src/trading/triangular_swarm.py,389,generate_surrounding_prices,O(Q*n),O(Q*n),Q quote currencies x n candles,rare,optimal,"Each series grows by append with a dependency on prices[-1], so the walk cannot be collapsed as written."
src/trading/triangular_swarm.py,463,run_surrounding_swarm,O(n^2 * Q^2 / rebalance_every),O(n*Q),"n candles, A arms, Q quotes",rare,O(n*(A^2 + A*w)) by re-ranking triads on a bounded recent window,"Each rebalance slices the full history to date and rescores all Q^2 triads, making the total quadratic in n."
src/trading/triangular_swarm.py,721,run_surrounding_benchmark,O(E*K*cost(run_surrounding_swarm)),O(E*K*n),E exchanges x K arm counts,rare,optimal,Every cell reruns the whole simulation and each result retains its full tick_results list.
src/trading/triangular_swarm.py,896,run_equity_surrounding_swarm,O(n*A*w),O(n*A),"n candles, A arms, w = 20-candle BB window",rare,O(n*A) using rolling sum and sum-of-squares for the BB stats,sma and std are recomputed over the full 20-candle buffer for every arm on every tick.
src/trading/triangular_swarm.py,943,run_equity_surrounding_swarm._Arm.__init__,O(1),O(1),-,rare,optimal,Stores a reference; the O(n) copy already happened in the caller's candle_data[sym][:n] slice.
src/trading/volume_guard.py,169,VolumeGuard.__init__,O(1),O(1),-,startup,optimal,
src/trading/volume_guard.py,178,VolumeGuard.set_exchange,O(1),O(1),-,startup,optimal,
src/trading/volume_guard.py,183,VolumeGuard.enabled,O(1),O(1),-,per-trade,optimal,"Hard-returns False (MEM-259 force-disable), so every caller short-circuits past the whole guard."
src/trading/volume_guard.py,193,VolumeGuard.enabled,O(1),O(1),-,rare,optimal,Setter writes config.enabled but the getter ignores it; setting True has no effect.
src/trading/volume_guard.py,200,VolumeGuard.execute,O(H + L + k),O(H),"H = _max_history (500), L = book depth levels, k = chunks",rare,O(1) amortized with a deque(maxlen=500),"History trim re-slices all 500 entries on EVERY call once saturated, since len only ever exceeds max by one."
src/trading/volume_guard.py,284,VolumeGuard._get_market_profile,O(L),O(L),L = config.book_depth_levels (20),rare,optimal,Two sum() passes over book.bids/asks; each slice [:L] also copies. Cached for profile_cache_ttl seconds.
src/trading/volume_guard.py,352,VolumeGuard._compute_safe_sizes,O(1),O(1),-,rare,optimal,
src/trading/volume_guard.py,389,VolumeGuard._classify_volume_tier,O(1),O(1),-,rare,optimal,
src/trading/volume_guard.py,403,VolumeGuard._compute_chunk_plan,O(k),O(k),k = number of chunks (capped at 50),rare,optimal,[chunk_base] * n_chunks then sum() over the same list; both bounded by the hard 50-chunk cap.
src/trading/volume_guard.py,478,VolumeGuard._execute_passthrough,O(1),O(1),-,per-trade,optimal,Local work constant; a single awaited exchange.place_order dominates wall clock.
src/trading/volume_guard.py,515,VolumeGuard._execute_single,O(1),O(1),-,rare,optimal,
src/trading/volume_guard.py,556,VolumeGuard._execute_iceberg,O(k),O(k),"k = len(plan.chunks), max 50",rare,optimal,k awaited orders plus an asyncio.sleep between each; every 5th chunk evicts and re-fetches the market profile.
src/trading/volume_guard.py,647,VolumeGuard._track_hourly_usage,O(1),O(1),-,per-trade,optimal,Amortized: the hourly clear() is O(symbols) but happens at most once per hour.
src/trading/volume_guard.py,659,VolumeGuard._get_hourly_budget,O(1),O(1),-,per-trade,optimal,
src/trading/volume_guard.py,667,VolumeGuard.get_status,O(H),O(H),"H = len(_execution_history), capped at 500",rare,optimal,"Two comprehensions over the history plus dict(self._hourly_usage); the 'recent' filter compares wall clock against a millisecond duration, so it is not a real 1h window."
src/trading/volume_guard.py,688,VolumeGuard.get_market_profile,O(1),O(1),-,rare,optimal,Fixed 16-key dict built from one cached profile.
src/trading/volume_guard.py,712,VolumeGuard.get_execution_history,O(limit),O(limit),limit = reports requested (default 50),rare,optimal,Trailing slice copies the last `limit` reports before the comprehension runs.
src/trading/volume_guard.py,737,get_volume_guard,O(1),O(1),-,startup,optimal,Module singleton; config arg is ignored on every call after the first.
tools/build_release_zip.py,157,_parse_manual_version,O(L),O(1),L = length of the filename,rare,optimal,Single precompiled regex match.
tools/build_release_zip.py,169,find_latest_manual,O(D),O(1),D = entries in the repo root directory,rare,optimal,is_file() stats every root entry; running max avoids sorting.
tools/build_release_zip.py,184,_is_junk,O(P + L),O(1),"P = path depth, L = filename length",rare,optimal,"Eight substring scans plus a regex over the name, per walked file."
tools/build_release_zip.py,206,_is_older_manual,O(L),O(1),L = filename length,rare,optimal,
tools/build_release_zip.py,231,_is_raintsimbat_reports_archive,O(1),O(1),-,rare,optimal,parts[:3] copies a 3-tuple; frozenset membership is O(1).
tools/build_release_zip.py,244,_is_additional,O(L),O(1),L = filename length,rare,optimal,Dominated by the _is_older_manual regex.
tools/build_release_zip.py,268,classify_path,O(P + L),O(1),"P = path depth, L = filename length",rare,optimal,Dominated by _is_junk.
tools/build_release_zip.py,286,should_include,O(P + L),O(1),"P = path depth, L = filename length",rare,optimal,Legacy shim; cost is classify_path's.
tools/build_release_zip.py,305,read_version,O(B),O(B),B = bytes in src/__init__.py,rare,optimal,Whole file is read into memory before the regex scan.
tools/build_release_zip.py,316,read_session_number,O(B),O(B),B = bytes in sadp/EPISODIC_MEMORY.json,rare,optimal,json.loads materialises every MEM entry; the comprehension and max are one pass each.
tools/build_release_zip.py,331,_walk_and_partition,O(N*(P+L)),O(N),"N = files in the repo, P = path depth, L = filename length",rare,optimal,"rglob('*') descends into junk dirs too (they are filtered after the walk, not pruned during it)."
tools/build_release_zip.py,354,_write_zip,O(B),O(1),B = total source bytes of the file list,rare,optimal,DEFLATE cost scales with bytes; an extra stat() syscall per file is paid for the size tally.
tools/build_release_zip.py,371,build,O(N*(P+L) + B),O(N),"N = repo files, B = total bytes zipped",rare,optimal,Dry-run path adds an O(A log A) sort of the additional list just to print 10 samples.
tools/build_release_zip.py,445,main,O(N*(P+L) + B),O(N),"N = repo files, B = total bytes zipped",rare,optimal,Cost is build()'s; --print-latest-manual short-circuits to O(D).
tools/harness/calibrations/__init__.py,16,load,O(b),O(b),bytes in the calibration .md file,rare,optimal,Miss path additionally globs and sorts the directory to build the error message.
tools/harness/calibrations/__init__.py,27,available,O(d log d),O(d),number of .md files in the calibrations dir,rare,optimal,Directory glob plus a sort; d is tiny (one file per archetype).
tools/harness/check_release_readiness.py,49,_now_iso,O(1),O(1),-,rare,optimal,
tools/harness/check_release_readiness.py,53,_read_version,O(F),O(F),F = bytes in src/__init__.py,rare,optimal,read_text() loads the whole file before the regex scan
tools/harness/check_release_readiness.py,62,_run_pytest,O(suite runtime),O(len(output)),the whole pytest suite (600s timeout),rare,optimal,cost is the spawned subprocess; stdout+stderr concatenation copies the full captured output
tools/harness/check_release_readiness.py,81,_run_archetype_selfcheck,O(3 * review(fixture)),O(findings),size of the three known_good fixtures,rare,optimal,cost is the three arch.review() calls; the findings list-comp is linear in report size
tools/harness/check_release_readiness.py,118,_run_claim_ledger_check,O(C),O(C),C = claims in the ledger,rare,optimal,list_open() must read/scan the ledger; join over open claim ids is linear
tools/harness/check_release_readiness.py,132,_write_sidecar,O(1),O(1),-,rare,optimal,fixed four-key payload
tools/harness/check_release_readiness.py,142,_remove_sidecar,O(1),O(1),-,rare,optimal,
tools/harness/check_release_readiness.py,147,main,O(suite runtime),O(len(output)),the whole pytest suite plus 3 archetype reviews,rare,optimal,on failure output.splitlines() copies the entire pytest output just to take the last 15 lines
tools/harness/claim_ledger.py,62,Claim.to_dict,O(E),O(E),E = size of the nested evidence dict,rare,O(1) with a hand-written dict literal,"dataclasses.asdict() deep-copies recursively, so the evidence dict and its files list are fully cloned."
tools/harness/claim_ledger.py,66,_now,O(1),O(1),-,rare,optimal,
tools/harness/claim_ledger.py,70,_load_all,O(F),O(F),F = bytes in CLAIMS.jsonl (proportional to claim count),rare,optimal,read_text + splitlines materializes the whole file and all lines before parsing.
tools/harness/claim_ledger.py,86,_write_all,O(F),O(E),"F = total serialized bytes, E = largest claim's evidence",rare,optimal,"Streams line by line, but each c.to_dict() pays an asdict deep copy."
tools/harness/claim_ledger.py,93,_next_id,O(N),O(N),N = claims in the ledger,rare,optimal,Set build is O(N); the while loop probes at most N+1 ids with O(1) set membership.
tools/harness/claim_ledger.py,103,log_claim,O(N),O(N),N = claims in the ledger,rare,O(1) amortized by appending one line instead of rewriting,Load + id-scan + full rewrite for a single append — three O(N) passes per logged claim.
tools/harness/claim_ledger.py,119,verify,O(N),O(N),N = claims in the ledger,rare,optimal,"Load, linear scan for the id, then full rewrite."
tools/harness/claim_ledger.py,133,refute,O(N),O(N),N = claims in the ledger,rare,optimal,"Load, linear scan for the id, then full rewrite."
tools/harness/claim_ledger.py,147,list_open,O(N),O(N),N = claims in the ledger,rare,optimal,
tools/harness/claim_ledger.py,152,check_no_open,O(N),O(N),N = claims in the ledger,rare,optimal,Cost is list_open; the print loop is O(open claims).
tools/harness/claim_ledger.py,176,main,O(N),O(N),N = claims in the ledger,rare,optimal,argparse builds a fixed 5-subcommand tree; cost is whichever O(N) ledger command is dispatched.
tools/harness/coding_archetype.py,65,Finding.to_dict,O(1),O(1),-,rare,optimal,"Six fixed fields; not dataclasses.asdict, so no recursive deep copy."
tools/harness/coding_archetype.py,81,ArchetypeReport.passed,O(F),O(1),findings in the report,rare,optimal,any() short-circuits on the first critical/high finding.
tools/harness/coding_archetype.py,85,ArchetypeReport.by_tool,O(F),O(K),findings in the report,rare,optimal,
tools/harness/coding_archetype.py,91,ArchetypeReport.by_severity,O(F),O(1),findings in the report,rare,optimal,Severity key space is fixed at 5 values.
tools/harness/coding_archetype.py,97,ArchetypeReport.to_dict,O(F),O(F),findings in the report,rare,optimal,"Four separate O(F) passes: passed, by_tool, by_severity, and the per-finding to_dict comprehension."
tools/harness/coding_archetype.py,232,_module_binding_kinds,O(N),O(N),AST nodes in the parsed module,rare,optimal,Outer ast.walk plus a nested ast.walk per assignment target; targets are small so total stays linear in nodes.
tools/harness/coding_archetype.py,246,_module_binding_kinds._names,O(K),O(K),nodes in the assignment-target subtree,rare,optimal,
tools/harness/coding_archetype.py,273,_possibly_unbound_severity,"O(1) amortized, O(N) on first call per file",O(N),"AST nodes in the module, on cache miss",rare,optimal,Mutable-default dict memoizes per file path for the whole process; regex search is over one diagnostic message.
tools/harness/coding_archetype.py,309,CodingArchetype.load_calibration,O(C),O(C),bytes in the calibration file,rare,optimal,Cost is entirely tools.harness.calibrations.load reading the prompt file.
tools/harness/coding_archetype.py,314,CodingArchetype.review,O(A(S)),O(S + F),source bytes S of the target; A = external analyzer cost; F = findings,rare,optimal,In-process work is O(F); the real cost is 6 sequential subprocesses (120-180 s timeouts) plus 3 rule modules.
tools/harness/coding_archetype.py,381,CodingArchetype._build_falsification,O(A),O(A),entries in tool_availability,rare,optimal,Three separate comprehensions over the same dict; joins are bounded by the same A.
tools/harness/coding_archetype.py,411,CodingArchetype._run_ruff,O(J + D),O(J + D),"bytes J of ruff JSON stdout, D diagnostics",rare,optimal,"Inner family loop over _RUFF_FAMILIES_BY_LEN is a fixed 18 iterations per finding, so it stays a constant factor."
tools/harness/coding_archetype.py,455,CodingArchetype._run_mypy,O(J),O(J),bytes of mypy stdout,rare,optimal,splitlines() copies the whole captured stdout; the non-greedy regex can backtrack on long lines.
tools/harness/coding_archetype.py,492,CodingArchetype._run_pyright,O(J + D),O(J + D),"bytes J of pyright JSON stdout, D diagnostics",rare,optimal,First reportPossiblyUnboundVariable diagnostic triggers a full ast.parse of the module; cached for the rest.
tools/harness/coding_archetype.py,531,CodingArchetype._run_bandit,O(J + D),O(J + D),"bytes J of bandit JSON stdout, D issues",rare,optimal,"str(target).replace() runs once before the loop, not per issue."
tools/harness/coding_archetype.py,570,CodingArchetype._run_vulture,O(J),O(J),bytes of vulture stdout,rare,optimal,splitlines() copies the whole captured stdout before matching.
tools/harness/coding_archetype.py,595,CodingArchetype._run_semgrep,O(J + D),O(J + D),"bytes J of semgrep JSON stdout, D results",rare,optimal,
tools/harness/coding_archetype.py,630,main,O(A(S)),O(S + F),source bytes S of the target; F = findings,rare,optimal,Cost is CodingArchetype.review plus an O(F) json.dumps of the report.
tools/harness/docs_archetype.py,48,Finding.to_dict,O(1),O(1),-,rare,optimal,"Hand-written 6-key dict, not dataclasses.asdict, so no recursive deep copy."
tools/harness/docs_archetype.py,64,ArchetypeReport.passed,O(N),O(1),len(findings),rare,optimal,any() short-circuits on the first critical/high finding.
tools/harness/docs_archetype.py,67,ArchetypeReport.by_tool,O(N),O(t),len(findings),rare,optimal,
tools/harness/docs_archetype.py,73,ArchetypeReport.by_severity,O(N),O(s),len(findings),rare,optimal,
tools/harness/docs_archetype.py,79,ArchetypeReport.to_dict,O(N),O(N),len(findings),rare,optimal,"Four separate passes over findings (passed, by_tool, by_severity, per-finding to_dict); still linear."
tools/harness/docs_archetype.py,107,_normalize_proselint_severity,O(1),O(1),-,rare,optimal,3 prefix checks; the severity map dict literal is rebuilt on every call.
tools/harness/docs_archetype.py,128,DocsArchetype.load_calibration,O(C),O(C),bytes in the calibration file,rare,optimal,Cost is in tools.harness.calibrations.load.
tools/harness/docs_archetype.py,136,DocsArchetype.review,O(F*S),O(N + S),"F=files enumerated, S=subprocess+scan cost per file, N=findings",rare,O(F + S_total),"target.read_text() raises for directory targets, so the scaffolding/hallucination rule scans then see an empty src."
tools/harness/docs_archetype.py,201,DocsArchetype._build_falsification,O(T),O(T),entries in tool_availability (<=5),rare,optimal,Two comprehensions plus joins over a tiny fixed-size dict.
tools/harness/docs_archetype.py,241,DocsArchetype._is_excluded,O(p),O(p),length of the path string,rare,optimal,"as_posix() builds a new string, then 4 substring scans over it."
tools/harness/docs_archetype.py,245,DocsArchetype._enumerate,O(D + F log F),O(F),"D=tree entries walked, F=matched files",rare,O(D + F),"Two full rglob walks (*.md then *.txt) over the same tree, concatenated and sorted."
tools/harness/docs_archetype.py,252,DocsArchetype._run_proselint,O(F*S),O(N),"F=files, S=proselint cost per file",rare,O(F + S_total),"One Python interpreter spawn PER FILE; process startup dominates for small docs. Regex compiled once, correctly."
tools/harness/docs_archetype.py,287,DocsArchetype._run_vale,O(F*S),O(N),"F=files, S=vale cost + JSON bytes per file",rare,O(F + S_total),One vale process per file; vale accepts multiple paths in a single invocation.
tools/harness/docs_archetype.py,318,DocsArchetype._run_structure,O(B),O(B),total bytes across all files,rare,optimal,"Per file: findall + splitlines + per-line regex; heading dedupe uses a dict so it stays linear, not O(H^2)."
tools/harness/docs_archetype.py,379,main,O(F*S),O(N),"F=files reviewed, N=findings serialized",rare,optimal,Cost is review() plus a json.dumps of the whole report.
tools/harness/gui_archetype.py,59,Finding.to_dict,O(1),O(1),-,rare,optimal,"Fixed 6-key dict literal, not dataclasses.asdict, so no recursive deep copy."
tools/harness/gui_archetype.py,75,ArchetypeReport.passed,O(F),O(1),findings on the report,rare,optimal,any() short-circuits on the first critical/high finding.
tools/harness/gui_archetype.py,78,ArchetypeReport.by_tool,O(F),O(t),findings,rare,optimal,
tools/harness/gui_archetype.py,84,ArchetypeReport.by_severity,O(F),O(1),findings,rare,optimal,At most 5 distinct severity buckets.
tools/harness/gui_archetype.py,90,ArchetypeReport.to_dict,O(F),O(F),findings,rare,optimal,"Four separate O(F) passes (passed, by_tool, by_severity, findings comprehension)."
tools/harness/gui_archetype.py,144,_class_bases,O(B),O(B),base-class expressions on the ClassDef,rare,optimal,
tools/harness/gui_archetype.py,154,_is_qt_widget_class,O(B),O(B),base classes,rare,optimal,"Membership test is against a set, so each base check is O(1)."
tools/harness/gui_archetype.py,166,_GUIAnalyzer.__init__,O(1),O(1),-,rare,optimal,
tools/harness/gui_archetype.py,181,_GUIAnalyzer.visit_ClassDef,O(N),O(N),AST nodes in the class subtree,rare,optimal,generic_visit walks the whole subtree; a 9-tuple of per-class state is saved/restored to support nested widget classes.
tools/harness/gui_archetype.py,289,_GUIAnalyzer.visit_Assign,O(k),O(1),AST nodes under this assignment,rare,optimal,"Own checks are O(1); the O(k) is generic_visit recursion, and each node is visited exactly once across the full walk."
tools/harness/gui_archetype.py,303,_GUIAnalyzer.visit_Call,O(k),O(1),AST nodes under this call,rare,optimal,Own checks are set lookups plus an any() over node.keywords; rest is generic_visit recursion.
tools/harness/gui_archetype.py,348,_run_gui_static,O(S),O(S),total source bytes / AST nodes under target,rare,optimal,"rglob materialises the whole file list first; each file is read fully then ast.parse'd, so peak memory holds one full AST."
tools/harness/gui_archetype.py,396,GUIArchetype.load_calibration,O(1),O(1),-,rare,optimal,Cost belongs to tools.harness.calibrations.load.
tools/harness/gui_archetype.py,400,GUIArchetype.review,O(S),O(F),source bytes under target; F findings produced,rare,optimal,Wall clock is dominated by two subprocess linters (120 s timeout each) plus the two rule modules; target source is read a second time here.
tools/harness/gui_archetype.py,466,GUIArchetype._build_falsification,O(t),O(t),entries in tool_availability,rare,optimal,"Two comprehensions plus joins; parts list is joined once, not concatenated in a loop."
tools/harness/gui_archetype.py,492,GUIArchetype._run_ruff,O(R + b),O(R + b),"ruff diagnostics R, stdout bytes b",rare,optimal,Whole stdout buffered then json.loads'd; sev_map dict is rebuilt inside the per-item loop.
tools/harness/gui_archetype.py,526,GUIArchetype._run_bandit,O(R + b),O(R + b),"bandit results R, stdout bytes b",rare,optimal,Same buffer-then-parse shape as _run_ruff; non-JSON output raises instead of returning empty.
tools/harness/gui_archetype.py,554,main,O(S),O(F),source bytes under target,rare,optimal,Cost is review(); json.dumps of the report adds one O(F) pass.
tools/harness/rules/hallucination.py,93,_find_dead_paths,O(c + M),O(c),"c = characters in source, M = candidate path matches (each a resolve+exists syscall)",per-request,optimal,"splitlines() copies the entire source; every repo-prefixed match costs two filesystem stats, uncached across calls"
tools/harness/rules/hallucination.py,141,_find_dead_architecture,O(c),O(c),c = characters in source (x 9 fixed retired tokens),per-request,optimal,"splitlines() copies the source; 9 substring scans per line, but break stops after the first hit"
tools/harness/rules/hallucination.py,168,_find_dead_imports,O(N + I),O(I),"N = AST nodes, I = local-prefixed imports (each 2 exists() syscalls)",per-request,optimal,ast.walk visits every node; no memoization across repeated imports of the same module
tools/harness/rules/hallucination.py,171,_find_dead_imports._resolve_module_path,O(1),O(1),-,per-request,optimal,"Two filesystem stats per call; results are not cached, so duplicate module names re-stat"
tools/harness/rules/hallucination.py,207,_find_repo_root,O(d),O(d),d = directory depth of the target path,per-request,optimal,"[cur, *cur.parents] materializes the parent chain; up to 3 stats per level"
tools/harness/rules/hallucination.py,227,scan,O(c),O(c),c = characters in the source file,per-request,optimal,ast.parse plus three source passes; source is split into lines twice (once per H001/H002 finder)
tools/harness/rules/scaffolding.py,121,_find_wallclock_completion_functions,O(N * d),O(N),"N = AST nodes, d = max function nesting depth",rare,O(N) with a single stateful walk instead of a nested re-walk per function,"Outer ast.walk finds each function, then ast.walk re-descends its whole subtree; nested defs are re-scanned once per enclosing def."
tools/harness/rules/scaffolding.py,148,_call_name_ends_with,O(1),O(1),-,rare,optimal,"Despite the name it is an equality test, not a suffix test."
tools/harness/rules/scaffolding.py,156,_slot_name,O(1),O(1),-,rare,optimal,
tools/harness/rules/scaffolding.py,226,_collect_alias_map,O(N),O(A),"N = AST nodes, A = aliased imports",rare,optimal,Walks the entire tree (not just module-level) to catch aliases imported inside functions.
tools/harness/rules/scaffolding.py,251,_base_names,O(B),O(B),B = declared base classes,rare,optimal,
tools/harness/rules/scaffolding.py,268,_class_skips_s003,O(B),O(B),B = declared base classes,rare,optimal,The 12-name literal tuple membership test is a constant-size list scan.
tools/harness/rules/scaffolding.py,314,_inherited_attrs,O(B * A),O(B * A),"B = bases, A = allowlisted attrs per base",rare,optimal,TestCase contributes ~30 names; the union set is rebuilt for every class scanned.
tools/harness/rules/scaffolding.py,327,_collect_init_attrs,O(C),O(a),"C = AST nodes in the class body + __init__ subtree, a = attrs found",rare,optimal,"Two passes over cls.body, the second re-walking __init__ in full; setattr(self, ...) stores are missed by design."
tools/harness/rules/scaffolding.py,364,_add_self_attr,O(k),O(k),k = elements in a tuple/list unpack target,rare,optimal,"Recurses through nested unpack targets; space is recursion depth, O(1) for the common scalar case."
tools/harness/rules/scaffolding.py,374,_find_uninitialized_attrs,O(M + 10 * B * C),O(a + h),"M = AST nodes across all methods, B = bases, C = base class body size, h = hits",rare,O(M) by walking each method once and collecting stores and loads together,"Each method is ast.walk'd twice (stores, then loads); the base merge loop is depth-capped at 10 to survive cyclic base declarations."
tools/harness/rules/scaffolding.py,451,_find_fallback_strings,O(N * P * L),O(h),"N = AST nodes, P = 13 fallback phrases, L = literal length",rare,O(N * L) with an Aho-Corasick automaton over the phrase set,Each candidate string is substring-searched once per phrase until the first hit.
tools/harness/rules/scaffolding.py,471,_call_name,O(1),O(1),-,rare,optimal,
tools/harness/rules/scaffolding.py,479,_extract_string,O(L),O(L),L = total literal length across f-string parts,rare,optimal,join() over the constant segments of a JoinedStr; interpolated values are dropped.
tools/harness/rules/scaffolding.py,496,_find_placeholder_text,O(S * P),O(S),"S = source characters, P = 8 compiled patterns",rare,O(S) with one alternation regex covering all 8 patterns,"splitlines() materializes the whole file as a list, then each line is re-scanned once per pattern until a match."
tools/harness/rules/scaffolding.py,512,scan,O(N * d + S * P),O(N + S),"N = AST nodes, d = nesting depth, S = source chars, P = placeholder patterns",rare,optimal,"ast.walk(tree) is run three separate times (S002, local_classes index, S003 class loop) over the same tree."
tools/harness/rules/slop.py,67,_try_except_pass_shape,O(B),O(B),statements in the try body (B),rare,optimal,"Builds a tuple of AST type names, one entry per try-body statement."
tools/harness/rules/slop.py,93,_find_duplicate_try_except,O(N),O(T),AST nodes in the module (N); T = try nodes,rare,optimal,ast.walk visits every node; min(lines) per shape is bounded by total try count so it stays linear overall.
tools/harness/rules/slop.py,123,_find_long_functions,O(N),O(k),AST nodes in the module (N); k = over-long functions,rare,optimal,
tools/harness/rules/slop.py,145,_file_too_big,O(len(source)),O(1),characters in the source text,rare,optimal,str.count scans the whole buffer; the parser already knows the line count.
tools/harness/rules/slop.py,155,scan,O(N + len(source)),O(N),AST nodes (N) and source length,rare,optimal,Parses once but then does two independent full ast.walk traversals plus a whole-buffer newline count.
tools/harness/ytd_compounding_replay.py,70,_parse_money,O(1),O(1),-,per-request,optimal,Regex sub over a short bounded money field.
tools/harness/ytd_compounding_replay.py,83,_parse_qty,O(1),O(1),-,per-request,optimal,
tools/harness/ytd_compounding_replay.py,103,parse_coinbase_csv,O(R),O(R),R = rows in the Coinbase CSV,rare,optimal,One DictReader pass; strptime per kept row is the constant-factor hotspot.
tools/harness/ytd_compounding_replay.py,155,replay_asset,O(T),O(T),T = trades for one asset,rare,optimal,The inner FIFO while-loop is amortised O(1) per trade: every iteration either pops a sell or exhausts the buy.
tools/harness/ytd_compounding_replay.py,243,analyze,O(T log T),O(T),T = total trades across all assets,rare,optimal,Per-asset sort by timestamp dominates; the six summary sums are separate O(A) passes over the results list.
tools/harness/ytd_compounding_replay.py,308,main,O(T log T),O(T),T = total trades in the CSV,rare,optimal,Cost is analyze(); the JSON dumps are O(T) over the per-asset event records.
tools/migrate_stone_tablets.py,39,_derive_exchange_id,O(m),O(m),len(source_str),rare,optimal,Up to three substring searches over the lowercased copy.
tools/migrate_stone_tablets.py,50,_convert_candles_sec_to_ms,O(n),O(n),len(rows) — candles in one tablet,rare,optimal,Builds an entirely new list of new 6-element lists; the source list stays alive alongside it.
tools/migrate_stone_tablets.py,70,_bucket_by_year,O(n),O(n),len(rows) — candles in one tablet,rare,optimal,Constructs a tz-aware datetime per candle — that allocation dominates the bucketing itself.
tools/migrate_stone_tablets.py,80,main,O(T*n),O(n),T tablets x n candles per tablet,rare,optimal,"Peak memory holds three copies of the largest tablet: raw JSON rows, converted rows, year buckets."
tools/purge_orphan_reservations.py,60,_load_live_bot_ids,O(F),O(F),bytes in bot_state.json,startup,optimal,parses the whole bot_state file to read one key's names
tools/purge_orphan_reservations.py,69,main,O(R),O(R),R = reservations in reservation_state.json (~16.5k),rare,O(R) single pass,"reservations walked twice to build keep/drop; file content held ~4x concurrently (parsed data, both partitions, quarantine JSON, verify re-read)"
tools/quarantine_sim_contamination.py,64,_load_live_bot_ids,O(Z),O(Z),bytes in bot_state.json,startup,optimal,"Returns a set, which is what makes the per-row _is_contaminated check O(1)."
tools/quarantine_sim_contamination.py,73,_is_contaminated,O(1),O(1),-,rare,optimal,"Membership test is against a set, not a list; called once per trade.log row in each of two passes."
tools/quarantine_sim_contamination.py,80,main,O(R),O(R),rows in trade.log,rare,optimal,"Whole log held in memory as keep/quarantine lists, then ""\n"".join builds a second full copy; log is re-read to verify."
